{"credit":"by Damfler","display":{"firstperson_lefthand":{"rotation":[15,-2,-5],"translation":[0.5,-9,-4]},"firstperson_righthand":{"rotation":[15,35,-5],"translation":[0.5,-9,-4]},"fixed":{"rotation":[-90,0,0],"scale":[2,2,2],"translation":[0,0,-17.25]},"ground":{"rotation":[-90,-180,0]},"gui":{"rotation":[0,44.75,42.25],"scale":[0.60742,0.60742,-0.60742],"translation":[0,-2.5,0]},"head":{"rotation":[0,0,-53],"scale":[-1.6,1.6,1.6],"translation":[-2.25,-15,4.5]},"thirdperson_lefthand":{"scale":[-1.3,1.3,1.3],"translation":[0,-5,2.75]},"thirdperson_righthand":{"scale":[1.3,1.3,1.3],"translation":[0,-5,2.75]}},"elements":[{"faces":{"down":{"texture":"#1","uv":[16,11,12,11.5]},"east":{"texture":"#1","uv":[12.5,11,12,11.5]},"north":{"texture":"#1","uv":[12,14.5,16,15]},"south":{"texture":"#1","uv":[9,8,8,9]},"up":{"texture":"#1","uv":[16,8,12,8.5]},"west":{"texture":"#1","uv":[12.5,11,12,11.5]}},"from":[6.60312,23.175,6.03119],"name":"skel","rotation":{"angle":22.5,"axis":"x","origin":[8.00669,23.49455,7.11502]},"to":[9.40312,23.525,6.38119]},{"faces":{"down":{"texture":"#1","uv":[16,11,12,11.5]},"east":{"texture":"#1","uv":[12.5,8,12,9.5]},"north":{"texture":"#1","uv":[12,12,16,13.5]},"south":{"texture":"#1","uv":[12,8,8,9.5]},"up":{"texture":"#1","uv":[16,8,12,8.5]},"west":{"texture":"#1","uv":[12.5,8,12,9.5]}},"from":[6.60312,24.225,6.03119],"name":"skel","rotation":{"angle":22.5,"axis":"x","origin":[8.00669,23.49455,7.11502]},"to":[9.40312,25.275,6.38119]},{"faces":{"down":{"texture":"#1","uv":[12.5,11,12,11.5]},"east":{"texture":"#1","uv":[12.5,9.5,12,10.5]},"north":{"texture":"#1","uv":[15.5,13.5,16,14.5]},"south":{"texture":"#1","uv":[9,8,8,9]},"up":{"texture":"#1","uv":[12.5,8,12,8.5]},"west":{"texture":"#1","uv":[12.5,9.5,12,10.5]}},"from":[6.60312,23.525,6.03119],"name":"skel","rotation":{"angle":22.5,"axis":"x","origin":[8.00669,23.49455,7.11502]},"to":[6.95312,24.225,6.38119]},{"faces":{"down":{"texture":"#1","uv":[12.5,11,12,11.5]},"east":{"texture":"#1","uv":[12.5,9.5,12,10.5]},"north":{"texture":"#1","uv":[12,13.5,12.5,14.5]},"south":{"texture":"#1","uv":[9,8,8,9]},"up":{"texture":"#1","uv":[12.5,8,12,8.5]},"west":{"texture":"#1","uv":[12.5,9.5,12,10.5]}},"from":[9.05313,23.525,6.03119],"name":"skel","rotation":{"angle":22.5,"axis":"x","origin":[8.00669,23.49455,7.11502]},"to":[9.40312,24.225,6.38119]},{"faces":{"down":{"texture":"#1","uv":[13,11,12,11.5]},"east":{"texture":"#1","uv":[12.5,9.5,12,10.5]},"north":{"texture":"#1","uv":[13.5,13.5,14.5,14.5]},"south":{"texture":"#1","uv":[9,8,8,9]},"up":{"texture":"#1","uv":[13,8,12,8.5]},"west":{"texture":"#1","uv":[12.5,9.5,12,10.5]}},"from":[7.65312,23.525,6.03119],"name":"skel","rotation":{"angle":22.5,"axis":"x","origin":[8.00669,23.49455,7.11502]},"to":[8.35312,24.225,6.38119]},{"faces":{"down":{"texture":"#1","uv":[14,15.5,16,16]},"east":{"texture":"#1","uv":[14,15,14.5,16]},"north":{"texture":"#1","uv":[14,15,16,15.5]},"south":{"texture":"#1","uv":[10,15,12,15.5]},"up":{"texture":"#1","uv":[14,15.5,16,16]},"west":{"texture":"#1","uv":[14.5,15,15,16]}},"from":[7.30312,22.825,6.13119],"name":"skel","rotation":{"angle":22.5,"axis":"x","origin":[8.00669,23.49455,7.11502]},"to":[8.70312,23.175,6.38119]},{"faces":{"down":{"texture":"#2","uv":[15,15,16,16]},"east":{"texture":"#2","uv":[15,15,16,16]},"north":{"texture":"#2","uv":[0,0,16,16]},"south":{"texture":"#2","uv":[16,0,0,16]},"up":{"texture":"#2","uv":[15,15,16,16]},"west":{"texture":"#2","uv":[15,15,16,16]}},"from":[6.95312,21.75101,6.97082],"name":"skel","rotation":{"angle":0,"axis":"x","origin":[7.90669,23.49455,7.11502]},"to":[8.95312,23.75101,6.97082]},{"faces":{"down":{"texture":"#2","uv":[15,15,16,16]},"east":{"texture":"#2","uv":[15,15,16,16]},"north":{"texture":"#2","uv":[0,0,16,16]},"south":{"texture":"#2","uv":[16,0,0,16]},"up":{"texture":"#2","uv":[15,15,16,16]},"west":{"texture":"#2","uv":[15,15,16,16]}},"from":[6.20312,21.00101,5.47082],"name":"skel","rotation":{"angle":-45,"axis":"z","origin":[7.95312,22.75101,5.47082]},"to":[9.70312,24.50101,5.47082]},{"faces":{"down":{"texture":"#1","uv":[14,15.5,16,16]},"east":{"texture":"#1","uv":[14,15,14.5,16]},"north":{"texture":"#1","uv":[14,15,16,15.5]},"south":{"texture":"#1","uv":[10,15,12,16]},"up":{"texture":"#1","uv":[14,15.5,16,16]},"west":{"texture":"#1","uv":[14.5,15,15,16]}},"from":[7.30312,21.37216,5.76337],"name":"skel","rotation":{"angle":-22.5,"axis":"x","origin":[8.00669,23.49455,7.11502]},"to":[8.70312,21.72216,6.01337]},{"faces":{"down":{"rotation":180,"texture":"#1","uv":[12.5,13,15,13.5]},"east":{"rotation":90,"texture":"#1","uv":[13,12,16,12.5]},"north":{"rotation":270,"texture":"#1","uv":[8.5,9.5,11.5,12]},"south":{"rotation":270,"texture":"#1","uv":[12.5,9.5,15.35,12.2]},"up":{"texture":"#1","uv":[12.5,9.5,15.2,9.95]},"west":{"rotation":270,"texture":"#1","uv":[13,12,16,12.5]}},"from":[6.65312,22.45551,8.47204],"name":"skel","rotation":{"angle":45,"axis":"x","origin":[8.00669,23.49455,7.11502]},"to":[9.35312,24.20551,8.92204]},{"faces":{"down":{"rotation":180,"texture":"#1","uv":[12.5,13,14.2,13.45]},"east":{"rotation":90,"texture":"#1","uv":[13,12,14.1,12.45]},"north":{"rotation":270,"texture":"#1","uv":[8.5,9.5,9.6,11.2]},"south":{"rotation":270,"texture":"#1","uv":[12.5,9.5,13.6,11.2]},"up":{"texture":"#1","uv":[12.5,9.5,14.2,9.95]},"west":{"rotation":270,"texture":"#1","uv":[13,12,14.1,12.45]}},"from":[7.15312,21.35551,8.47204],"name":"skel","rotation":{"angle":45,"axis":"x","origin":[8.00669,23.49455,7.11502]},"to":[8.85312,22.45551,8.92204]},{"faces":{"down":{"texture":"#1","uv":[12.5,11,12,14]},"east":{"texture":"#1","uv":[11.5,8,8.5,11]},"north":{"texture":"#1","uv":[0,0,0.5,3]},"south":{"texture":"#1","uv":[12.5,8,12,11]},"up":{"texture":"#1","uv":[12.5,8,12,11]},"west":{"texture":"#1","uv":[15.5,8.5,12.5,11.5]}},"from":[6.60312,23.175,6.38119],"name":"skel","rotation":{"angle":22.5,"axis":"x","origin":[8.00669,23.49455,7.11502]},"to":[6.95312,25.275,8.48119]},{"faces":{"down":{"texture":"#1","uv":[12.5,11,12,14]},"east":{"texture":"#1","uv":[15.5,8,12.5,11]},"north":{"texture":"#1","uv":[0,0,0.5,3]},"south":{"texture":"#1","uv":[12.5,8,12,11]},"up":{"texture":"#1","uv":[12.5,8,12,11]},"west":{"texture":"#1","uv":[11,8,8,11]}},"from":[9.05313,23.175,6.38119],"name":"skel","rotation":{"angle":22.5,"axis":"x","origin":[8.00669,23.49455,7.11502]},"to":[9.40312,25.275,8.48119]},{"faces":{"down":{"texture":"#1","uv":[16,11,12,11.5]},"east":{"texture":"#1","uv":[16,8,15.5,11]},"north":{"texture":"#1","uv":[8,9,12,12]},"south":{"texture":"#1","uv":[16,8,12,11]},"up":{"texture":"#1","uv":[16,8,12,8.5]},"west":{"texture":"#1","uv":[16,8,15.5,11]}},"from":[6.60312,23.175,8.48119],"name":"skel","rotation":{"angle":22.5,"axis":"x","origin":[8.00669,23.49455,7.11502]},"to":[9.40312,25.275,8.83119]},{"faces":{"down":{"texture":"#1","uv":[11.5,9,8.5,12.5]},"east":{"texture":"#1","uv":[15.5,8,12,8.75]},"north":{"texture":"#1","uv":[12.5,11.5,15.5,12.25]},"south":{"texture":"#1","uv":[15,8,12,8.75]},"up":{"texture":"#1","uv":[12.5,8,15.5,11.5]},"west":{"texture":"#1","uv":[15.5,8,12,8.75]}},"from":[6.95312,25.1,6.20619],"name":"skel","rotation":{"angle":22.5,"axis":"x","origin":[8.00669,23.49455,7.11502]},"to":[9.05313,25.625,8.65619]},{"faces":{"down":{"texture":"#1","uv":[0,0,1,1]},"east":{"texture":"#1","uv":[0,0,1,16]},"north":{"texture":"#1","uv":[1,0,0,16]},"south":{"texture":"#1","uv":[1,0,0,16]},"up":{"texture":"#1","uv":[0,0,1,1]},"west":{"texture":"#1","uv":[0,0,1,16]}},"from":[7.60312,1.5,6.4815],"rotation":{"angle":0,"axis":"y","origin":[15.60312,3,14.4815]},"to":[8.60312,18,7.4815]},{"faces":{"down":{"rotation":270,"texture":"#1","uv":[14.5,3.5,16,5]},"east":{"texture":"#1","uv":[14.5,0,16,3.5]},"north":{"texture":"#1","uv":[16,0,14.5,3.5]},"south":{"texture":"#1","uv":[16,0,14.5,3.5]},"up":{"rotation":90,"texture":"#1","uv":[14.5,3.5,16,5]},"west":{"texture":"#1","uv":[14.5,0,16,3.5]}},"from":[7.35312,13.5,6.2315],"rotation":{"angle":0,"axis":"y","origin":[15.60312,3,14.4815]},"to":[8.85312,17,7.7315]},{"faces":{"down":{"rotation":270,"texture":"#1","uv":[0,0,0.5,0.5]},"east":{"texture":"#1","uv":[0,0,0.5,3.5]},"north":{"texture":"#1","uv":[0,0,0.5,3.5]},"south":{"texture":"#1","uv":[0,0,0.5,3.5]},"up":{"rotation":90,"texture":"#1","uv":[0,0,0.5,0.5]},"west":{"texture":"#1","uv":[0,0,0.5,3.5]}},"from":[7.85312,-1.96246,6.79278],"rotation":{"angle":0,"axis":"z","origin":[8.10312,-0.21246,7.04278]},"to":[8.35312,1.53754,7.29278]},{"faces":{"down":{"rotation":270,"texture":"#1","uv":[14.5,3.5,16,5]},"east":{"texture":"#1","uv":[14.5,2,16,2.5]},"north":{"texture":"#1","uv":[14.5,2,16,2.5]},"south":{"texture":"#1","uv":[14.5,2,16,2.5]},"up":{"rotation":90,"texture":"#1","uv":[14.5,3.5,16,5]},"west":{"texture":"#1","uv":[14.5,2,16,2.5]}},"from":[7.35312,1.03754,6.29278],"rotation":{"angle":0,"axis":"x","origin":[8.10312,1.28754,7.04278]},"to":[8.85312,1.53754,7.79278]},{"faces":{"down":{"rotation":270,"texture":"#1","uv":[14.5,3.5,16,5]},"east":{"texture":"#1","uv":[14.5,2,16,2.5]},"north":{"texture":"#1","uv":[14.5,2,16,2.5]},"south":{"texture":"#1","uv":[14.5,2,16,2.5]},"up":{"rotation":90,"texture":"#1","uv":[14.5,3.5,16,5]},"west":{"texture":"#1","uv":[14.5,2,16,2.5]}},"from":[7.35312,0.03754,6.29278],"rotation":{"angle":22.5,"axis":"z","origin":[8.10312,0.28754,7.04278]},"to":[8.85312,0.53754,7.79278]},{"faces":{"down":{"rotation":270,"texture":"#1","uv":[14.5,3.5,16,5]},"east":{"texture":"#1","uv":[14.5,2,16,2.5]},"north":{"texture":"#1","uv":[14.5,2,16,2.5]},"south":{"texture":"#1","uv":[14.5,2,16,2.5]},"up":{"rotation":90,"texture":"#1","uv":[14.5,3.5,16,5]},"west":{"texture":"#1","uv":[14.5,2,16,2.5]}},"from":[7.35312,-0.96246,6.29278],"rotation":{"angle":0,"axis":"x","origin":[8.10312,-0.71246,7.04278]},"to":[8.85312,-0.46246,7.79278]},{"faces":{"down":{"rotation":180,"texture":"#1","uv":[14.5,3.5,16,5]},"east":{"texture":"#1","uv":[14.5,3,16,3.5]},"north":{"texture":"#1","uv":[14.5,3,16,3.5]},"south":{"texture":"#1","uv":[14.5,3,16,3.5]},"up":{"texture":"#1","uv":[14.5,3.5,16,5]},"west":{"texture":"#1","uv":[14.5,3,16,3.5]}},"from":[7.35312,12.5,6.2315],"rotation":{"angle":0,"axis":"y","origin":[15.60312,-1,14.4815]},"to":[8.85312,13,7.7315]},{"faces":{"down":{"rotation":270,"texture":"#1","uv":[1,0,2,1.5]},"east":{"rotation":180,"texture":"#1","uv":[1,0,2,2.5]},"north":{"texture":"#1","uv":[2.5,0,4,2.5]},"south":{"texture":"#1","uv":[2.5,0,4,2.5]},"up":{"rotation":90,"texture":"#1","uv":[1,0,2,1.5]},"west":{"texture":"#1","uv":[1,0,2,2.5]}},"from":[7.35312,17.28033,7.21894],"rotation":{"angle":45,"axis":"x","origin":[8.35312,18.53033,7.71894]},"to":[8.85312,19.78033,8.21894]},{"faces":{"down":{"rotation":270,"texture":"#1","uv":[0,0,0.5,2]},"east":{"texture":"#1","uv":[0,0,0.5,2]},"north":{"texture":"#1","uv":[0,0,0.5,2]},"south":{"texture":"#1","uv":[0,0,0.5,2]},"up":{"rotation":90,"texture":"#1","uv":[0,0,0.5,2]},"west":{"texture":"#1","uv":[1,0,1.5,2]}},"from":[6.85312,18.17383,7.16894],"name":"a1","rotation":{"angle":-45,"axis":"x","origin":[7.37812,18.18388,7.41894]},"to":[7.35312,20.17383,7.66894]},{"faces":{"down":{"rotation":270,"texture":"#1","uv":[0,0,0.5,2]},"east":{"texture":"#1","uv":[0,0,0.5,2]},"north":{"texture":"#1","uv":[0,0,0.5,2]},"south":{"texture":"#1","uv":[0,0,0.5,2]},"up":{"rotation":90,"texture":"#1","uv":[0,0,0.5,2]},"west":{"texture":"#1","uv":[1,0,1.5,2]}},"from":[6.85312,19.40923,5.83732],"name":"a1","rotation":{"angle":22.5,"axis":"x","origin":[7.10312,19.41742,5.84871]},"to":[7.35312,21.40923,6.33732]},{"faces":{"down":{"rotation":270,"texture":"#1","uv":[1,0,1.5,0.5]},"east":{"texture":"#1","uv":[1,0,1.5,3]},"north":{"texture":"#1","uv":[1,0,1.5,3]},"south":{"texture":"#1","uv":[1,0,1.5,3]},"up":{"rotation":90,"texture":"#1","uv":[1,0,1.5,0.5]},"west":{"texture":"#1","uv":[1,0,1.5,3]}},"from":[7.35312,19.58805,8.18315],"name":"a2","rotation":{"angle":45,"axis":"x","origin":[7.32812,19.5981,8.43315]},"to":[7.85312,22.58805,8.68315]},{"faces":{"down":{"rotation":270,"texture":"#1","uv":[1,0,1.5,0.5]},"east":{"texture":"#1","uv":[1,0,1.5,3]},"north":{"texture":"#1","uv":[1,0,1.5,3]},"south":{"texture":"#1","uv":[1,0,1.5,3]},"up":{"rotation":90,"texture":"#1","uv":[1,0,1.5,0.5]},"west":{"texture":"#1","uv":[1,0,1.5,3]}},"from":[7.35312,21.53553,10.22414],"name":"a2","rotation":{"angle":0,"axis":"z","origin":[7.60312,21.54372,10.71276]},"to":[7.85312,24.53553,10.72414]},{"faces":{"down":{"rotation":270,"texture":"#1","uv":[1,0,1.5,0.5]},"east":{"texture":"#1","uv":[1,0,1.5,2.5]},"north":{"texture":"#1","uv":[1,0,1.5,2.5]},"south":{"texture":"#1","uv":[1,0,1.5,2.5]},"up":{"rotation":90,"texture":"#1","uv":[1,0,1.5,0.5]},"west":{"texture":"#1","uv":[1,0,1.5,2.5]}},"from":[7.35312,24.53055,10.22188],"name":"a2","rotation":{"angle":-22.5,"axis":"x","origin":[7.60312,24.53874,10.71049]},"to":[7.85312,27.03055,10.72188]},{"faces":{"down":{"texture":"#1","uv":[1,0,1.5,3]},"east":{"rotation":270,"texture":"#1","uv":[1,0,1.5,3]},"north":{"rotation":90,"texture":"#1","uv":[1,0,1.5,0.5]},"south":{"rotation":90,"texture":"#1","uv":[1,0,1.5,0.5]},"up":{"rotation":180,"texture":"#1","uv":[1,0,1.5,3]},"west":{"rotation":90,"texture":"#1","uv":[1,0,1.5,3]}},"from":[7.85312,19.29064,8.34418],"name":"a3","rotation":{"angle":-22.5,"axis":"x","origin":[7.82812,19.54064,8.35423]},"to":[8.35312,19.79064,11.34418]},{"faces":{"down":{"rotation":90,"texture":"#1","uv":[1,0,1.5,0.5]},"east":{"texture":"#1","uv":[1,0,1.5,3]},"north":{"rotation":90,"texture":"#1","uv":[1,0,4,0.5]},"south":{"rotation":90,"texture":"#1","uv":[1,0,4,0.5]},"up":{"rotation":180,"texture":"#1","uv":[1,0,1.5,0.5]},"west":{"rotation":90,"texture":"#1","uv":[1,0,4,0.5]}},"from":[7.85312,20.45761,10.71625],"name":"a3","rotation":{"angle":22.5,"axis":"x","origin":[8.10312,20.4658,11.20487]},"to":[8.35312,23.45761,11.21625]},{"faces":{"down":{"rotation":90,"texture":"#1","uv":[1,0,1.5,0.5]},"east":{"texture":"#1","uv":[1,0,1.5,2.5]},"north":{"rotation":90,"texture":"#1","uv":[1,0,3.5,0.5]},"south":{"rotation":90,"texture":"#1","uv":[1,0,3.5,0.5]},"up":{"rotation":180,"texture":"#1","uv":[1,0,1.5,0.5]},"west":{"rotation":90,"texture":"#1","uv":[1,0,3.5,0.5]}},"from":[7.85312,23.22054,11.85803],"name":"a3","rotation":{"angle":-22.5,"axis":"x","origin":[8.10312,23.22872,12.34665]},"to":[8.35312,25.72054,12.35803]},{"faces":{"down":{"rotation":270,"texture":"#1","uv":[1,0,4,0.5]},"east":{"rotation":270,"texture":"#1","uv":[1,0,1.5,3]},"north":{"texture":"#1","uv":[1,0,1.5,0.5]},"south":{"texture":"#1","uv":[1,0,1.5,0.5]},"up":{"rotation":90,"texture":"#1","uv":[1,0,4,0.5]},"west":{"texture":"#1","uv":[1,0,4,0.5]}},"from":[8.35312,19.26777,8.24927],"name":"a4","rotation":{"angle":0,"axis":"z","origin":[8.32812,19.51777,8.25932]},"to":[8.85312,19.76777,11.24927]},{"faces":{"down":{"rotation":270,"texture":"#1","uv":[1,0,1.5,0.5]},"east":{"texture":"#1","uv":[1,0,1.5,3]},"north":{"texture":"#1","uv":[1,0,1.5,3]},"south":{"texture":"#1","uv":[1,0,1.5,3]},"up":{"rotation":90,"texture":"#1","uv":[1,0,1.5,0.5]},"west":{"texture":"#1","uv":[1,0,1.5,3]}},"from":[8.35312,19.27342,10.7584],"name":"a4","rotation":{"angle":45,"axis":"x","origin":[8.60312,19.28161,11.24701]},"to":[8.85312,22.27342,11.2584]},{"faces":{"down":{"rotation":270,"texture":"#1","uv":[1,0,1.5,0.5]},"east":{"texture":"#1","uv":[1,0,1.5,2.5]},"north":{"texture":"#1","uv":[1,0,1.5,2.5]},"south":{"texture":"#1","uv":[1,0,1.5,2.5]},"up":{"rotation":90,"texture":"#1","uv":[1,0,1.5,0.5]},"west":{"texture":"#1","uv":[1,0,1.5,2.5]}},"from":[8.35312,21.38909,12.87059],"name":"a4","rotation":{"angle":0,"axis":"z","origin":[8.60312,21.39728,13.3592]},"to":[8.85312,23.88909,13.37059]}],"groups":[{"children":[0,1,2,3,4,5,6,7,8,9,10,11,12,13,14],"name":"skel","origin":[16,12,15]},{"children":[15,16,17,18,19,20,21,22,{"children":[23,24],"name":"a1","origin":[7.53492,19.41742,9]},{"children":[25,26,27],"name":"a2","origin":[12.3967,24.53874,8.5]},{"children":[28,29,30],"name":"a3","origin":[12.3967,24.53874,8]},{"children":[31,32,33],"name":"a4","origin":[12.3967,24.53874,7.5]}],"name":"group","origin":[15.25,-17.75,11.75]}],"textures":{"1":"summoner_staff/summoner_staff","2":"staff_effects/staff_effect_charged_skull","particle":"staff_effects/staff_effect_charged_skull"}}