{"credit":"by Damfler","display":{"firstperson_lefthand":{"rotation":[0,-180,0],"translation":[0.5,-5.25,0]},"firstperson_righthand":{"translation":[0.5,-5.25,0]},"fixed":{"rotation":[-90,0,0],"scale":[3,3,3],"translation":[-2,-0.5,-28.5]},"ground":{"rotation":[-90,-180,0]},"gui":{"rotation":[0,44.75,42.25],"scale":[0.60742,0.60742,-0.60742],"translation":[0,-3.25,0]},"head":{"rotation":[0,0,-53],"scale":[-1.6,1.6,1.6],"translation":[-2.25,-15,4.5]},"thirdperson_lefthand":{"rotation":[0,-180,0],"scale":[1.3,1.3,1.3],"translation":[-1,-5,1.25]},"thirdperson_righthand":{"scale":[1.3,1.3,1.3],"translation":[-1,-5,1.25]}},"elements":[{"faces":{"down":{"rotation":90,"texture":"#1","uv":[16,11,12,11.5]},"east":{"texture":"#1","uv":[9,8,8,9]},"north":{"texture":"#1","uv":[12.5,11,12,11.5]},"south":{"texture":"#1","uv":[12.5,11,12,11.5]},"up":{"rotation":270,"texture":"#1","uv":[16,8,12,8.5]},"west":{"texture":"#1","uv":[12,14.5,16,15]}},"from":[8.4674,22.675,6.7],"name":"skel","rotation":{"angle":0,"axis":"y","origin":[9.78621,23.51448,8.1]},"to":[8.8174,23.025,9.5]},{"faces":{"down":{"rotation":90,"texture":"#1","uv":[16,11,12,11.5]},"east":{"texture":"#1","uv":[12,8,8,9.5]},"north":{"texture":"#1","uv":[12.5,8,12,9.5]},"south":{"texture":"#1","uv":[12.5,8,12,9.5]},"up":{"rotation":270,"texture":"#1","uv":[16,8,12,8.5]},"west":{"texture":"#1","uv":[12,12,16,13.5]}},"from":[8.4674,23.725,6.7],"name":"skel","rotation":{"angle":0,"axis":"y","origin":[9.78621,23.51448,8.1]},"to":[8.8174,24.775,9.5]},{"faces":{"down":{"rotation":90,"texture":"#1","uv":[12.5,11,12,11.5]},"east":{"texture":"#1","uv":[9,8,8,9]},"north":{"texture":"#1","uv":[12.5,9.5,12,10.5]},"south":{"texture":"#1","uv":[12.5,9.5,12,10.5]},"up":{"rotation":270,"texture":"#1","uv":[12.5,8,12,8.5]},"west":{"texture":"#1","uv":[15.5,13.5,16,14.5]}},"from":[8.4674,23.025,9.15],"name":"skel","rotation":{"angle":0,"axis":"y","origin":[9.78621,23.51448,8.1]},"to":[8.8174,23.725,9.5]},{"faces":{"down":{"rotation":90,"texture":"#1","uv":[12.5,11,12,11.5]},"east":{"texture":"#1","uv":[9,8,8,9]},"north":{"texture":"#1","uv":[12.5,9.5,12,10.5]},"south":{"texture":"#1","uv":[12.5,9.5,12,10.5]},"up":{"rotation":270,"texture":"#1","uv":[12.5,8,12,8.5]},"west":{"texture":"#1","uv":[12,13.5,12.5,14.5]}},"from":[8.4674,23.025,6.7],"name":"skel","rotation":{"angle":0,"axis":"y","origin":[9.78621,23.51448,8.1]},"to":[8.8174,23.725,7.05]},{"faces":{"down":{"rotation":90,"texture":"#1","uv":[13,11,12,11.5]},"east":{"texture":"#1","uv":[9,8,8,9]},"north":{"texture":"#1","uv":[12.5,9.5,12,10.5]},"south":{"texture":"#1","uv":[12.5,9.5,12,10.5]},"up":{"rotation":270,"texture":"#1","uv":[13,8,12,8.5]},"west":{"texture":"#1","uv":[13.5,13.5,14.5,14.5]}},"from":[8.4674,23.025,7.75],"name":"skel","rotation":{"angle":0,"axis":"y","origin":[9.78621,23.51448,8.1]},"to":[8.8174,23.725,8.45]},{"faces":{"down":{"rotation":90,"texture":"#1","uv":[14,15.5,16,16]},"east":{"texture":"#1","uv":[10,15,12,15.5]},"north":{"texture":"#1","uv":[14,15,14.5,16]},"south":{"texture":"#1","uv":[14.5,15,15,16]},"up":{"rotation":270,"texture":"#1","uv":[14,15.5,16,16]},"west":{"texture":"#1","uv":[14,15,16,15.5]}},"from":[8.5674,22.325,7.4],"name":"skel","rotation":{"angle":0,"axis":"y","origin":[9.78621,23.51448,8.1]},"to":[8.8174,22.675,8.8]},{"faces":{"down":{"rotation":90,"texture":"#1","uv":[14,15.5,16,16]},"east":{"texture":"#1","uv":[10,15,12,16]},"north":{"texture":"#1","uv":[14,15,14.5,16]},"south":{"texture":"#1","uv":[14.5,15,15,16]},"up":{"rotation":270,"texture":"#1","uv":[14,15.5,16,16]},"west":{"texture":"#1","uv":[14,15,16,15.5]}},"from":[8.5674,21.95,7.4],"name":"skel","rotation":{"angle":0,"axis":"y","origin":[9.78621,23.51448,8.1]},"to":[8.8174,22.3,8.8]},{"faces":{"down":{"texture":"#1","uv":[12.5,9.5,15.35,12.2]},"east":{"texture":"#1","uv":[12.5,9.5,15.2,9.95]},"north":{"texture":"#1","uv":[13,12,16,12.5]},"south":{"texture":"#1","uv":[13,12,16,12.5]},"up":{"texture":"#1","uv":[8.5,9.5,11.5,12]},"west":{"texture":"#1","uv":[12.5,13,15,13.5]}},"from":[9.0834,22.17207,6.75],"name":"skel","rotation":{"angle":22.5,"axis":"z","origin":[9.78621,23.51448,8.1]},"to":[10.8334,22.62207,9.45]},{"faces":{"down":{"texture":"#1","uv":[12.5,9.5,13.6,11.2]},"east":{"texture":"#1","uv":[12.5,9.5,14.2,9.95]},"north":{"texture":"#1","uv":[13,12,14.1,12.45]},"south":{"texture":"#1","uv":[13,12,14.1,12.45]},"up":{"texture":"#1","uv":[8.5,9.5,9.6,11.2]},"west":{"texture":"#1","uv":[12.5,13,14.2,13.45]}},"from":[7.9834,22.17207,7.25],"name":"skel","rotation":{"angle":22.5,"axis":"z","origin":[9.78621,23.51448,8.1]},"to":[9.0834,22.62207,8.95]},{"faces":{"down":{"rotation":90,"texture":"#1","uv":[12.5,11,12,14]},"east":{"texture":"#1","uv":[12.5,8,12,11]},"north":{"texture":"#1","uv":[11.5,8,8.5,11]},"south":{"texture":"#1","uv":[15.5,8.5,12.5,11.5]},"up":{"rotation":270,"texture":"#1","uv":[12.5,8,12,11]},"west":{"texture":"#1","uv":[0,0,0.5,3]}},"from":[8.8174,22.675,9.15],"name":"skel","rotation":{"angle":0,"axis":"y","origin":[9.78621,23.51448,8.1]},"to":[10.9174,24.775,9.5]},{"faces":{"down":{"rotation":90,"texture":"#1","uv":[12.5,11,12,14]},"east":{"texture":"#1","uv":[12.5,8,12,11]},"north":{"texture":"#1","uv":[15.5,8,12.5,11]},"south":{"texture":"#1","uv":[11,8,8,11]},"up":{"rotation":270,"texture":"#1","uv":[12.5,8,12,11]},"west":{"texture":"#1","uv":[0,0,0.5,3]}},"from":[8.8174,22.675,6.7],"name":"skel","rotation":{"angle":0,"axis":"y","origin":[9.78621,23.51448,8.1]},"to":[10.9174,24.775,7.05]},{"faces":{"down":{"rotation":90,"texture":"#1","uv":[16,11,12,11.5]},"east":{"texture":"#1","uv":[16,8,12,11]},"north":{"texture":"#1","uv":[16,8,15.5,11]},"south":{"texture":"#1","uv":[16,8,15.5,11]},"up":{"rotation":270,"texture":"#1","uv":[16,8,12,8.5]},"west":{"texture":"#1","uv":[8,9,12,12]}},"from":[10.9174,22.675,6.7],"name":"skel","rotation":{"angle":0,"axis":"y","origin":[9.78621,23.51448,8.1]},"to":[11.2674,24.775,9.5]},{"faces":{"down":{"rotation":90,"texture":"#1","uv":[11.5,9,8.5,12.5]},"east":{"texture":"#1","uv":[15,8,12,8.75]},"north":{"texture":"#1","uv":[15.5,8,12,8.75]},"south":{"texture":"#1","uv":[15.5,8,12,8.75]},"up":{"rotation":270,"texture":"#1","uv":[12.5,8,15.5,11.5]},"west":{"texture":"#1","uv":[12.5,11.5,15.5,12.25]}},"from":[8.6424,24.6,7.05],"name":"skel","rotation":{"angle":0,"axis":"y","origin":[9.78621,23.51448,8.1]},"to":[11.0924,25.125,9.15]},{"faces":{"down":{"rotation":90,"texture":"#1","uv":[0,0,1,1]},"east":{"texture":"#1","uv":[1,0,0,16]},"north":{"texture":"#1","uv":[0,0,1,16]},"south":{"texture":"#1","uv":[0,0,1,16]},"up":{"rotation":270,"texture":"#1","uv":[0,0,1,1]},"west":{"texture":"#1","uv":[1,0,0,16]}},"from":[8.16771,1.5,7.5],"rotation":{"angle":0,"axis":"y","origin":[16.16771,3,0.5]},"to":[9.16771,18,8.5]},{"faces":{"down":{"texture":"#1","uv":[14.5,3.5,16,5]},"east":{"texture":"#1","uv":[16,0,14.5,3.5]},"north":{"texture":"#1","uv":[14.5,0,16,3.5]},"south":{"texture":"#1","uv":[14.5,0,16,3.5]},"up":{"texture":"#1","uv":[14.5,3.5,16,5]},"west":{"texture":"#1","uv":[16,0,14.5,3.5]}},"from":[7.91771,13.5,7.25],"rotation":{"angle":0,"axis":"y","origin":[16.16771,3,0.5]},"to":[9.41771,17,8.75]},{"faces":{"down":{"texture":"#1","uv":[0,0,0.5,0.5]},"east":{"texture":"#1","uv":[0,0,0.5,3.5]},"north":{"texture":"#1","uv":[0,0,0.5,3.5]},"south":{"texture":"#1","uv":[0,0,0.5,3.5]},"up":{"texture":"#1","uv":[0,0,0.5,0.5]},"west":{"texture":"#1","uv":[0,0,0.5,3.5]}},"from":[8.47899,-1.96246,7.75],"rotation":{"angle":0,"axis":"z","origin":[8.72899,-0.21246,8]},"to":[8.97899,1.53754,8.25]},{"faces":{"down":{"texture":"#1","uv":[14.5,3.5,16,5]},"east":{"texture":"#1","uv":[14.5,2,16,2.5]},"north":{"texture":"#1","uv":[14.5,2,16,2.5]},"south":{"texture":"#1","uv":[14.5,2,16,2.5]},"up":{"texture":"#1","uv":[14.5,3.5,16,5]},"west":{"texture":"#1","uv":[14.5,2,16,2.5]}},"from":[7.97899,1.03754,7.25],"rotation":{"angle":0,"axis":"x","origin":[8.72899,1.28754,8]},"to":[9.47899,1.53754,8.75]},{"faces":{"down":{"texture":"#1","uv":[14.5,3.5,16,5]},"east":{"texture":"#1","uv":[14.5,2,16,2.5]},"north":{"texture":"#1","uv":[14.5,2,16,2.5]},"south":{"texture":"#1","uv":[14.5,2,16,2.5]},"up":{"texture":"#1","uv":[14.5,3.5,16,5]},"west":{"texture":"#1","uv":[14.5,2,16,2.5]}},"from":[7.97899,0.03754,7.25],"rotation":{"angle":22.5,"axis":"x","origin":[8.72899,0.28754,8]},"to":[9.47899,0.53754,8.75]},{"faces":{"down":{"texture":"#1","uv":[14.5,3.5,16,5]},"east":{"texture":"#1","uv":[14.5,2,16,2.5]},"north":{"texture":"#1","uv":[14.5,2,16,2.5]},"south":{"texture":"#1","uv":[14.5,2,16,2.5]},"up":{"texture":"#1","uv":[14.5,3.5,16,5]},"west":{"texture":"#1","uv":[14.5,2,16,2.5]}},"from":[7.97899,-0.96246,7.25],"rotation":{"angle":0,"axis":"x","origin":[8.72899,-0.71246,8]},"to":[9.47899,-0.46246,8.75]},{"faces":{"down":{"rotation":270,"texture":"#1","uv":[14.5,3.5,16,5]},"east":{"texture":"#1","uv":[14.5,3,16,3.5]},"north":{"texture":"#1","uv":[14.5,3,16,3.5]},"south":{"texture":"#1","uv":[14.5,3,16,3.5]},"up":{"rotation":270,"texture":"#1","uv":[14.5,3.5,16,5]},"west":{"texture":"#1","uv":[14.5,3,16,3.5]}},"from":[7.91771,12.5,7.25],"rotation":{"angle":0,"axis":"y","origin":[16.16771,-1,0.5]},"to":[9.41771,13,8.75]},{"faces":{"down":{"texture":"#1","uv":[1,0,2,1.5]},"east":{"texture":"#1","uv":[2.5,0,4,2.5]},"north":{"rotation":180,"texture":"#1","uv":[1,0,2,2.5]},"south":{"texture":"#1","uv":[1,0,2,2.5]},"up":{"texture":"#1","uv":[1,0,2,1.5]},"west":{"texture":"#1","uv":[2.5,0,4,2.5]}},"from":[8.90515,17.28033,7.25],"rotation":{"angle":-45,"axis":"z","origin":[9.40515,18.53033,7.75]},"to":[9.90515,19.78033,8.75]},{"faces":{"down":{"texture":"#1","uv":[0,0,0.5,2]},"east":{"texture":"#1","uv":[0,0,0.5,2]},"north":{"texture":"#1","uv":[0,0,0.5,2]},"south":{"texture":"#1","uv":[1,0,1.5,2]},"up":{"texture":"#1","uv":[0,0,0.5,2]},"west":{"texture":"#1","uv":[0,0,0.5,2]}},"from":[8.85515,18.17383,8.75],"name":"a1","rotation":{"angle":45,"axis":"z","origin":[9.10515,18.18388,8.725]},"to":[9.35515,20.17383,9.25]},{"faces":{"down":{"texture":"#1","uv":[0,0,0.5,2]},"east":{"texture":"#1","uv":[0,0,0.5,2]},"north":{"texture":"#1","uv":[0,0,0.5,2]},"south":{"texture":"#1","uv":[1,0,1.5,2]},"up":{"texture":"#1","uv":[0,0,0.5,2]},"west":{"texture":"#1","uv":[0,0,0.5,2]}},"from":[7.52353,19.40923,8.75],"name":"a1","rotation":{"angle":-22.5,"axis":"z","origin":[7.53492,19.41742,9]},"to":[8.02353,21.40923,9.25]},{"faces":{"down":{"texture":"#1","uv":[1,0,1.5,0.5]},"east":{"texture":"#1","uv":[1,0,1.5,3]},"north":{"texture":"#1","uv":[1,0,1.5,3]},"south":{"texture":"#1","uv":[1,0,1.5,3]},"up":{"texture":"#1","uv":[1,0,1.5,0.5]},"west":{"texture":"#1","uv":[1,0,1.5,3]}},"from":[9.86936,19.58805,8.25],"name":"a2","rotation":{"angle":-45,"axis":"z","origin":[10.11936,19.5981,8.775]},"to":[10.36936,22.58805,8.75]},{"faces":{"down":{"texture":"#1","uv":[1,0,1.5,0.5]},"east":{"texture":"#1","uv":[1,0,1.5,3]},"north":{"texture":"#1","uv":[1,0,1.5,3]},"south":{"texture":"#1","uv":[1,0,1.5,3]},"up":{"texture":"#1","uv":[1,0,1.5,0.5]},"west":{"texture":"#1","uv":[1,0,1.5,3]}},"from":[11.91035,21.53553,8.25],"name":"a2","rotation":{"angle":0,"axis":"z","origin":[12.39897,21.54372,8.5]},"to":[12.41035,24.53553,8.75]},{"faces":{"down":{"texture":"#1","uv":[1,0,1.5,0.5]},"east":{"texture":"#1","uv":[1,0,1.5,2.5]},"north":{"texture":"#1","uv":[1,0,1.5,2.5]},"south":{"texture":"#1","uv":[1,0,1.5,2.5]},"up":{"texture":"#1","uv":[1,0,1.5,0.5]},"west":{"texture":"#1","uv":[1,0,1.5,2.5]}},"from":[11.90809,24.53055,8.25],"name":"a2","rotation":{"angle":22.5,"axis":"z","origin":[12.3967,24.53874,8.5]},"to":[12.40809,27.03055,8.75]},{"faces":{"down":{"rotation":90,"texture":"#1","uv":[1,0,1.5,3]},"east":{"rotation":90,"texture":"#1","uv":[1,0,1.5,0.5]},"north":{"rotation":270,"texture":"#1","uv":[1,0,1.5,3]},"south":{"rotation":90,"texture":"#1","uv":[1,0,1.5,3]},"up":{"rotation":90,"texture":"#1","uv":[1,0,1.5,3]},"west":{"rotation":90,"texture":"#1","uv":[1,0,1.5,0.5]}},"from":[10.03039,19.29064,7.75],"name":"a3","rotation":{"angle":22.5,"axis":"z","origin":[10.04044,19.54064,8.275]},"to":[13.03039,19.79064,8.25]},{"faces":{"down":{"rotation":180,"texture":"#1","uv":[1,0,1.5,0.5]},"east":{"rotation":90,"texture":"#1","uv":[1,0,4,0.5]},"north":{"texture":"#1","uv":[1,0,1.5,3]},"south":{"rotation":90,"texture":"#1","uv":[1,0,4,0.5]},"up":{"rotation":90,"texture":"#1","uv":[1,0,1.5,0.5]},"west":{"rotation":90,"texture":"#1","uv":[1,0,4,0.5]}},"from":[12.40246,20.45761,7.75],"name":"a3","rotation":{"angle":-22.5,"axis":"z","origin":[12.89108,20.4658,8]},"to":[12.90246,23.45761,8.25]},{"faces":{"down":{"rotation":180,"texture":"#1","uv":[1,0,1.5,0.5]},"east":{"rotation":90,"texture":"#1","uv":[1,0,3.5,0.5]},"north":{"texture":"#1","uv":[1,0,1.5,2.5]},"south":{"rotation":90,"texture":"#1","uv":[1,0,3.5,0.5]},"up":{"rotation":90,"texture":"#1","uv":[1,0,1.5,0.5]},"west":{"rotation":90,"texture":"#1","uv":[1,0,3.5,0.5]}},"from":[13.54424,23.22054,7.75],"name":"a3","rotation":{"angle":22.5,"axis":"z","origin":[14.03286,23.22872,8]},"to":[14.04424,25.72054,8.25]},{"faces":{"down":{"texture":"#1","uv":[1,0,4,0.5]},"east":{"texture":"#1","uv":[1,0,1.5,0.5]},"north":{"rotation":270,"texture":"#1","uv":[1,0,1.5,3]},"south":{"texture":"#1","uv":[1,0,4,0.5]},"up":{"texture":"#1","uv":[1,0,4,0.5]},"west":{"texture":"#1","uv":[1,0,1.5,0.5]}},"from":[9.93548,19.26777,7.25],"name":"a4","rotation":{"angle":0,"axis":"z","origin":[9.94553,19.51777,7.775]},"to":[12.93548,19.76777,7.75]},{"faces":{"down":{"texture":"#1","uv":[1,0,1.5,0.5]},"east":{"texture":"#1","uv":[1,0,1.5,3]},"north":{"texture":"#1","uv":[1,0,1.5,3]},"south":{"texture":"#1","uv":[1,0,1.5,3]},"up":{"texture":"#1","uv":[1,0,1.5,0.5]},"west":{"texture":"#1","uv":[1,0,1.5,3]}},"from":[12.44461,19.27342,7.25],"name":"a4","rotation":{"angle":-45,"axis":"z","origin":[12.93322,19.28161,7.5]},"to":[12.94461,22.27342,7.75]},{"faces":{"down":{"texture":"#1","uv":[1,0,1.5,0.5]},"east":{"texture":"#1","uv":[1,0,1.5,2.5]},"north":{"texture":"#1","uv":[1,0,1.5,2.5]},"south":{"texture":"#1","uv":[1,0,1.5,2.5]},"up":{"texture":"#1","uv":[1,0,1.5,0.5]},"west":{"texture":"#1","uv":[1,0,1.5,2.5]}},"from":[14.5568,21.38909,7.25],"name":"a4","rotation":{"angle":0,"axis":"z","origin":[15.04541,21.39728,7.5]},"to":[15.0568,23.88909,7.75]}],"groups":[{"children":[0,1,2,3,4,5,6,7,8,9,10,11,12],"name":"skel","origin":[16,12,15]},{"children":[13,14,15,16,17,18,19,20,{"children":[21,22],"name":"a1","origin":[7.53492,19.41742,9]},{"children":[23,24,25],"name":"a2","origin":[12.3967,24.53874,8.5]},{"children":[26,27,28],"name":"a3","origin":[12.3967,24.53874,8]},{"children":[29,30,31],"name":"a4","origin":[12.3967,24.53874,7.5]}],"name":"group","origin":[15.25,-17.75,11.75]}],"textures":{"1":"summoner_staff/summoner_staff"}}