{"credit":"Made with Blockbench","display":{"firstperson_lefthand":{"rotation":[-10,168,-4],"translation":[-0.75,5,-8.5]},"firstperson_righthand":{"rotation":[-10,168,-4],"translation":[-0.75,5,-8.5]},"fixed":{"rotation":[-78,0,0],"scale":[1.19,1.19,1.19],"translation":[0,4.25,-6.5]},"ground":{"scale":[0.76,0.76,0.76],"translation":[0,2.25,0.75]},"gui":{"rotation":[10,168,1],"scale":[0.79,0.79,0.79],"translation":[0.25,1.75,0]},"head":{"scale":[1.25,1.25,1.25],"translation":[0.5,3,2.5]},"thirdperson_lefthand":{"rotation":[39,0,0],"scale":[0.68,0.68,0.68],"translation":[0.25,0,0]},"thirdperson_righthand":{"rotation":[39,0,0],"scale":[0.68,0.68,0.68],"translation":[1.25,0,0]}},"elements":[{"faces":{"down":{"texture":"#0","uv":[0,0,4,4]},"east":{"texture":"#0","uv":[0,4,4,8]},"north":{"texture":"#0","uv":[4,4,8,8]},"south":{"texture":"#0","uv":[12,4,16,8]},"up":{"texture":"#0","uv":[4,0,8,4]},"west":{"texture":"#0","uv":[8,4,12,8]}},"from":[2,0,0],"rotation":{"angle":0,"axis":"y","origin":[17,8,15]},"to":[13,11,12]},{"faces":{"down":{"texture":"#0","uv":[0,0,4,4]},"east":{"texture":"#0","uv":[0,7.5,4,11.5]},"north":{"texture":"#0","uv":[0,8,4,12]},"south":{"texture":"#0","uv":[4,4,8,8]},"up":{"texture":"#0","uv":[0,0,4,4]},"west":{"texture":"#0","uv":[8,7,12,11]}},"from":[2,0,0.01],"rotation":{"angle":0,"axis":"y","origin":[17,8,15]},"to":[13,11,0.01]},{"faces":{"down":{"texture":"#0","uv":[4,0,8,4]},"east":{"texture":"#0","uv":[0,0,4,4]},"north":{"texture":"#0","uv":[8.5,8,12.5,12]},"south":{"texture":"#0","uv":[12,7,16,11]},"up":{"texture":"#0","uv":[0,0,4,4]},"west":{"texture":"#0","uv":[8,7,12,11]}},"from":[2,10.99,0],"rotation":{"angle":0,"axis":"y","origin":[17,8,15]},"to":[13,10.99,12]},{"faces":{"down":{"texture":"#0","uv":[0,0,4,4]},"east":{"texture":"#0","uv":[0,7,4,11]},"north":{"texture":"#0","uv":[12,4,16,8]},"south":{"texture":"#0","uv":[12,7,16,11]},"up":{"texture":"#0","uv":[8.5,7.5,12.5,11.5]},"west":{"texture":"#0","uv":[8,7,12,11]}},"from":[2,0,11.99],"rotation":{"angle":0,"axis":"y","origin":[17,8,15]},"to":[13,11,11.99]},{"faces":{"down":{"texture":"#0","uv":[0,0,4,4]},"east":{"texture":"#0","uv":[0,8,4,12]},"north":{"texture":"#0","uv":[9,7,13,11]},"south":{"texture":"#0","uv":[12,7.5,13,8]},"up":{"texture":"#0","uv":[0,8.5,4,12.5]},"west":{"texture":"#0","uv":[8,4,12,8]}},"from":[12.99,0,0],"rotation":{"angle":0,"axis":"y","origin":[17,8,15]},"to":[12.99,11,12]},{"faces":{"down":{"texture":"#0","uv":[0,0,4,4]},"east":{"texture":"#0","uv":[0,4,4,8]},"north":{"texture":"#0","uv":[9,7,13,11]},"south":{"texture":"#0","uv":[12,7.5,13,8]},"up":{"texture":"#0","uv":[0,8.5,4,12.5]},"west":{"texture":"#0","uv":[8,7,12,11]}},"from":[1.99,0,0],"rotation":{"angle":0,"axis":"y","origin":[6,8,15]},"to":[1.99,11,12]},{"faces":{"down":{"texture":"#0","uv":[0,0,4,4]},"east":{"texture":"#0","uv":[0,12,4,16]},"north":{"texture":"#0","uv":[4,12,8,16]},"south":{"texture":"#0","uv":[12,12,16,16]},"up":{"texture":"#0","uv":[4,8,8,12]},"west":{"texture":"#0","uv":[8,12,12,16]}},"from":[1.8,0,-0.3],"rotation":{"angle":0,"axis":"y","origin":[17,8,15]},"to":[13.2,11.2,12.2]},{"faces":{"down":{"texture":"#0","uv":[0,0,0,12]},"east":{"texture":"#0","uv":[1.5,4,5.5,5.5]},"north":{"texture":"#0","uv":[0,0,0,2]},"south":{"texture":"#0","uv":[0,0,0,2]},"up":{"texture":"#0","uv":[0,0,0,12]},"west":{"texture":"#0","uv":[0,4,5.5,5.5]}},"from":[3.8,-1,0],"rotation":{"angle":-22.5,"axis":"z","origin":[10.8,7,8]},"to":[3.8,1,12]},{"faces":{"down":{"texture":"#0","uv":[0,0,0,12]},"east":{"texture":"#0","uv":[0.5,4.5,3.5,5.5]},"north":{"texture":"#0","uv":[0,0,0,2]},"south":{"texture":"#0","uv":[0,0,0,2]},"up":{"texture":"#0","uv":[0,0,0,12]},"west":{"texture":"#0","uv":[0.5,4.5,4,5.5]}},"from":[10.1,4.4,0],"rotation":{"angle":22.5,"axis":"z","origin":[17.1,12.4,8]},"to":[10.1,6.4,12]},{"faces":{"down":{"rotation":270,"texture":"#0","uv":[0,0,0,11]},"east":{"texture":"#0","uv":[0,0,0,3]},"north":{"texture":"#0","uv":[8,0,12,1]},"south":{"texture":"#0","uv":[8,0,12,1]},"up":{"rotation":90,"texture":"#0","uv":[0,0,0,11]},"west":{"texture":"#0","uv":[0,0,0,3]}},"from":[2,3.4,9],"rotation":{"angle":-22.5,"axis":"x","origin":[5.6,12.4,16]},"to":[13,6.4,9]},{"faces":{"down":{"texture":"#0","uv":[4,1,4.5,3]},"east":{"texture":"#0","uv":[4,1,4.5,3]},"north":{"texture":"#0","uv":[4,1,4.5,3]},"south":{"texture":"#0","uv":[4,1,4.5,3]},"up":{"texture":"#0","uv":[4,1,4.5,3]},"west":{"texture":"#0","uv":[0,0,2,2]}},"from":[13,6,4],"rotation":{"angle":0,"axis":"y","origin":[26,15,12]},"to":[14,10,8]},{"faces":{"down":{"texture":"#0","uv":[4,1,4.5,3]},"east":{"texture":"#0","uv":[0,0,2,2]},"north":{"texture":"#0","uv":[4,1,4.5,3]},"south":{"texture":"#0","uv":[4,1,4.5,3]},"up":{"texture":"#0","uv":[4,1,4.5,3]},"west":{"texture":"#0","uv":[4,1,4.5,3]}},"from":[1,6,4],"rotation":{"angle":0,"axis":"y","origin":[14,15,12]},"to":[2,10,8]},{"faces":{"down":{"texture":"#0","uv":[10,2,8,2.5]},"east":{"rotation":90,"texture":"#0","uv":[8,2,11.5,3.5]},"north":{"texture":"#0","uv":[8,2,10,2.5]},"south":{"texture":"#0","uv":[10,2,8,2.5]},"up":{"texture":"#0","uv":[10,2,8,2.5]},"west":{"texture":"#0","uv":[0,0,1.75,1.8]}},"from":[14,6.2,4.2],"rotation":{"angle":0,"axis":"z","origin":[31.25,15,12]},"to":[16.25,9.8,7.7]},{"faces":{"down":{"texture":"#0","uv":[10,2,8,2.5]},"east":{"rotation":90,"texture":"#0","uv":[8,2,11.5,3.5]},"north":{"texture":"#0","uv":[8,2,10,2.5]},"south":{"texture":"#0","uv":[10,2,8,2.5]},"up":{"texture":"#0","uv":[10,2,8,2.5]},"west":{"rotation":90,"texture":"#0","uv":[8,2,11.5,3.5]}},"from":[-1,6.2,4.2],"rotation":{"angle":0,"axis":"y","origin":[16.25,15,12]},"to":[1.25,9.8,7.7]},{"faces":{"down":{"texture":"#0","uv":[8,2,8.5,3.5]},"east":{"rotation":90,"texture":"#0","uv":[8,2,12,3.5]},"north":{"rotation":90,"texture":"#0","uv":[8,2,12,3.5]},"south":{"rotation":90,"texture":"#0","uv":[8,2,12,3.5]},"up":{"texture":"#0","uv":[8,2,8.5,3.5]},"west":{"rotation":90,"texture":"#0","uv":[8,2,12,3.5]}},"from":[14.6,-0.8,6.75],"rotation":{"angle":22.5,"axis":"x","origin":[31.85,10,13.55]},"to":[16.85,4.8,9.25]},{"faces":{"down":{"texture":"#0","uv":[8,2,8.5,3.5]},"east":{"rotation":90,"texture":"#0","uv":[8,2,12,3.5]},"north":{"rotation":90,"texture":"#0","uv":[8,2,12,3.5]},"south":{"rotation":90,"texture":"#0","uv":[8,2,12,3.5]},"up":{"texture":"#0","uv":[8,2,8.5,3.5]},"west":{"rotation":90,"texture":"#0","uv":[8,2,12,3.5]}},"from":[-1.5,-0.8,6.75],"rotation":{"angle":22.5,"axis":"x","origin":[15.75,10,13.55]},"to":[0.75,4.8,9.25]}],"texture_size":[32,32],"textures":{"0":"skyrim_helmet/skyrim_helmet","particle":"skyrim_helmet/skyrim_helmet"}}