{
	"credit": "Made with Blockbench",
	"textures": {
		"0": "end_sword/end_sword1",
		"1": "end_sword/end_sword",
		"2": "end_sword/end_sword2",
		"3": "end_sword/end_sword3",
		"4": "end_sword/end_sword4",
		"particle": "end_sword/end_sword1"
	},
	"elements": [
		{
			"from": [8, 10, 8.25],
			"to": [8.25, 30, 8.5],
			"faces": {
				"north": {"uv": [2, 0, 2.0625, 5], "texture": "#1"},
				"east": {"uv": [2.25, 0, 2.3125, 5], "texture": "#1"},
				"south": {"uv": [2.5, 0, 2.5625, 5], "texture": "#1"},
				"west": {"uv": [2.75, 0, 2.8125, 5], "texture": "#1"},
				"up": {"uv": [5.3125, 3.3125, 5.25, 3.25], "texture": "#1"},
				"down": {"uv": [5.3125, 3.5, 5.25, 3.5625], "texture": "#1"}
			}
		},
		{
			"from": [8.75, 10, 8.25],
			"to": [9, 27, 8.5],
			"faces": {
				"north": {"uv": [4, 0, 4.0625, 4.25], "texture": "#1"},
				"east": {"uv": [4.25, 0, 4.3125, 4.25], "texture": "#1"},
				"south": {"uv": [3, 4.25, 3.0625, 8.5], "texture": "#1"},
				"west": {"uv": [3.25, 4.25, 3.3125, 8.5], "texture": "#1"},
				"up": {"uv": [5.3125, 4.3125, 5.25, 4.25], "texture": "#1"},
				"down": {"uv": [5.3125, 4.5, 5.25, 4.5625], "texture": "#1"}
			}
		},
		{
			"from": [7.5, 10, 8.25],
			"to": [7.75, 24, 8.5],
			"faces": {
				"north": {"uv": [3.5, 4.25, 3.5625, 7.75], "texture": "#1"},
				"east": {"uv": [3.75, 4.25, 3.8125, 7.75], "texture": "#1"},
				"south": {"uv": [4, 4.25, 4.0625, 7.75], "texture": "#1"},
				"west": {"uv": [4.25, 4.25, 4.3125, 7.75], "texture": "#1"},
				"up": {"uv": [5.3125, 4.8125, 5.25, 4.75], "texture": "#1"},
				"down": {"uv": [5.0625, 5.25, 5, 5.3125], "texture": "#1"}
			}
		},
		{
			"from": [9.25, 10, 8.25],
			"to": [9.5, 17, 8.5],
			"faces": {
				"north": {"uv": [5, 1.5, 5.0625, 3], "texture": "#1"},
				"east": {"uv": [1.75, 5, 1.8125, 6.5], "texture": "#1"},
				"south": {"uv": [2, 5, 2.0625, 6.5], "texture": "#1"},
				"west": {"uv": [2.25, 5, 2.3125, 6.5], "texture": "#1"},
				"up": {"uv": [0.3125, 5.5625, 0.25, 5.5], "texture": "#1"},
				"down": {"uv": [5.5625, 0.25, 5.5, 0.3125], "texture": "#1"}
			}
		},
		{
			"from": [7.025, 11, 8.25],
			"to": [7.25, 14, 8.5],
			"faces": {
				"north": {"uv": [5, 4.5, 5.0625, 5.25], "texture": "#1"},
				"east": {"uv": [5.25, 0, 5.3125, 0.75], "texture": "#1"},
				"south": {"uv": [5.25, 0.75, 5.3125, 1.5], "texture": "#1"},
				"west": {"uv": [5.25, 1.5, 5.3125, 2.25], "texture": "#1"},
				"up": {"uv": [0.8125, 5.5625, 0.75, 5.5], "texture": "#1"},
				"down": {"uv": [5.5625, 0.75, 5.5, 0.8125], "texture": "#1"}
			}
		},
		{
			"from": [7.25, 10, 8.25],
			"to": [7.5, 17, 8.5],
			"faces": {
				"north": {"uv": [5, 0, 5.0625, 1.5], "texture": "#1"},
				"east": {"uv": [1, 5, 1.0625, 6.5], "texture": "#1"},
				"south": {"uv": [1.25, 5, 1.3125, 6.5], "texture": "#1"},
				"west": {"uv": [1.5, 5, 1.5625, 6.5], "texture": "#1"},
				"up": {"uv": [0.0625, 5.5625, 0, 5.5], "texture": "#1"},
				"down": {"uv": [5.5625, 0, 5.5, 0.0625], "texture": "#1"}
			}
		},
		{
			"from": [7.75, 10, 8.25],
			"to": [8, 27, 8.5],
			"faces": {
				"north": {"uv": [3, 0, 3.0625, 4.25], "texture": "#1"},
				"east": {"uv": [3.25, 0, 3.3125, 4.25], "texture": "#1"},
				"south": {"uv": [3.5, 0, 3.5625, 4.25], "texture": "#1"},
				"west": {"uv": [3.75, 0, 3.8125, 4.25], "texture": "#1"},
				"up": {"uv": [5.3125, 3.8125, 5.25, 3.75], "texture": "#1"},
				"down": {"uv": [5.3125, 4, 5.25, 4.0625], "texture": "#1"}
			}
		},
		{
			"from": [8.5, 10, 8.25],
			"to": [8.75, 30, 8.5],
			"faces": {
				"north": {"uv": [1, 0, 1.0625, 5], "texture": "#1"},
				"east": {"uv": [1.25, 0, 1.3125, 5], "texture": "#1"},
				"south": {"uv": [1.5, 0, 1.5625, 5], "texture": "#1"},
				"west": {"uv": [1.75, 0, 1.8125, 5], "texture": "#1"},
				"up": {"uv": [5.3125, 2.8125, 5.25, 2.75], "texture": "#1"},
				"down": {"uv": [5.3125, 3, 5.25, 3.0625], "texture": "#1"}
			}
		},
		{
			"from": [9, 10, 8.25],
			"to": [9.25, 24, 8.5],
			"faces": {
				"north": {"uv": [4.5, 0, 4.5625, 3.5], "texture": "#1"},
				"east": {"uv": [4.5, 3.5, 4.5625, 7], "texture": "#1"},
				"south": {"uv": [4.75, 0, 4.8125, 3.5], "texture": "#1"},
				"west": {"uv": [4.75, 3.5, 4.8125, 7], "texture": "#1"},
				"up": {"uv": [5.3125, 5.0625, 5.25, 5], "texture": "#1"},
				"down": {"uv": [5.3125, 5.25, 5.25, 5.3125], "texture": "#1"}
			}
		},
		{
			"from": [9.5, 11, 8.25],
			"to": [9.725, 14, 8.5],
			"faces": {
				"north": {"uv": [2.5, 5, 2.5625, 5.75], "texture": "#1"},
				"east": {"uv": [2.75, 5, 2.8125, 5.75], "texture": "#1"},
				"south": {"uv": [5, 3, 5.0625, 3.75], "texture": "#1"},
				"west": {"uv": [5, 3.75, 5.0625, 4.5], "texture": "#1"},
				"up": {"uv": [0.5625, 5.5625, 0.5, 5.5], "texture": "#1"},
				"down": {"uv": [5.5625, 0.5, 5.5, 0.5625], "texture": "#1"}
			}
		},
		{
			"from": [8.25, 10, 8.25],
			"to": [8.5, 32, 8.5],
			"faces": {
				"north": {"uv": [0, 0, 0.0625, 5.5], "texture": "#1"},
				"east": {"uv": [0.25, 0, 0.3125, 5.5], "texture": "#1"},
				"south": {"uv": [0.5, 0, 0.5625, 5.5], "texture": "#1"},
				"west": {"uv": [0.75, 0, 0.8125, 5.5], "texture": "#1"},
				"up": {"uv": [5.3125, 2.3125, 5.25, 2.25], "texture": "#1"},
				"down": {"uv": [5.3125, 2.5, 5.25, 2.5625], "texture": "#1"}
			}
		},
		{
			"from": [8.25, 10, 8.125],
			"to": [8.5, 29.5, 8.25],
			"faces": {
				"north": {"uv": [3.10857, 0, 3.35857, 16], "texture": "#0"},
				"east": {"uv": [0, 0, 0.125, 16], "texture": "#0"},
				"south": {"uv": [3.93143, 0.02286, 4.18143, 15.88571], "texture": "#0"},
				"west": {"uv": [0, 0, 0.125, 16], "texture": "#0"},
				"up": {"uv": [0, 0, 0.25, 0.125], "texture": "#0"},
				"down": {"uv": [0, 0, 0.25, 0.125], "texture": "#0"}
			}
		},
		{
			"from": [9, 10, 8.125],
			"to": [9.25, 16.5, 8.25],
			"faces": {
				"north": {"uv": [3.10857, 0, 3.35857, 6], "texture": "#0"},
				"east": {"uv": [0, 0, 0.125, 6], "texture": "#0"},
				"south": {"uv": [3.93143, 0.02286, 4.18143, 5.93143], "texture": "#0"},
				"west": {"uv": [0, 0, 0.125, 6], "texture": "#0"},
				"up": {"uv": [0, 0, 0.25, 0.125], "texture": "#0"},
				"down": {"uv": [0, 0, 0.25, 0.125], "texture": "#0"}
			}
		},
		{
			"from": [8.5, 10, 8.125],
			"to": [8.75, 26.5, 8.25],
			"faces": {
				"north": {"uv": [3.10857, 0, 3.35857, 16], "texture": "#0"},
				"east": {"uv": [0, 0, 0.125, 16], "texture": "#0"},
				"south": {"uv": [3.93143, 0.02286, 4.18143, 15.88571], "texture": "#0"},
				"west": {"uv": [0, 0, 0.125, 16], "texture": "#0"},
				"up": {"uv": [0, 0, 0.25, 0.125], "texture": "#0"},
				"down": {"uv": [0, 0, 0.25, 0.125], "texture": "#0"}
			}
		},
		{
			"from": [7.5, 10, 8.125],
			"to": [7.75, 16.5, 8.25],
			"faces": {
				"north": {"uv": [3.10857, 0, 3.35857, 6], "texture": "#0"},
				"east": {"uv": [0, 0, 0.125, 6], "texture": "#0"},
				"south": {"uv": [3.93143, 0.02286, 4.18143, 5.93143], "texture": "#0"},
				"west": {"uv": [0, 0, 0.125, 6], "texture": "#0"},
				"up": {"uv": [0, 0, 0.25, 0.125], "texture": "#0"},
				"down": {"uv": [0, 0, 0.25, 0.125], "texture": "#0"}
			}
		},
		{
			"from": [8.75, 10, 8.125],
			"to": [9, 23.5, 8.25],
			"faces": {
				"north": {"uv": [3.10857, 0, 3.35857, 13], "texture": "#0"},
				"east": {"uv": [0, 0, 0.125, 13], "texture": "#0"},
				"south": {"uv": [3.93143, 0.02286, 4.18143, 12.93143], "texture": "#0"},
				"west": {"uv": [0, 0, 0.125, 13], "texture": "#0"},
				"up": {"uv": [0, 0, 0.25, 0.125], "texture": "#0"},
				"down": {"uv": [0, 0, 0.25, 0.125], "texture": "#0"}
			}
		},
		{
			"from": [8, 10, 8.125],
			"to": [8.25, 26.5, 8.25],
			"faces": {
				"north": {"uv": [3.10857, 0, 3.35857, 16], "texture": "#0"},
				"east": {"uv": [0, 0, 0.125, 16], "texture": "#0"},
				"south": {"uv": [3.93143, 0.02286, 4.18143, 15.88571], "texture": "#0"},
				"west": {"uv": [0, 0, 0.125, 16], "texture": "#0"},
				"up": {"uv": [0, 0, 0.25, 0.125], "texture": "#0"},
				"down": {"uv": [0, 0, 0.25, 0.125], "texture": "#0"}
			}
		},
		{
			"from": [7.75, 10, 8.125],
			"to": [8, 23.5, 8.25],
			"faces": {
				"north": {"uv": [3.10857, 0, 3.35857, 13], "texture": "#0"},
				"east": {"uv": [0, 0, 0.125, 13], "texture": "#0"},
				"south": {"uv": [3.93143, 0.02286, 4.18143, 12.93143], "texture": "#0"},
				"west": {"uv": [0, 0, 0.125, 13], "texture": "#0"},
				"up": {"uv": [0, 0, 0.25, 0.125], "texture": "#0"},
				"down": {"uv": [0, 0, 0.25, 0.125], "texture": "#0"}
			}
		},
		{
			"from": [9.25, 11.5, 8.125],
			"to": [9.5, 13.5, 8.25],
			"faces": {
				"north": {"uv": [3.10857, 0, 3.17107, 0.5], "texture": "#0"},
				"east": {"uv": [0, 0, 0.03125, 0.5], "texture": "#0"},
				"south": {"uv": [3.93143, 0.02286, 3.99393, 0.43143], "texture": "#0"},
				"west": {"uv": [0, 0, 0.03125, 0.5], "texture": "#0"},
				"up": {"uv": [0, 0, 0.0625, 0.03125], "texture": "#0"},
				"down": {"uv": [0, 0, 0.0625, 0.03125], "texture": "#0"}
			}
		},
		{
			"from": [7.25, 11.5, 8.125],
			"to": [7.5, 13.5, 8.25],
			"faces": {
				"north": {"uv": [3.10857, 0, 3.17107, 0.5], "texture": "#0"},
				"east": {"uv": [0, 0, 0.03125, 0.5], "texture": "#0"},
				"south": {"uv": [3.93143, 0.02286, 3.99393, 0.43143], "texture": "#0"},
				"west": {"uv": [0, 0, 0.03125, 0.5], "texture": "#0"},
				"up": {"uv": [0, 0, 0.0625, 0.03125], "texture": "#0"},
				"down": {"uv": [0, 0, 0.0625, 0.03125], "texture": "#0"}
			}
		},
		{
			"from": [9.25, 11.5, 8.525],
			"to": [9.5, 13.5, 8.65],
			"rotation": {"angle": 0, "axis": "y", "origin": [8.375, 16.125, 8.1875]},
			"faces": {
				"north": {"uv": [3.93143, 0.02286, 3.99393, 0.43143], "texture": "#0"},
				"east": {"uv": [0, 0, 0.03125, 0.5], "texture": "#0"},
				"south": {"uv": [3.10857, 0, 3.17107, 0.5], "texture": "#0"},
				"west": {"uv": [0, 0, 0.03125, 0.5], "texture": "#0"},
				"up": {"uv": [0, 0, 0.0625, 0.03125], "rotation": 180, "texture": "#0"},
				"down": {"uv": [0, 0, 0.0625, 0.03125], "rotation": 180, "texture": "#0"}
			}
		},
		{
			"from": [7.25, 11.5, 8.525],
			"to": [7.5, 13.5, 8.65],
			"rotation": {"angle": 0, "axis": "y", "origin": [8.375, 16.125, 8.1875]},
			"faces": {
				"north": {"uv": [3.93143, 0.02286, 3.99393, 0.43143], "texture": "#0"},
				"east": {"uv": [0, 0, 0.03125, 0.5], "texture": "#0"},
				"south": {"uv": [3.10857, 0, 3.17107, 0.5], "texture": "#0"},
				"west": {"uv": [0, 0, 0.03125, 0.5], "texture": "#0"},
				"up": {"uv": [0, 0, 0.0625, 0.03125], "rotation": 180, "texture": "#0"},
				"down": {"uv": [0, 0, 0.0625, 0.03125], "rotation": 180, "texture": "#0"}
			}
		},
		{
			"from": [7.5, 10, 8.525],
			"to": [7.75, 16.5, 8.65],
			"rotation": {"angle": 0, "axis": "y", "origin": [8.375, 16.125, 8.1875]},
			"faces": {
				"north": {"uv": [3.93143, 0.02286, 4.18143, 5.93143], "texture": "#0"},
				"east": {"uv": [0, 0, 0.125, 6], "texture": "#0"},
				"south": {"uv": [3.10857, 0, 3.35857, 6], "texture": "#0"},
				"west": {"uv": [0, 0, 0.125, 6], "texture": "#0"},
				"up": {"uv": [0, 0, 0.25, 0.125], "rotation": 180, "texture": "#0"},
				"down": {"uv": [0, 0, 0.25, 0.125], "rotation": 180, "texture": "#0"}
			}
		},
		{
			"from": [9, 10, 8.525],
			"to": [9.25, 16.5, 8.65],
			"rotation": {"angle": 0, "axis": "y", "origin": [8.375, 16.125, 8.1875]},
			"faces": {
				"north": {"uv": [3.93143, 0.02286, 4.18143, 5.93143], "texture": "#0"},
				"east": {"uv": [0, 0, 0.125, 6], "texture": "#0"},
				"south": {"uv": [3.10857, 0, 3.35857, 6], "texture": "#0"},
				"west": {"uv": [0, 0, 0.125, 6], "texture": "#0"},
				"up": {"uv": [0, 0, 0.25, 0.125], "rotation": 180, "texture": "#0"},
				"down": {"uv": [0, 0, 0.25, 0.125], "rotation": 180, "texture": "#0"}
			}
		},
		{
			"from": [7.75, 10, 8.525],
			"to": [8, 23.5, 8.65],
			"rotation": {"angle": 0, "axis": "y", "origin": [8.375, 16.125, 8.1875]},
			"faces": {
				"north": {"uv": [3.93143, 0.02286, 4.18143, 12.93143], "texture": "#0"},
				"east": {"uv": [0, 0, 0.125, 13], "texture": "#0"},
				"south": {"uv": [3.10857, 0, 3.35857, 13], "texture": "#0"},
				"west": {"uv": [0, 0, 0.125, 13], "texture": "#0"},
				"up": {"uv": [0, 0, 0.25, 0.125], "rotation": 180, "texture": "#0"},
				"down": {"uv": [0, 0, 0.25, 0.125], "rotation": 180, "texture": "#0"}
			}
		},
		{
			"from": [8.75, 10, 8.525],
			"to": [9, 23.5, 8.65],
			"rotation": {"angle": 0, "axis": "y", "origin": [8.375, 16.125, 8.1875]},
			"faces": {
				"north": {"uv": [3.93143, 0.02286, 4.18143, 12.93143], "texture": "#0"},
				"east": {"uv": [0, 0, 0.125, 13], "texture": "#0"},
				"south": {"uv": [3.10857, 0, 3.35857, 13], "texture": "#0"},
				"west": {"uv": [0, 0, 0.125, 13], "texture": "#0"},
				"up": {"uv": [0, 0, 0.25, 0.125], "rotation": 180, "texture": "#0"},
				"down": {"uv": [0, 0, 0.25, 0.125], "rotation": 180, "texture": "#0"}
			}
		},
		{
			"from": [8.5, 10, 8.525],
			"to": [8.75, 26.5, 8.65],
			"rotation": {"angle": 0, "axis": "y", "origin": [8.375, 16.125, 8.1875]},
			"faces": {
				"north": {"uv": [3.93143, 0.02286, 4.18143, 15.88571], "texture": "#0"},
				"east": {"uv": [0, 0, 0.125, 16], "texture": "#0"},
				"south": {"uv": [3.10857, 0, 3.35857, 16], "texture": "#0"},
				"west": {"uv": [0, 0, 0.125, 16], "texture": "#0"},
				"up": {"uv": [0, 0, 0.25, 0.125], "rotation": 180, "texture": "#0"},
				"down": {"uv": [0, 0, 0.25, 0.125], "rotation": 180, "texture": "#0"}
			}
		},
		{
			"from": [8, 10, 8.525],
			"to": [8.25, 26.5, 8.65],
			"rotation": {"angle": 0, "axis": "y", "origin": [8.375, 16.125, 8.1875]},
			"faces": {
				"north": {"uv": [3.93143, 0.02286, 4.18143, 15.88571], "texture": "#0"},
				"east": {"uv": [0, 0, 0.125, 16], "texture": "#0"},
				"south": {"uv": [3.10857, 0, 3.35857, 16], "texture": "#0"},
				"west": {"uv": [0, 0, 0.125, 16], "texture": "#0"},
				"up": {"uv": [0, 0, 0.25, 0.125], "rotation": 180, "texture": "#0"},
				"down": {"uv": [0, 0, 0.25, 0.125], "rotation": 180, "texture": "#0"}
			}
		},
		{
			"from": [8.25, 10, 8.525],
			"to": [8.5, 29.5, 8.65],
			"rotation": {"angle": 0, "axis": "y", "origin": [8.375, 16.125, 8.1875]},
			"faces": {
				"north": {"uv": [3.93143, 0.02286, 4.18143, 15.88571], "texture": "#0"},
				"east": {"uv": [0, 0, 0.125, 16], "texture": "#0"},
				"south": {"uv": [3.10857, 0, 3.35857, 16], "texture": "#0"},
				"west": {"uv": [0, 0, 0.125, 16], "texture": "#0"},
				"up": {"uv": [0, 0, 0.25, 0.125], "rotation": 180, "texture": "#0"},
				"down": {"uv": [0, 0, 0.25, 0.125], "rotation": 180, "texture": "#0"}
			}
		},
		{
			"from": [7.75, 11.75, 8],
			"to": [8, 13.75, 8.75],
			"faces": {
				"north": {"uv": [3, 0, 3.0625, 4.25], "texture": "#1"},
				"east": {"uv": [3.25, 0, 3.3125, 4.25], "texture": "#1"},
				"south": {"uv": [3.5, 0, 3.5625, 4.25], "texture": "#1"},
				"west": {"uv": [3.75, 0, 3.8125, 4.25], "texture": "#1"},
				"up": {"uv": [5.3125, 3.8125, 5.25, 3.75], "texture": "#1"},
				"down": {"uv": [5.3125, 4, 5.25, 4.0625], "texture": "#1"}
			}
		},
		{
			"from": [8, 11, 8],
			"to": [8.25, 14.25, 8.75],
			"faces": {
				"north": {"uv": [2, 0, 2.0625, 5], "texture": "#1"},
				"east": {"uv": [2.25, 0, 2.3125, 5], "texture": "#1"},
				"south": {"uv": [2.5, 0, 2.5625, 5], "texture": "#1"},
				"west": {"uv": [2.75, 0, 2.8125, 5], "texture": "#1"},
				"up": {"uv": [5.3125, 3.3125, 5.25, 3.25], "texture": "#1"},
				"down": {"uv": [5.3125, 3.5, 5.25, 3.5625], "texture": "#1"}
			}
		},
		{
			"from": [8.25, 10.25, 8],
			"to": [8.5, 15, 8.75],
			"faces": {
				"north": {"uv": [0, 0, 0.0625, 5.5], "texture": "#1"},
				"east": {"uv": [0.25, 0, 0.3125, 5.5], "texture": "#1"},
				"south": {"uv": [0.5, 0, 0.5625, 5.5], "texture": "#1"},
				"west": {"uv": [0.75, 0, 0.8125, 5.5], "texture": "#1"},
				"up": {"uv": [5.3125, 2.3125, 5.25, 2.25], "texture": "#1"},
				"down": {"uv": [5.3125, 2.5, 5.25, 2.5625], "texture": "#1"}
			}
		},
		{
			"from": [8.5, 11, 8],
			"to": [8.75, 14.25, 8.75],
			"faces": {
				"north": {"uv": [1, 0, 1.0625, 5], "texture": "#1"},
				"east": {"uv": [1.25, 0, 1.3125, 5], "texture": "#1"},
				"south": {"uv": [1.5, 0, 1.5625, 5], "texture": "#1"},
				"west": {"uv": [1.75, 0, 1.8125, 5], "texture": "#1"},
				"up": {"uv": [5.3125, 2.8125, 5.25, 2.75], "texture": "#1"},
				"down": {"uv": [5.3125, 3, 5.25, 3.0625], "texture": "#1"}
			}
		},
		{
			"from": [9, 12.25, 8],
			"to": [9.25, 13.25, 8.75],
			"faces": {
				"north": {"uv": [4, 0, 4.0625, 4.25], "texture": "#1"},
				"east": {"uv": [4.25, 0, 4.3125, 4.25], "texture": "#1"},
				"south": {"uv": [3, 4.25, 3.0625, 8.5], "texture": "#1"},
				"west": {"uv": [3.25, 4.25, 3.3125, 8.5], "texture": "#1"},
				"up": {"uv": [5.3125, 4.3125, 5.25, 4.25], "texture": "#1"},
				"down": {"uv": [5.3125, 4.5, 5.25, 4.5625], "texture": "#1"}
			}
		},
		{
			"from": [7.5, 12.25, 8],
			"to": [7.75, 13.25, 8.75],
			"faces": {
				"north": {"uv": [3, 0, 3.0625, 4.25], "texture": "#1"},
				"east": {"uv": [3.25, 0, 3.3125, 4.25], "texture": "#1"},
				"south": {"uv": [3.5, 0, 3.5625, 4.25], "texture": "#1"},
				"west": {"uv": [3.75, 0, 3.8125, 4.25], "texture": "#1"},
				"up": {"uv": [5.3125, 3.8125, 5.25, 3.75], "texture": "#1"},
				"down": {"uv": [5.3125, 4, 5.25, 4.0625], "texture": "#1"}
			}
		},
		{
			"from": [8.75, 11.75, 8],
			"to": [9, 13.75, 8.75],
			"faces": {
				"north": {"uv": [4, 0, 4.0625, 4.25], "texture": "#1"},
				"east": {"uv": [4.25, 0, 4.3125, 4.25], "texture": "#1"},
				"south": {"uv": [3, 4.25, 3.0625, 8.5], "texture": "#1"},
				"west": {"uv": [3.25, 4.25, 3.3125, 8.5], "texture": "#1"},
				"up": {"uv": [5.3125, 4.3125, 5.25, 4.25], "texture": "#1"},
				"down": {"uv": [5.3125, 4.5, 5.25, 4.5625], "texture": "#1"}
			}
		},
		{
			"from": [8.875, 12.425, 8.75],
			"to": [9, 13.05, 8.875],
			"faces": {
				"north": {"uv": [5, 2, 6, 3], "texture": "#2"},
				"east": {"uv": [3, 5, 4, 6], "texture": "#2"},
				"south": {"uv": [3, 10, 4, 16], "texture": "#2"},
				"west": {"uv": [4, 5, 5, 6], "texture": "#2"},
				"up": {"uv": [6, 5, 5, 4], "texture": "#2"},
				"down": {"uv": [6, 5, 5, 6], "texture": "#2"}
			}
		},
		{
			"from": [8.625, 12.175, 8.75],
			"to": [8.75, 13.3, 8.875],
			"faces": {
				"north": {"uv": [1, 4, 2, 5], "texture": "#2"},
				"east": {"uv": [4, 1, 5, 2], "texture": "#2"},
				"south": {"uv": [10, 6, 11, 16], "texture": "#2"},
				"west": {"uv": [4, 2, 5, 3], "texture": "#2"},
				"up": {"uv": [4, 5, 3, 4], "texture": "#2"},
				"down": {"uv": [5, 3, 4, 4], "texture": "#2"}
			}
		},
		{
			"from": [7.875, 12.3, 8.75],
			"to": [8, 13.175, 8.875],
			"faces": {
				"north": {"uv": [1, 2, 2, 3], "texture": "#2"},
				"east": {"uv": [2, 1, 3, 2], "texture": "#2"},
				"south": {"uv": [8, 8, 9, 16], "texture": "#2"},
				"west": {"uv": [0, 3, 1, 4], "texture": "#2"},
				"up": {"uv": [4, 1, 3, 0], "texture": "#2"},
				"down": {"uv": [2, 3, 1, 4], "texture": "#2"}
			}
		},
		{
			"from": [8.125, 12.05, 8.75],
			"to": [8.25, 13.425, 8.875],
			"faces": {
				"north": {"uv": [7, 2, 8, 3], "texture": "#2"},
				"east": {"uv": [3, 7, 4, 8], "texture": "#2"},
				"south": {"uv": [15, 4, 14, 16], "texture": "#2"},
				"west": {"uv": [4, 7, 5, 8], "texture": "#2"},
				"up": {"uv": [8, 5, 7, 4], "texture": "#2"},
				"down": {"uv": [6, 7, 5, 8], "texture": "#2"}
			}
		},
		{
			"from": [8.375, 12.05, 8.75],
			"to": [8.5, 13.425, 8.875],
			"faces": {
				"north": {"uv": [3, 6, 4, 7], "texture": "#2"},
				"east": {"uv": [6, 3, 7, 4], "texture": "#2"},
				"south": {"uv": [13, 4, 14, 16], "texture": "#2"},
				"west": {"uv": [6, 4, 7, 5], "texture": "#2"},
				"up": {"uv": [6, 7, 5, 6], "texture": "#2"},
				"down": {"uv": [7, 5, 6, 6], "texture": "#2"}
			}
		},
		{
			"from": [7.75, 12.425, 8.75],
			"to": [7.875, 13.05, 8.875],
			"faces": {
				"north": {"uv": [0, 0, 1, 1], "texture": "#2"},
				"east": {"uv": [0, 1, 1, 2], "texture": "#2"},
				"south": {"uv": [6, 10, 7, 16], "texture": "#2"},
				"west": {"uv": [1, 1, 2, 2], "texture": "#2"},
				"up": {"uv": [1, 3, 0, 2], "texture": "#2"},
				"down": {"uv": [3, 0, 2, 1], "texture": "#2"}
			}
		},
		{
			"from": [8.5, 12.05, 8.75],
			"to": [8.625, 13.425, 8.875],
			"faces": {
				"north": {"uv": [0, 6, 1, 7], "texture": "#2"},
				"east": {"uv": [6, 0, 7, 1], "texture": "#2"},
				"south": {"uv": [12, 4, 13, 16], "texture": "#2"},
				"west": {"uv": [6, 1, 7, 2], "texture": "#2"},
				"up": {"uv": [3, 7, 2, 6], "texture": "#2"},
				"down": {"uv": [7, 2, 6, 3], "texture": "#2"}
			}
		},
		{
			"from": [8, 12.175, 8.75],
			"to": [8.125, 13.3, 8.875],
			"faces": {
				"north": {"uv": [3, 1, 4, 2], "texture": "#2"},
				"east": {"uv": [2, 3, 3, 4], "texture": "#2"},
				"south": {"uv": [11, 6, 12, 16], "texture": "#2"},
				"west": {"uv": [3, 3, 4, 4], "texture": "#2"},
				"up": {"uv": [1, 5, 0, 4], "texture": "#2"},
				"down": {"uv": [5, 0, 4, 1], "texture": "#2"}
			}
		},
		{
			"from": [8.75, 12.3, 8.75],
			"to": [8.875, 13.175, 8.875],
			"faces": {
				"north": {"uv": [4, 4, 5, 5], "texture": "#2"},
				"east": {"uv": [0, 5, 1, 6], "texture": "#2"},
				"south": {"uv": [9, 8, 10, 16], "texture": "#2"},
				"west": {"uv": [1, 5, 2, 6], "texture": "#2"},
				"up": {"uv": [6, 2, 5, 1], "texture": "#2"},
				"down": {"uv": [3, 5, 2, 6], "texture": "#2"}
			}
		},
		{
			"from": [8.25, 12.05, 8.75],
			"to": [8.375, 13.425, 8.875],
			"faces": {
				"north": {"uv": [6, 6, 7, 7], "texture": "#2"},
				"east": {"uv": [0, 7, 1, 8], "texture": "#2"},
				"south": {"uv": [16, 4, 15, 16], "texture": "#2"},
				"west": {"uv": [1, 7, 2, 8], "texture": "#2"},
				"up": {"uv": [8, 2, 7, 1], "texture": "#2"},
				"down": {"uv": [3, 7, 2, 8], "texture": "#2"}
			}
		},
		{
			"from": [8.375, 12.05, 7.875],
			"to": [8.5, 13.425, 8],
			"rotation": {"angle": 0, "axis": "y", "origin": [8.375, 12.6875, 8.8125]},
			"faces": {
				"north": {"uv": [16, 4, 15, 16], "texture": "#2"},
				"east": {"uv": [1, 7, 2, 8], "texture": "#2"},
				"south": {"uv": [6, 6, 7, 7], "texture": "#2"},
				"west": {"uv": [0, 7, 1, 8], "texture": "#2"},
				"up": {"uv": [8, 2, 7, 1], "rotation": 180, "texture": "#2"},
				"down": {"uv": [3, 7, 2, 8], "rotation": 180, "texture": "#2"}
			}
		},
		{
			"from": [7.875, 12.3, 7.875],
			"to": [8, 13.175, 8],
			"rotation": {"angle": 0, "axis": "y", "origin": [8.375, 12.6875, 8.8125]},
			"faces": {
				"north": {"uv": [9, 8, 10, 16], "texture": "#2"},
				"east": {"uv": [1, 5, 2, 6], "texture": "#2"},
				"south": {"uv": [4, 4, 5, 5], "texture": "#2"},
				"west": {"uv": [0, 5, 1, 6], "texture": "#2"},
				"up": {"uv": [6, 2, 5, 1], "rotation": 180, "texture": "#2"},
				"down": {"uv": [3, 5, 2, 6], "rotation": 180, "texture": "#2"}
			}
		},
		{
			"from": [8.625, 12.175, 7.875],
			"to": [8.75, 13.3, 8],
			"rotation": {"angle": 0, "axis": "y", "origin": [8.375, 12.6875, 8.8125]},
			"faces": {
				"north": {"uv": [11, 6, 12, 16], "texture": "#2"},
				"east": {"uv": [3, 3, 4, 4], "texture": "#2"},
				"south": {"uv": [3, 1, 4, 2], "texture": "#2"},
				"west": {"uv": [2, 3, 3, 4], "texture": "#2"},
				"up": {"uv": [1, 5, 0, 4], "rotation": 180, "texture": "#2"},
				"down": {"uv": [5, 0, 4, 1], "rotation": 180, "texture": "#2"}
			}
		},
		{
			"from": [8.125, 12.05, 7.875],
			"to": [8.25, 13.425, 8],
			"rotation": {"angle": 0, "axis": "y", "origin": [8.375, 12.6875, 8.8125]},
			"faces": {
				"north": {"uv": [12, 4, 13, 16], "texture": "#2"},
				"east": {"uv": [6, 1, 7, 2], "texture": "#2"},
				"south": {"uv": [0, 6, 1, 7], "texture": "#2"},
				"west": {"uv": [6, 0, 7, 1], "texture": "#2"},
				"up": {"uv": [3, 7, 2, 6], "rotation": 180, "texture": "#2"},
				"down": {"uv": [7, 2, 6, 3], "rotation": 180, "texture": "#2"}
			}
		},
		{
			"from": [8.875, 12.425, 7.875],
			"to": [9, 13.05, 8],
			"rotation": {"angle": 0, "axis": "y", "origin": [8.375, 12.6875, 8.8125]},
			"faces": {
				"north": {"uv": [6, 10, 7, 16], "texture": "#2"},
				"east": {"uv": [1, 1, 2, 2], "texture": "#2"},
				"south": {"uv": [0, 0, 1, 1], "texture": "#2"},
				"west": {"uv": [0, 1, 1, 2], "texture": "#2"},
				"up": {"uv": [1, 3, 0, 2], "rotation": 180, "texture": "#2"},
				"down": {"uv": [3, 0, 2, 1], "rotation": 180, "texture": "#2"}
			}
		},
		{
			"from": [8.25, 12.05, 7.875],
			"to": [8.375, 13.425, 8],
			"rotation": {"angle": 0, "axis": "y", "origin": [8.375, 12.6875, 8.8125]},
			"faces": {
				"north": {"uv": [13, 4, 14, 16], "texture": "#2"},
				"east": {"uv": [6, 4, 7, 5], "texture": "#2"},
				"south": {"uv": [3, 6, 4, 7], "texture": "#2"},
				"west": {"uv": [6, 3, 7, 4], "texture": "#2"},
				"up": {"uv": [6, 7, 5, 6], "rotation": 180, "texture": "#2"},
				"down": {"uv": [7, 5, 6, 6], "rotation": 180, "texture": "#2"}
			}
		},
		{
			"from": [8.5, 12.05, 7.875],
			"to": [8.625, 13.425, 8],
			"rotation": {"angle": 0, "axis": "y", "origin": [8.375, 12.6875, 8.8125]},
			"faces": {
				"north": {"uv": [15, 4, 14, 16], "texture": "#2"},
				"east": {"uv": [4, 7, 5, 8], "texture": "#2"},
				"south": {"uv": [7, 2, 8, 3], "texture": "#2"},
				"west": {"uv": [3, 7, 4, 8], "texture": "#2"},
				"up": {"uv": [8, 5, 7, 4], "rotation": 180, "texture": "#2"},
				"down": {"uv": [6, 7, 5, 8], "rotation": 180, "texture": "#2"}
			}
		},
		{
			"from": [8.75, 12.3, 7.875],
			"to": [8.875, 13.175, 8],
			"rotation": {"angle": 0, "axis": "y", "origin": [8.375, 12.6875, 8.8125]},
			"faces": {
				"north": {"uv": [8, 8, 9, 16], "texture": "#2"},
				"east": {"uv": [0, 3, 1, 4], "texture": "#2"},
				"south": {"uv": [1, 2, 2, 3], "texture": "#2"},
				"west": {"uv": [2, 1, 3, 2], "texture": "#2"},
				"up": {"uv": [4, 1, 3, 0], "rotation": 180, "texture": "#2"},
				"down": {"uv": [2, 3, 1, 4], "rotation": 180, "texture": "#2"}
			}
		},
		{
			"from": [8, 12.175, 7.875],
			"to": [8.125, 13.3, 8],
			"rotation": {"angle": 0, "axis": "y", "origin": [8.375, 12.6875, 8.8125]},
			"faces": {
				"north": {"uv": [10, 6, 11, 16], "texture": "#2"},
				"east": {"uv": [4, 2, 5, 3], "texture": "#2"},
				"south": {"uv": [1, 4, 2, 5], "texture": "#2"},
				"west": {"uv": [4, 1, 5, 2], "texture": "#2"},
				"up": {"uv": [4, 5, 3, 4], "rotation": 180, "texture": "#2"},
				"down": {"uv": [5, 3, 4, 4], "rotation": 180, "texture": "#2"}
			}
		},
		{
			"from": [7.75, 12.425, 7.875],
			"to": [7.875, 13.05, 8],
			"rotation": {"angle": 0, "axis": "y", "origin": [8.375, 12.6875, 8.8125]},
			"faces": {
				"north": {"uv": [3, 10, 4, 16], "texture": "#2"},
				"east": {"uv": [4, 5, 5, 6], "texture": "#2"},
				"south": {"uv": [5, 2, 6, 3], "texture": "#2"},
				"west": {"uv": [3, 5, 4, 6], "texture": "#2"},
				"up": {"uv": [6, 5, 5, 4], "rotation": 180, "texture": "#2"},
				"down": {"uv": [6, 5, 5, 6], "rotation": 180, "texture": "#2"}
			}
		},
		{
			"from": [8.25, 6.5, 8],
			"to": [8.5, 10, 8.2],
			"faces": {
				"north": {"uv": [7, 0, 7.5, 3.5], "texture": "#3"},
				"east": {"uv": [0, 0, 1, 3.5], "texture": "#3"},
				"south": {"uv": [1, 7, 1.5, 10.5], "texture": "#3"},
				"west": {"uv": [1, 0, 2, 3.5], "texture": "#3"},
				"up": {"uv": [11.5, 11, 11, 10], "texture": "#3"},
				"down": {"uv": [11.5, 11, 11, 12], "texture": "#3"}
			}
		},
		{
			"from": [8.5, 7, 8],
			"to": [8.75, 10, 8.2],
			"faces": {
				"north": {"uv": [7, 4, 7.5, 7], "texture": "#3"},
				"east": {"uv": [2, 0, 3, 3], "texture": "#3"},
				"south": {"uv": [7, 7, 7.5, 10], "texture": "#3"},
				"west": {"uv": [3, 0, 4, 3], "texture": "#3"},
				"up": {"uv": [11.5, 7, 11, 6], "texture": "#3"},
				"down": {"uv": [7.5, 11, 7, 12], "texture": "#3"}
			}
		},
		{
			"from": [8.75, 8, 8],
			"to": [9, 10.25, 8.2],
			"faces": {
				"north": {"uv": [3, 8, 3.5, 10.5], "texture": "#3"},
				"east": {"uv": [0, 4, 1, 6.5], "texture": "#3"},
				"south": {"uv": [8, 3, 8.5, 5.5], "texture": "#3"},
				"west": {"uv": [4, 0, 5, 2.5], "texture": "#3"},
				"up": {"uv": [11.5, 6, 11, 5], "texture": "#3"},
				"down": {"uv": [6.5, 11, 6, 12], "texture": "#3"}
			}
		},
		{
			"from": [7.75, 8, 8],
			"to": [8, 10.25, 8.2],
			"faces": {
				"north": {"uv": [4, 8, 4.5, 10.5], "texture": "#3"},
				"east": {"uv": [1, 4, 2, 6.5], "texture": "#3"},
				"south": {"uv": [5, 8, 5.5, 10.5], "texture": "#3"},
				"west": {"uv": [4, 3, 5, 5.5], "texture": "#3"},
				"up": {"uv": [11.5, 9, 11, 8], "texture": "#3"},
				"down": {"uv": [9.5, 11, 9, 12], "texture": "#3"}
			}
		},
		{
			"from": [7.25, 9.25, 8],
			"to": [7.5, 11.5, 8.2],
			"faces": {
				"north": {"uv": [8, 7, 8.5, 9], "texture": "#3"},
				"east": {"uv": [5, 0, 6, 2], "texture": "#3"},
				"south": {"uv": [0, 9, 0.5, 11], "texture": "#3"},
				"west": {"uv": [5, 2, 6, 4], "texture": "#3"},
				"up": {"uv": [10.5, 11, 10, 10], "texture": "#3"},
				"down": {"uv": [0.5, 11, 0, 12], "texture": "#3"}
			}
		},
		{
			"from": [9.25, 9.25, 8],
			"to": [9.5, 11.5, 8.2],
			"faces": {
				"north": {"uv": [6, 9, 6.5, 11], "texture": "#3"},
				"east": {"uv": [2, 6, 3, 8], "texture": "#3"},
				"south": {"uv": [9, 6, 9.5, 8], "texture": "#3"},
				"west": {"uv": [6, 2, 7, 4], "texture": "#3"},
				"up": {"uv": [11.5, 4, 11, 3], "texture": "#3"},
				"down": {"uv": [4.5, 11, 4, 12], "texture": "#3"}
			}
		},
		{
			"from": [9.5, 9.75, 8],
			"to": [9.75, 11.75, 8.2],
			"faces": {
				"north": {"uv": [9, 2, 9.5, 4], "texture": "#3"},
				"east": {"uv": [5, 4, 6, 6], "texture": "#3"},
				"south": {"uv": [9, 4, 9.5, 6], "texture": "#3"},
				"west": {"uv": [6, 0, 7, 2], "texture": "#3"},
				"up": {"uv": [11.5, 3, 11, 2], "texture": "#3"},
				"down": {"uv": [3.5, 11, 3, 12], "texture": "#3"}
			}
		},
		{
			"from": [9.75, 10.5, 8],
			"to": [10, 11.25, 8.2],
			"faces": {
				"north": {"uv": [11, 0, 11.5, 1], "texture": "#3"},
				"east": {"uv": [9, 0, 10, 1], "texture": "#3"},
				"south": {"uv": [1, 11, 1.5, 12], "texture": "#3"},
				"west": {"uv": [9, 1, 10, 2], "texture": "#3"},
				"up": {"uv": [11.5, 2, 11, 1], "texture": "#3"},
				"down": {"uv": [2.5, 11, 2, 12], "texture": "#3"}
			}
		},
		{
			"from": [6.75, 10.5, 8],
			"to": [7, 11.25, 8.2],
			"faces": {
				"north": {"uv": [7, 10, 7.5, 11], "texture": "#3"},
				"east": {"uv": [6, 8, 7, 9], "texture": "#3"},
				"south": {"uv": [10, 8, 10.5, 9], "texture": "#3"},
				"west": {"uv": [8, 6, 9, 7], "texture": "#3"},
				"up": {"uv": [9.5, 11, 9, 10], "texture": "#3"},
				"down": {"uv": [10.5, 9, 10, 10], "texture": "#3"}
			}
		},
		{
			"from": [7, 9.75, 8],
			"to": [7.25, 11.75, 8.2],
			"faces": {
				"north": {"uv": [10, 4, 10.5, 6], "texture": "#3"},
				"east": {"uv": [6, 6, 7, 8], "texture": "#3"},
				"south": {"uv": [10, 6, 10.5, 8], "texture": "#3"},
				"west": {"uv": [0, 7, 1, 9], "texture": "#3"},
				"up": {"uv": [0.5, 13, 0, 12], "texture": "#3"},
				"down": {"uv": [12.5, 0, 12, 1], "texture": "#3"}
			}
		},
		{
			"from": [7.5, 8.75, 8],
			"to": [7.75, 10.5, 8.2],
			"faces": {
				"north": {"uv": [10, 0, 10.5, 2], "texture": "#3"},
				"east": {"uv": [6, 4, 7, 6], "texture": "#3"},
				"south": {"uv": [10, 2, 10.5, 4], "texture": "#3"},
				"west": {"uv": [5, 6, 6, 8], "texture": "#3"},
				"up": {"uv": [11.5, 8, 11, 7], "texture": "#3"},
				"down": {"uv": [8.5, 11, 8, 12], "texture": "#3"}
			}
		},
		{
			"from": [9, 8.75, 8],
			"to": [9.25, 10.5, 8.2],
			"faces": {
				"north": {"uv": [8, 9, 8.5, 11], "texture": "#3"},
				"east": {"uv": [3, 6, 4, 8], "texture": "#3"},
				"south": {"uv": [9, 8, 9.5, 10], "texture": "#3"},
				"west": {"uv": [4, 6, 5, 8], "texture": "#3"},
				"up": {"uv": [11.5, 5, 11, 4], "texture": "#3"},
				"down": {"uv": [5.5, 11, 5, 12], "texture": "#3"}
			}
		},
		{
			"from": [8, 7, 8],
			"to": [8.25, 10, 8.2],
			"faces": {
				"north": {"uv": [8, 0, 8.5, 3], "texture": "#3"},
				"east": {"uv": [2, 3, 3, 6], "texture": "#3"},
				"south": {"uv": [2, 8, 2.5, 11], "texture": "#3"},
				"west": {"uv": [3, 3, 4, 6], "texture": "#3"},
				"up": {"uv": [11.5, 10, 11, 9], "texture": "#3"},
				"down": {"uv": [10.5, 11, 10, 12], "texture": "#3"}
			}
		},
		{
			"from": [6.5, 10.5, 8.2],
			"to": [6.75, 11.25, 8.6],
			"color": 4,
			"faces": {
				"north": {"uv": [7, 10, 7.5, 11], "texture": "#3"},
				"east": {"uv": [6, 8, 7, 9], "texture": "#3"},
				"south": {"uv": [10, 8, 10.5, 9], "texture": "#3"},
				"west": {"uv": [8, 6, 9, 7], "texture": "#3"},
				"up": {"uv": [9.5, 11, 9, 10], "texture": "#3"},
				"down": {"uv": [10.5, 9, 10, 10], "texture": "#3"}
			}
		},
		{
			"from": [6.75, 9.75, 8.2],
			"to": [7, 11.75, 8.6],
			"color": 4,
			"faces": {
				"north": {"uv": [10, 4, 10.5, 6], "texture": "#3"},
				"east": {"uv": [6, 6, 7, 8], "texture": "#3"},
				"south": {"uv": [10, 6, 10.5, 8], "texture": "#3"},
				"west": {"uv": [0, 7, 1, 9], "texture": "#3"},
				"up": {"uv": [0.5, 13, 0, 12], "texture": "#3"},
				"down": {"uv": [12.5, 0, 12, 1], "texture": "#3"}
			}
		},
		{
			"from": [7, 9.25, 8.2],
			"to": [7.25, 11.5, 8.6],
			"color": 4,
			"faces": {
				"north": {"uv": [8, 7, 8.5, 9], "texture": "#3"},
				"east": {"uv": [5, 0, 6, 2], "texture": "#3"},
				"south": {"uv": [0, 9, 0.5, 11], "texture": "#3"},
				"west": {"uv": [5, 2, 6, 4], "texture": "#3"},
				"up": {"uv": [10.5, 11, 10, 10], "texture": "#3"},
				"down": {"uv": [0.5, 11, 0, 12], "texture": "#3"}
			}
		},
		{
			"from": [7.25, 8.75, 8.2],
			"to": [7.5, 10.5, 8.6],
			"color": 4,
			"faces": {
				"north": {"uv": [10, 0, 10.5, 2], "texture": "#3"},
				"east": {"uv": [6, 4, 7, 6], "texture": "#3"},
				"south": {"uv": [10, 2, 10.5, 4], "texture": "#3"},
				"west": {"uv": [5, 6, 6, 8], "texture": "#3"},
				"up": {"uv": [11.5, 8, 11, 7], "texture": "#3"},
				"down": {"uv": [8.5, 11, 8, 12], "texture": "#3"}
			}
		},
		{
			"from": [7.5, 8, 8.2],
			"to": [7.75, 10.25, 8.6],
			"color": 4,
			"faces": {
				"north": {"uv": [4, 8, 4.5, 10.5], "texture": "#3"},
				"east": {"uv": [1, 4, 2, 6.5], "texture": "#3"},
				"south": {"uv": [5, 8, 5.5, 10.5], "texture": "#3"},
				"west": {"uv": [4, 3, 5, 5.5], "texture": "#3"},
				"up": {"uv": [11.5, 9, 11, 8], "texture": "#3"},
				"down": {"uv": [9.5, 11, 9, 12], "texture": "#3"}
			}
		},
		{
			"from": [7.75, 7, 8.2],
			"to": [8, 10, 8.6],
			"color": 4,
			"faces": {
				"north": {"uv": [8, 0, 8.5, 3], "texture": "#3"},
				"east": {"uv": [2, 3, 3, 6], "texture": "#3"},
				"south": {"uv": [2, 8, 2.5, 11], "texture": "#3"},
				"west": {"uv": [3, 3, 4, 6], "texture": "#3"},
				"up": {"uv": [11.5, 10, 11, 9], "texture": "#3"},
				"down": {"uv": [10.5, 11, 10, 12], "texture": "#3"}
			}
		},
		{
			"from": [8, 6.5, 8.2],
			"to": [8.25, 10, 8.6],
			"color": 4,
			"faces": {
				"north": {"uv": [7, 0, 7.5, 3.5], "texture": "#3"},
				"east": {"uv": [0, 0, 1, 3.5], "texture": "#3"},
				"south": {"uv": [1, 7, 1.5, 10.5], "texture": "#3"},
				"west": {"uv": [1, 0, 2, 3.5], "texture": "#3"},
				"up": {"uv": [11.5, 11, 11, 10], "texture": "#3"},
				"down": {"uv": [11.5, 11, 11, 12], "texture": "#3"}
			}
		},
		{
			"from": [8.5, 6.5, 8.2],
			"to": [8.75, 10, 8.6],
			"color": 4,
			"faces": {
				"north": {"uv": [7, 0, 7.5, 3.5], "texture": "#3"},
				"east": {"uv": [0, 0, 1, 3.5], "texture": "#3"},
				"south": {"uv": [1, 7, 1.5, 10.5], "texture": "#3"},
				"west": {"uv": [1, 0, 2, 3.5], "texture": "#3"},
				"up": {"uv": [11.5, 11, 11, 10], "texture": "#3"},
				"down": {"uv": [11.5, 11, 11, 12], "texture": "#3"}
			}
		},
		{
			"from": [8.25, 6.5, 8.2],
			"to": [8.5, 10, 8.6],
			"color": 4,
			"faces": {
				"north": {"uv": [7, 0, 7.5, 3.5], "texture": "#3"},
				"east": {"uv": [0, 0, 1, 3.5], "texture": "#3"},
				"south": {"uv": [1, 7, 1.5, 10.5], "texture": "#3"},
				"west": {"uv": [1, 0, 2, 3.5], "texture": "#3"},
				"up": {"uv": [11.5, 11, 11, 10], "texture": "#3"},
				"down": {"uv": [11.5, 11, 11, 12], "texture": "#3"}
			}
		},
		{
			"from": [8.75, 7, 8.2],
			"to": [9, 10, 8.6],
			"color": 4,
			"faces": {
				"north": {"uv": [7, 4, 7.5, 7], "texture": "#3"},
				"east": {"uv": [2, 0, 3, 3], "texture": "#3"},
				"south": {"uv": [7, 7, 7.5, 10], "texture": "#3"},
				"west": {"uv": [3, 0, 4, 3], "texture": "#3"},
				"up": {"uv": [11.5, 7, 11, 6], "texture": "#3"},
				"down": {"uv": [7.5, 11, 7, 12], "texture": "#3"}
			}
		},
		{
			"from": [9, 8, 8.2],
			"to": [9.25, 10.25, 8.6],
			"color": 4,
			"faces": {
				"north": {"uv": [3, 8, 3.5, 10.5], "texture": "#3"},
				"east": {"uv": [0, 4, 1, 6.5], "texture": "#3"},
				"south": {"uv": [8, 3, 8.5, 5.5], "texture": "#3"},
				"west": {"uv": [4, 0, 5, 2.5], "texture": "#3"},
				"up": {"uv": [11.5, 6, 11, 5], "texture": "#3"},
				"down": {"uv": [6.5, 11, 6, 12], "texture": "#3"}
			}
		},
		{
			"from": [9.25, 8.75, 8.2],
			"to": [9.5, 10.5, 8.6],
			"color": 4,
			"faces": {
				"north": {"uv": [8, 9, 8.5, 11], "texture": "#3"},
				"east": {"uv": [3, 6, 4, 8], "texture": "#3"},
				"south": {"uv": [9, 8, 9.5, 10], "texture": "#3"},
				"west": {"uv": [4, 6, 5, 8], "texture": "#3"},
				"up": {"uv": [11.5, 5, 11, 4], "texture": "#3"},
				"down": {"uv": [5.5, 11, 5, 12], "texture": "#3"}
			}
		},
		{
			"from": [9.5, 9.25, 8.2],
			"to": [9.75, 11.5, 8.6],
			"color": 4,
			"faces": {
				"north": {"uv": [6, 9, 6.5, 11], "texture": "#3"},
				"east": {"uv": [2, 6, 3, 8], "texture": "#3"},
				"south": {"uv": [9, 6, 9.5, 8], "texture": "#3"},
				"west": {"uv": [6, 2, 7, 4], "texture": "#3"},
				"up": {"uv": [11.5, 4, 11, 3], "texture": "#3"},
				"down": {"uv": [4.5, 11, 4, 12], "texture": "#3"}
			}
		},
		{
			"from": [9.75, 9.75, 8.2],
			"to": [10, 11.75, 8.6],
			"color": 4,
			"faces": {
				"north": {"uv": [9, 2, 9.5, 4], "texture": "#3"},
				"east": {"uv": [5, 4, 6, 6], "texture": "#3"},
				"south": {"uv": [9, 4, 9.5, 6], "texture": "#3"},
				"west": {"uv": [6, 0, 7, 2], "texture": "#3"},
				"up": {"uv": [11.5, 3, 11, 2], "texture": "#3"},
				"down": {"uv": [3.5, 11, 3, 12], "texture": "#3"}
			}
		},
		{
			"from": [10, 10.5, 8.2],
			"to": [10.25, 11.25, 8.6],
			"color": 4,
			"faces": {
				"north": {"uv": [11, 0, 11.5, 1], "texture": "#3"},
				"east": {"uv": [9, 0, 10, 1], "texture": "#3"},
				"south": {"uv": [1, 11, 1.5, 12], "texture": "#3"},
				"west": {"uv": [9, 1, 10, 2], "texture": "#3"},
				"up": {"uv": [11.5, 2, 11, 1], "texture": "#3"},
				"down": {"uv": [2.5, 11, 2, 12], "texture": "#3"}
			}
		},
		{
			"from": [6.75, 10.5, 8.6],
			"to": [7, 11.25, 8.8],
			"rotation": {"angle": 0, "axis": "y", "origin": [8.375, 9.5625, 8.425]},
			"faces": {
				"north": {"uv": [1, 11, 1.5, 12], "texture": "#3"},
				"east": {"uv": [9, 1, 10, 2], "texture": "#3"},
				"south": {"uv": [11, 0, 11.5, 1], "texture": "#3"},
				"west": {"uv": [9, 0, 10, 1], "texture": "#3"},
				"up": {"uv": [11.5, 2, 11, 1], "rotation": 180, "texture": "#3"},
				"down": {"uv": [2.5, 11, 2, 12], "rotation": 180, "texture": "#3"}
			}
		},
		{
			"from": [7, 9.75, 8.6],
			"to": [7.25, 11.75, 8.8],
			"rotation": {"angle": 0, "axis": "y", "origin": [8.375, 9.5625, 8.425]},
			"faces": {
				"north": {"uv": [9, 4, 9.5, 6], "texture": "#3"},
				"east": {"uv": [6, 0, 7, 2], "texture": "#3"},
				"south": {"uv": [9, 2, 9.5, 4], "texture": "#3"},
				"west": {"uv": [5, 4, 6, 6], "texture": "#3"},
				"up": {"uv": [11.5, 3, 11, 2], "rotation": 180, "texture": "#3"},
				"down": {"uv": [3.5, 11, 3, 12], "rotation": 180, "texture": "#3"}
			}
		},
		{
			"from": [7.25, 9.25, 8.6],
			"to": [7.5, 11.5, 8.8],
			"rotation": {"angle": 0, "axis": "y", "origin": [8.375, 9.5625, 8.425]},
			"faces": {
				"north": {"uv": [9, 6, 9.5, 8], "texture": "#3"},
				"east": {"uv": [6, 2, 7, 4], "texture": "#3"},
				"south": {"uv": [6, 9, 6.5, 11], "texture": "#3"},
				"west": {"uv": [2, 6, 3, 8], "texture": "#3"},
				"up": {"uv": [11.5, 4, 11, 3], "rotation": 180, "texture": "#3"},
				"down": {"uv": [4.5, 11, 4, 12], "rotation": 180, "texture": "#3"}
			}
		},
		{
			"from": [7.5, 8.75, 8.6],
			"to": [7.75, 10.5, 8.8],
			"rotation": {"angle": 0, "axis": "y", "origin": [8.375, 9.5625, 8.425]},
			"faces": {
				"north": {"uv": [9, 8, 9.5, 10], "texture": "#3"},
				"east": {"uv": [4, 6, 5, 8], "texture": "#3"},
				"south": {"uv": [8, 9, 8.5, 11], "texture": "#3"},
				"west": {"uv": [3, 6, 4, 8], "texture": "#3"},
				"up": {"uv": [11.5, 5, 11, 4], "rotation": 180, "texture": "#3"},
				"down": {"uv": [5.5, 11, 5, 12], "rotation": 180, "texture": "#3"}
			}
		},
		{
			"from": [7.75, 8, 8.6],
			"to": [8, 10.25, 8.8],
			"rotation": {"angle": 0, "axis": "y", "origin": [8.375, 9.5625, 8.425]},
			"faces": {
				"north": {"uv": [8, 3, 8.5, 5.5], "texture": "#3"},
				"east": {"uv": [4, 0, 5, 2.5], "texture": "#3"},
				"south": {"uv": [3, 8, 3.5, 10.5], "texture": "#3"},
				"west": {"uv": [0, 4, 1, 6.5], "texture": "#3"},
				"up": {"uv": [11.5, 6, 11, 5], "rotation": 180, "texture": "#3"},
				"down": {"uv": [6.5, 11, 6, 12], "rotation": 180, "texture": "#3"}
			}
		},
		{
			"from": [8, 7, 8.6],
			"to": [8.25, 10, 8.8],
			"rotation": {"angle": 0, "axis": "y", "origin": [8.375, 9.5625, 8.425]},
			"faces": {
				"north": {"uv": [7, 7, 7.5, 10], "texture": "#3"},
				"east": {"uv": [3, 0, 4, 3], "texture": "#3"},
				"south": {"uv": [7, 4, 7.5, 7], "texture": "#3"},
				"west": {"uv": [2, 0, 3, 3], "texture": "#3"},
				"up": {"uv": [11.5, 7, 11, 6], "rotation": 180, "texture": "#3"},
				"down": {"uv": [7.5, 11, 7, 12], "rotation": 180, "texture": "#3"}
			}
		},
		{
			"from": [8.25, 6.5, 8.6],
			"to": [8.5, 10, 8.8],
			"rotation": {"angle": 0, "axis": "y", "origin": [8.375, 9.5625, 8.425]},
			"faces": {
				"north": {"uv": [1, 7, 1.5, 10.5], "texture": "#3"},
				"east": {"uv": [1, 0, 2, 3.5], "texture": "#3"},
				"south": {"uv": [7, 0, 7.5, 3.5], "texture": "#3"},
				"west": {"uv": [0, 0, 1, 3.5], "texture": "#3"},
				"up": {"uv": [11.5, 11, 11, 10], "rotation": 180, "texture": "#3"},
				"down": {"uv": [11.5, 11, 11, 12], "rotation": 180, "texture": "#3"}
			}
		},
		{
			"from": [8.5, 7, 8.6],
			"to": [8.75, 10, 8.8],
			"rotation": {"angle": 0, "axis": "y", "origin": [8.375, 9.5625, 8.425]},
			"faces": {
				"north": {"uv": [2, 8, 2.5, 11], "texture": "#3"},
				"east": {"uv": [3, 3, 4, 6], "texture": "#3"},
				"south": {"uv": [8, 0, 8.5, 3], "texture": "#3"},
				"west": {"uv": [2, 3, 3, 6], "texture": "#3"},
				"up": {"uv": [11.5, 10, 11, 9], "rotation": 180, "texture": "#3"},
				"down": {"uv": [10.5, 11, 10, 12], "rotation": 180, "texture": "#3"}
			}
		},
		{
			"from": [8.75, 8, 8.6],
			"to": [9, 10.25, 8.8],
			"rotation": {"angle": 0, "axis": "y", "origin": [8.375, 9.5625, 8.425]},
			"faces": {
				"north": {"uv": [5, 8, 5.5, 10.5], "texture": "#3"},
				"east": {"uv": [4, 3, 5, 5.5], "texture": "#3"},
				"south": {"uv": [4, 8, 4.5, 10.5], "texture": "#3"},
				"west": {"uv": [1, 4, 2, 6.5], "texture": "#3"},
				"up": {"uv": [11.5, 9, 11, 8], "rotation": 180, "texture": "#3"},
				"down": {"uv": [9.5, 11, 9, 12], "rotation": 180, "texture": "#3"}
			}
		},
		{
			"from": [9, 8.75, 8.6],
			"to": [9.25, 10.5, 8.8],
			"rotation": {"angle": 0, "axis": "y", "origin": [8.375, 9.5625, 8.425]},
			"faces": {
				"north": {"uv": [10, 2, 10.5, 4], "texture": "#3"},
				"east": {"uv": [5, 6, 6, 8], "texture": "#3"},
				"south": {"uv": [10, 0, 10.5, 2], "texture": "#3"},
				"west": {"uv": [6, 4, 7, 6], "texture": "#3"},
				"up": {"uv": [11.5, 8, 11, 7], "rotation": 180, "texture": "#3"},
				"down": {"uv": [8.5, 11, 8, 12], "rotation": 180, "texture": "#3"}
			}
		},
		{
			"from": [9.25, 9.25, 8.6],
			"to": [9.5, 11.5, 8.8],
			"rotation": {"angle": 0, "axis": "y", "origin": [8.375, 9.5625, 8.425]},
			"faces": {
				"north": {"uv": [0, 9, 0.5, 11], "texture": "#3"},
				"east": {"uv": [5, 2, 6, 4], "texture": "#3"},
				"south": {"uv": [8, 7, 8.5, 9], "texture": "#3"},
				"west": {"uv": [5, 0, 6, 2], "texture": "#3"},
				"up": {"uv": [10.5, 11, 10, 10], "rotation": 180, "texture": "#3"},
				"down": {"uv": [0.5, 11, 0, 12], "rotation": 180, "texture": "#3"}
			}
		},
		{
			"from": [9.5, 9.75, 8.6],
			"to": [9.75, 11.75, 8.8],
			"rotation": {"angle": 0, "axis": "y", "origin": [8.375, 9.5625, 8.425]},
			"faces": {
				"north": {"uv": [10, 6, 10.5, 8], "texture": "#3"},
				"east": {"uv": [0, 7, 1, 9], "texture": "#3"},
				"south": {"uv": [10, 4, 10.5, 6], "texture": "#3"},
				"west": {"uv": [6, 6, 7, 8], "texture": "#3"},
				"up": {"uv": [0.5, 13, 0, 12], "rotation": 180, "texture": "#3"},
				"down": {"uv": [12.5, 0, 12, 1], "rotation": 180, "texture": "#3"}
			}
		},
		{
			"from": [9.75, 10.5, 8.6],
			"to": [10, 11.25, 8.8],
			"rotation": {"angle": 0, "axis": "y", "origin": [8.375, 9.5625, 8.425]},
			"faces": {
				"north": {"uv": [10, 8, 10.5, 9], "texture": "#3"},
				"east": {"uv": [8, 6, 9, 7], "texture": "#3"},
				"south": {"uv": [7, 10, 7.5, 11], "texture": "#3"},
				"west": {"uv": [6, 8, 7, 9], "texture": "#3"},
				"up": {"uv": [9.5, 11, 9, 10], "rotation": 180, "texture": "#3"},
				"down": {"uv": [10.5, 9, 10, 10], "rotation": 180, "texture": "#3"}
			}
		},
		{
			"from": [8.12678, 3.71612, 8.15],
			"to": [8.62678, 8.21612, 8.65],
			"rotation": {"angle": 0, "axis": "y", "origin": [2.55178, 8.61612, 8.375]},
			"faces": {
				"north": {"uv": [0, 0, 3, 15], "texture": "#4"},
				"east": {"uv": [3, 0, 6, 15], "texture": "#4"},
				"south": {"uv": [6, 0, 9, 15], "texture": "#4"},
				"west": {"uv": [9, 0, 12, 15], "texture": "#4"},
				"up": {"uv": [5, 1, 4, 0], "texture": "#4"},
				"down": {"uv": [5, 1, 4, 2], "texture": "#4"}
			}
		},
		{
			"from": [8.02678, 3.59112, 8.05],
			"to": [8.72678, 3.71612, 8.75],
			"rotation": {"angle": 0, "axis": "y", "origin": [2.55178, 8.61612, 8.375]},
			"faces": {
				"north": {"uv": [7.5, 14.2, 7.75, 15], "rotation": 90, "texture": "#3"},
				"east": {"uv": [7.5, 14.2, 7.75, 15], "rotation": 270, "texture": "#3"},
				"south": {"uv": [7.5, 14.2, 7.75, 15], "rotation": 270, "texture": "#3"},
				"west": {"uv": [7.5, 14.2, 7.75, 15], "rotation": 270, "texture": "#3"},
				"up": {"uv": [7.5, 14.2, 8.3, 15], "rotation": 270, "texture": "#3"},
				"down": {"uv": [7.5, 14.2, 8.3, 15], "rotation": 270, "texture": "#3"}
			}
		},
		{
			"from": [8.12678, 3.34112, 8.15],
			"to": [8.62678, 3.46612, 8.65],
			"rotation": {"angle": 0, "axis": "y", "origin": [2.55178, 8.61612, 8.375]},
			"faces": {
				"north": {"uv": [3.5, 14.7, 3.75, 15.2], "rotation": 90, "texture": "#3"},
				"east": {"uv": [3.5, 14.7, 3.75, 15.2], "rotation": 270, "texture": "#3"},
				"south": {"uv": [3.5, 14.7, 3.75, 15.2], "rotation": 270, "texture": "#3"},
				"west": {"uv": [3.5, 14.7, 3.75, 15.2], "rotation": 270, "texture": "#3"},
				"up": {"uv": [3.5, 14.7, 4, 15.2], "rotation": 270, "texture": "#3"},
				"down": {"uv": [3.5, 14.7, 4, 15.2], "rotation": 270, "texture": "#3"}
			}
		},
		{
			"from": [8.07678, 3.46612, 8.1],
			"to": [8.67678, 3.59112, 8.7],
			"rotation": {"angle": 0, "axis": "y", "origin": [2.55178, 8.61612, 8.375]},
			"faces": {
				"north": {"uv": [0, 15.2, 0.25, 16], "rotation": 90, "texture": "#3"},
				"east": {"uv": [0, 15.2, 0.25, 16], "rotation": 270, "texture": "#3"},
				"south": {"uv": [0, 15.2, 0.25, 16], "rotation": 270, "texture": "#3"},
				"west": {"uv": [0, 15.2, 0.25, 16], "rotation": 270, "texture": "#3"},
				"up": {"uv": [0, 15.2, 0.8, 16], "rotation": 270, "texture": "#3"},
				"down": {"uv": [0, 15.2, 0.8, 16], "rotation": 270, "texture": "#3"}
			}
		},
		{
			"from": [8.22678, 3.21612, 8.25],
			"to": [8.52678, 3.34112, 8.55],
			"rotation": {"angle": 0, "axis": "y", "origin": [2.55178, 8.61612, 8.375]},
			"faces": {
				"north": {"uv": [15, 11.2, 15.25, 11.7], "rotation": 90, "texture": "#3"},
				"east": {"uv": [15, 11.2, 15.25, 11.7], "rotation": 270, "texture": "#3"},
				"south": {"uv": [15, 11.2, 15.25, 11.7], "rotation": 270, "texture": "#3"},
				"west": {"uv": [15, 11.2, 15.25, 11.7], "rotation": 270, "texture": "#3"},
				"up": {"uv": [15, 11.2, 15.5, 11.7], "rotation": 270, "texture": "#3"},
				"down": {"uv": [15, 11.2, 15.5, 11.7], "rotation": 270, "texture": "#3"}
			}
		}
	],
	"display": {
		"thirdperson_righthand": {
			"rotation": [0, 90, 0],
			"translation": [-0.5, 1.25, 2.5]
		},
		"thirdperson_lefthand": {
			"rotation": [0, 90, 0],
			"translation": [-0.5, 1.25, 1.75]
		},
		"firstperson_righthand": {
			"rotation": [0, 90, 0],
			"translation": [0, 1.25, 0],
			"scale": [0.6, 0.6, 0.6]
		},
		"firstperson_lefthand": {
			"rotation": [0, 90, 0],
			"translation": [0, 1.25, 0],
			"scale": [0.6, 0.6, 0.6]
		},
		"ground": {
			"rotation": [180, 0, 0],
			"translation": [0, 19.5, 0],
			"scale": [0.9, 0.9, 0.9]
		},
		"gui": {
			"translation": [0, -2.75, 0],
			"scale": [0.7, 0.7, 0.7]
		},
		"fixed": {
			"translation": [-1, -15, -1.5],
			"scale": [2, 2, 2]
		}
	},
	"groups": [
		{
			"name": "blade",
			"origin": [8.375, 12.6875, 8.8125],
			"color": 0,
			"children": [
				0,
				1,
				2,
				3,
				4,
				5,
				6,
				7,
				8,
				9,
				10,
				11,
				12,
				13,
				14,
				15,
				16,
				17,
				18,
				19,
				20,
				21,
				22,
				23,
				24,
				25,
				26,
				27,
				28,
				29,
				30,
				31,
				32,
				33,
				34,
				35,
				36,
				37,
				38,
				39,
				40,
				41,
				42,
				43,
				44,
				45,
				46,
				47,
				48,
				49,
				50,
				51,
				52,
				53,
				54,
				55
			]
		},
		56,
		57,
		58,
		59,
		60,
		61,
		62,
		63,
		64,
		65,
		66,
		67,
		68,
		69,
		70,
		71,
		72,
		73,
		74,
		75,
		76,
		77,
		78,
		79,
		80,
		81,
		82,
		83,
		84,
		85,
		86,
		87,
		88,
		89,
		90,
		91,
		92,
		93,
		94,
		95,
		96,
		97,
		98,
		99,
		100,
		101
	]
}