{"credit":"Made with Blockbench","display":{"firstperson_lefthand":{"rotation":[0,90,0],"scale":[1.3,1.3,1.3],"translation":[2.75,2.75,0.5]},"firstperson_righthand":{"rotation":[0,90,0],"scale":[1.3,1.3,1.3],"translation":[1,2.75,0.5]},"fixed":{"rotation":[-90,0,0],"scale":[3,3,3],"translation":[0,0,-33.75]},"ground":{"rotation":[-90,0,0]},"gui":{"rotation":[0,44.75,44.5],"scale":[0.82031,0.82031,0.82031],"translation":[-0.5,0.25,0]},"head":{"rotation":[0,0,-110.25],"scale":[-2,2,2],"translation":[7,-14.25,4.5]},"thirdperson_lefthand":{"rotation":[0,90,0],"scale":[1.3,1.3,1.3],"translation":[0,2.75,0.5]},"thirdperson_righthand":{"rotation":[0,90,0],"scale":[1.3,1.3,1.3],"translation":[0,2.75,0.5]}},"elements":[{"faces":{"down":{"texture":"#1","uv":[15,9,16,13]},"east":{"texture":"#1","uv":[11,5,14,16]},"north":{"texture":"#1","uv":[13,5,16,16]},"south":{"texture":"#1","uv":[13,5,16,16]},"up":{"texture":"#1","uv":[15,9,16,13]},"west":{"texture":"#1","uv":[11,5,14,16]}},"from":[7.32881,2.41184,7.50165],"rotation":{"angle":0,"axis":"y","origin":[15.32881,10.41184,15.50165]},"to":[8.32881,6.41184,8.50165]},{"faces":{"down":{"texture":"#0","uv":[2.5,13.5,5,16]},"east":{"texture":"#0","uv":[2.5,15,5,16]},"north":{"texture":"#0","uv":[2.5,15,5,16]},"south":{"texture":"#0","uv":[2.5,15,5,16]},"up":{"texture":"#0","uv":[2.5,13.5,5,16]},"west":{"texture":"#0","uv":[2.5,15,5,16]}},"from":[7.07881,6.26184,7.25165],"rotation":{"angle":22.5,"axis":"z","origin":[8.07881,6.51184,8.25165]},"to":[8.82881,6.76184,8.75165]},{"faces":{"down":{"texture":"#0","uv":[2.5,13.5,5,16]},"east":{"texture":"#0","uv":[2.5,13.5,5,14.5]},"north":{"texture":"#0","uv":[2.5,13.5,5,14.5]},"south":{"texture":"#0","uv":[2.5,13.5,5,14.5]},"up":{"texture":"#0","uv":[2.5,13.5,5,16]},"west":{"texture":"#0","uv":[2.5,13.5,5,14.5]}},"from":[6.82881,2.06184,7.25165],"rotation":{"angle":22.5,"axis":"z","origin":[7.57881,2.31184,8.25165]},"to":[8.57881,2.56184,8.75165]},{"faces":{"down":{"rotation":90,"texture":"#0","uv":[7,1,5,2]},"east":{"texture":"#0","uv":[10,0,5,2]},"north":{"texture":"#0","uv":[5,0,10,2]},"south":{"texture":"#0","uv":[5,0,10,2]},"up":{"rotation":90,"texture":"#0","uv":[5,13.5,2.5,16]},"west":{"texture":"#0","uv":[10,0,5,2]}},"from":[6.53977,13.1507,6.75165],"rotation":{"angle":0,"axis":"y","origin":[7.78977,12.7757,8.00165]},"to":[9.03977,13.6507,9.25165]},{"faces":{"down":{"rotation":90,"texture":"#0","uv":[7,1,5,2]},"east":{"texture":"#0","uv":[10,0,5,2]},"north":{"texture":"#0","uv":[5,0,10,2]},"south":{"texture":"#0","uv":[5,0,10,2]},"up":{"rotation":90,"texture":"#0","uv":[5,13.5,2.5,16]},"west":{"texture":"#0","uv":[10,0,5,2]}},"from":[6.53977,11.1507,6.75165],"rotation":{"angle":0,"axis":"y","origin":[7.78977,12.7757,8.00165]},"to":[9.03977,11.6507,9.25165]},{"faces":{"down":{"texture":"#0","uv":[6,1,8,2]},"east":{"texture":"#0","uv":[6,1,8,2]},"north":{"texture":"#0","uv":[6,1,8,2]},"south":{"texture":"#0","uv":[6,1,8,2]},"up":{"texture":"#0","uv":[6,1,8,2]},"west":{"texture":"#0","uv":[6,1,8,2]}},"from":[7.03977,13.6507,7.25165],"rotation":{"angle":0,"axis":"y","origin":[7.78977,12.7757,8.00165]},"to":[8.53977,14.1507,8.75165]},{"faces":{"down":{"texture":"#0","uv":[8,6,9,7]},"east":{"texture":"#0","uv":[5,5,9,8]},"north":{"texture":"#0","uv":[5,5,9,8]},"south":{"texture":"#0","uv":[5,5,9,8]},"up":{"texture":"#0","uv":[8,6,9,7]},"west":{"texture":"#0","uv":[5,5,9,8]}},"from":[7.03977,11.6507,7.25165],"rotation":{"angle":0,"axis":"y","origin":[7.78977,12.7757,8.00165]},"to":[8.53977,13.1507,8.75165]},{"faces":{"down":{"texture":"#0","uv":[2.5,13.5,5,16]},"east":{"texture":"#0","uv":[1,1,2.5,16]},"north":{"texture":"#0","uv":[1,1,2.5,16]},"south":{"texture":"#0","uv":[1,1,2.5,16]},"up":{"texture":"#0","uv":[2.5,13.5,5,16]},"west":{"texture":"#0","uv":[1,1,2.5,16]}},"from":[8.9198,-1.5756,7.75165],"rotation":{"angle":45,"axis":"z","origin":[9.1698,-1.0756,8.00165]},"to":[9.4198,0.9244,8.25165]},{"faces":{"down":{"rotation":90,"texture":"#0","uv":[1,1,2.5,16]},"east":{"rotation":90,"texture":"#0","uv":[2.5,13.5,5,16]},"north":{"rotation":90,"texture":"#0","uv":[1,1,2.5,16]},"south":{"rotation":90,"texture":"#0","uv":[1,1,2.5,16]},"up":{"rotation":90,"texture":"#0","uv":[1,1,2.5,16]},"west":{"rotation":90,"texture":"#0","uv":[2.5,13.5,5,16]}},"from":[8.75559,-3.09336,7.75165],"rotation":{"angle":45,"axis":"z","origin":[7.75559,-2.84336,8.00165]},"to":[9.75559,-2.59336,8.25165]},{"faces":{"down":{"texture":"#0","uv":[2.5,13.5,5,16]},"east":{"texture":"#0","uv":[2.5,13.5,5,16]},"north":{"texture":"#0","uv":[2.5,13.5,5,16]},"south":{"texture":"#0","uv":[2.5,13.5,5,16]},"up":{"texture":"#0","uv":[2.5,13.5,5,16]},"west":{"texture":"#0","uv":[2.5,13.5,5,16]}},"from":[10.12691,-2.19692,7.75165],"rotation":{"angle":45,"axis":"z","origin":[10.37691,-3.19692,8.00165]},"to":[10.62691,-1.69692,8.25165]},{"faces":{"down":{"rotation":90,"texture":"#0","uv":[1,1,2.5,16]},"east":{"texture":"#0","uv":[2.5,13.5,5,16]},"north":{"rotation":90,"texture":"#0","uv":[1,1,2.5,16]},"south":{"rotation":90,"texture":"#0","uv":[1,1,2.5,16]},"up":{"rotation":90,"texture":"#0","uv":[1,1,2.5,16]},"west":{"texture":"#0","uv":[2.5,13.5,5,16]}},"from":[8.60914,-4.15402,7.75165],"rotation":{"angle":45,"axis":"z","origin":[8.60914,-3.90402,8.00165]},"to":[10.60914,-3.65402,8.25165]},{"faces":{"down":{"texture":"#0","uv":[2.5,13.5,5,16]},"east":{"rotation":180,"texture":"#0","uv":[1,1,2.5,16]},"north":{"rotation":180,"texture":"#0","uv":[1,1,2.5,16]},"south":{"rotation":180,"texture":"#0","uv":[1,1,2.5,16]},"up":{"texture":"#0","uv":[2.5,13.5,5,16]},"west":{"rotation":180,"texture":"#0","uv":[1,1,2.5,16]}},"from":[6.23782,-2.0756,7.77665],"rotation":{"angle":-45,"axis":"z","origin":[6.48782,-1.0756,8.00165]},"to":[6.73782,0.9244,8.22665]},{"faces":{"down":{"texture":"#0","uv":[2.5,13.5,5,16]},"east":{"texture":"#0","uv":[1,1,2.5,16]},"north":{"texture":"#0","uv":[1,1,2.5,16]},"south":{"texture":"#0","uv":[1,1,2.5,16]},"up":{"texture":"#0","uv":[0,0,0.5,0.5]},"west":{"texture":"#0","uv":[1,1,2.5,16]}},"from":[6.94493,-4.84336,7.75165],"rotation":{"angle":45,"axis":"z","origin":[7.19493,-2.84336,8.00165]},"to":[7.44493,-1.34336,8.25165]},{"faces":{"down":{"texture":"#0","uv":[0,0,0.5,0.5]},"east":{"texture":"#0","uv":[1,0,2.5,16]},"north":{"texture":"#0","uv":[1,0,2.5,16]},"south":{"texture":"#0","uv":[1,0,2.5,16]},"up":{"texture":"#0","uv":[0,0,0.5,0.5]},"west":{"texture":"#0","uv":[1,0,2.5,16]}},"from":[7.57881,0.16184,7.80165],"rotation":{"angle":0,"axis":"y","origin":[7.82881,0.41184,8.00165]},"to":[8.07881,2.41184,8.20165]},{"faces":{"down":{"texture":"#0","uv":[16,13,16,13]},"east":{"texture":"#0","uv":[16,13,16,13]},"north":{"rotation":180,"texture":"#0","uv":[13.5,12.5,16,16]},"south":{"rotation":180,"texture":"#0","uv":[13.5,12.5,16,16]},"up":{"texture":"#0","uv":[16,13,16,13]},"west":{"texture":"#0","uv":[16,13,16,13]}},"from":[7.57881,-0.83816,8.00165],"rotation":{"angle":45,"axis":"z","origin":[7.82881,-0.08816,8.00165]},"to":[8.07881,-0.08816,8.00165]},{"faces":{"down":{"rotation":270,"texture":"#0","uv":[16,13,16,13]},"east":{"rotation":270,"texture":"#0","uv":[16,13,16,13]},"north":{"rotation":270,"texture":"#0","uv":[13.5,12.5,16,16]},"south":{"rotation":90,"texture":"#0","uv":[13.5,12.5,16,16]},"up":{"rotation":270,"texture":"#0","uv":[16,13,16,13]},"west":{"rotation":270,"texture":"#0","uv":[16,13,16,13]}},"from":[11.28149,13.17404,8.001],"rotation":{"angle":45,"axis":"z","origin":[11.55381,13.15173,8.00165]},"to":[12.03149,13.67404,8.001]},{"faces":{"down":{"rotation":180,"texture":"#0","uv":[16,13,16,13]},"east":{"rotation":180,"texture":"#0","uv":[16,13,16,13]},"north":{"texture":"#0","uv":[13.5,12.5,16,16]},"south":{"texture":"#0","uv":[13.5,12.5,16,16]},"up":{"rotation":180,"texture":"#0","uv":[16,13,16,13]},"west":{"rotation":180,"texture":"#0","uv":[16,13,16,13]}},"from":[7.30649,14.47941,8.00165],"rotation":{"angle":45,"axis":"z","origin":[7.82881,14.75173,8.00165]},"to":[7.80649,15.22941,8.00165]},{"faces":{"down":{"texture":"#0","uv":[16,13,16,13]},"east":{"texture":"#0","uv":[16,13,16,13]},"north":{"rotation":180,"texture":"#0","uv":[13.5,12.5,16,16]},"south":{"rotation":180,"texture":"#0","uv":[13.5,12.5,16,16]},"up":{"texture":"#0","uv":[16,13,16,13]},"west":{"texture":"#0","uv":[16,13,16,13]}},"from":[11.85112,8.02404,8.00165],"rotation":{"angle":45,"axis":"z","origin":[11.82881,8.50173,8.00165]},"to":[12.35112,8.77404,8.00165]},{"faces":{"down":{"texture":"#0","uv":[16,13,16,13]},"east":{"texture":"#0","uv":[16,13,16,13]},"north":{"rotation":180,"texture":"#0","uv":[13.5,12.5,16,16]},"south":{"rotation":180,"texture":"#0","uv":[13.5,12.5,16,16]},"up":{"texture":"#0","uv":[16,13,16,13]},"west":{"texture":"#0","uv":[16,13,16,13]}},"from":[4.10112,8.02404,8.00165],"rotation":{"angle":45,"axis":"z","origin":[4.07881,8.50173,8.00165]},"to":[4.60112,8.77404,8.00165]},{"faces":{"down":{"rotation":270,"texture":"#0","uv":[16,13,16,13]},"east":{"rotation":270,"texture":"#0","uv":[16,13,16,13]},"north":{"rotation":270,"texture":"#0","uv":[13.5,16,16,12.5]},"south":{"rotation":90,"texture":"#0","uv":[13.5,16,16,12.5]},"up":{"rotation":270,"texture":"#0","uv":[16,13,16,13]},"west":{"rotation":270,"texture":"#0","uv":[16,13,16,13]}},"from":[3.86387,13.17404,8.001],"rotation":{"angle":-45,"axis":"z","origin":[4.34155,13.15173,8.00165]},"to":[4.61387,13.67404,8.001]},{"faces":{"down":{"texture":"#0","uv":[16,13,16,13]},"east":{"texture":"#0","uv":[16,13,16,13]},"north":{"rotation":180,"texture":"#0","uv":[13.5,12.5,16,16]},"south":{"rotation":180,"texture":"#0","uv":[13.5,12.5,16,16]},"up":{"texture":"#0","uv":[16,13,16,13]},"west":{"texture":"#0","uv":[16,13,16,13]}},"from":[7.57881,-1.08816,8.002],"rotation":{"angle":0,"axis":"y","origin":[7.82881,-2.33816,8.00165]},"to":[8.07881,-0.33816,8.002]},{"faces":{"down":{"rotation":270,"texture":"#0","uv":[16,13,16,13]},"east":{"rotation":270,"texture":"#0","uv":[16,13,16,13]},"north":{"rotation":270,"texture":"#0","uv":[13.5,12.5,16,16]},"south":{"rotation":90,"texture":"#0","uv":[13.5,12.5,16,16]},"up":{"rotation":270,"texture":"#0","uv":[16,13,16,13]},"west":{"rotation":270,"texture":"#0","uv":[16,13,16,13]}},"from":[11.4187,12.90173,8.002],"rotation":{"angle":0,"axis":"z","origin":[11.55381,13.15173,8.00165]},"to":[12.1687,13.40173,8.002]},{"faces":{"down":{"rotation":180,"texture":"#0","uv":[16,13,16,13]},"east":{"rotation":180,"texture":"#0","uv":[16,13,16,13]},"north":{"texture":"#0","uv":[13.5,12.5,16,16]},"south":{"texture":"#0","uv":[13.5,12.5,16,16]},"up":{"rotation":180,"texture":"#0","uv":[16,13,16,13]},"west":{"rotation":180,"texture":"#0","uv":[16,13,16,13]}},"from":[7.57881,14.61662,8.002],"rotation":{"angle":0,"axis":"z","origin":[7.82881,14.75173,8.00165]},"to":[8.07881,15.36662,8.002]},{"faces":{"down":{"texture":"#0","uv":[16,13,16,13]},"east":{"texture":"#0","uv":[16,13,16,13]},"north":{"rotation":180,"texture":"#0","uv":[13.5,12.5,16,16]},"south":{"rotation":180,"texture":"#0","uv":[13.5,12.5,16,16]},"up":{"texture":"#0","uv":[16,13,16,13]},"west":{"texture":"#0","uv":[16,13,16,13]}},"from":[11.57881,7.88684,8.002],"rotation":{"angle":0,"axis":"z","origin":[11.82881,8.50173,8.00165]},"to":[12.07881,8.63684,8.002]},{"faces":{"down":{"texture":"#0","uv":[16,13,16,13]},"east":{"texture":"#0","uv":[16,13,16,13]},"north":{"rotation":180,"texture":"#0","uv":[13.5,12.5,16,16]},"south":{"rotation":180,"texture":"#0","uv":[13.5,12.5,16,16]},"up":{"texture":"#0","uv":[16,13,16,13]},"west":{"texture":"#0","uv":[16,13,16,13]}},"from":[3.82881,7.88684,8.002],"rotation":{"angle":0,"axis":"z","origin":[4.07881,8.50173,8.00165]},"to":[4.32881,8.63684,8.002]},{"faces":{"down":{"rotation":270,"texture":"#0","uv":[16,13,16,13]},"east":{"rotation":270,"texture":"#0","uv":[16,13,16,13]},"north":{"rotation":270,"texture":"#0","uv":[13.5,16,16,12.5]},"south":{"rotation":90,"texture":"#0","uv":[13.5,16,16,12.5]},"up":{"rotation":270,"texture":"#0","uv":[16,13,16,13]},"west":{"rotation":270,"texture":"#0","uv":[16,13,16,13]}},"from":[3.72666,12.90173,8.002],"rotation":{"angle":0,"axis":"z","origin":[4.34155,13.15173,8.00165]},"to":[4.47666,13.40173,8.002]},{"faces":{"down":{"texture":"#0","uv":[16,13,16,13]},"east":{"texture":"#0","uv":[16,13,16,13]},"north":{"rotation":180,"texture":"#0","uv":[13.5,12.5,16,16]},"south":{"rotation":180,"texture":"#0","uv":[13.5,12.5,16,16]},"up":{"texture":"#0","uv":[16,13,16,13]},"west":{"texture":"#0","uv":[16,13,16,13]}},"from":[7.97881,-2.73816,8.00165],"rotation":{"angle":-45,"axis":"z","origin":[8.22881,-2.36316,8.00165]},"to":[8.47881,-1.98816,8.00165]},{"faces":{"down":{"rotation":90,"texture":"#0","uv":[16,13,16,13]},"east":{"rotation":90,"texture":"#0","uv":[16,13,16,13]},"north":{"rotation":90,"texture":"#0","uv":[13.5,12.5,16,16]},"south":{"rotation":270,"texture":"#0","uv":[13.5,12.5,16,16]},"up":{"rotation":90,"texture":"#0","uv":[16,13,16,13]},"west":{"rotation":90,"texture":"#0","uv":[16,13,16,13]}},"from":[9.12881,-1.98816,8.00165],"rotation":{"angle":-45,"axis":"z","origin":[9.10381,-1.93816,8.00165]},"to":[9.40381,-1.78816,8.00165]},{"faces":{"down":{"rotation":180,"texture":"#0","uv":[16,13,16,13]},"east":{"rotation":180,"texture":"#0","uv":[16,13,16,13]},"north":{"texture":"#0","uv":[13.5,12.5,16,16]},"south":{"texture":"#0","uv":[13.5,12.5,16,16]},"up":{"rotation":180,"texture":"#0","uv":[16,13,16,13]},"west":{"rotation":180,"texture":"#0","uv":[16,13,16,13]}},"from":[9.25407,-2.11379,8.00165],"rotation":{"angle":0,"axis":"z","origin":[9.35407,-2.11771,8.00165]},"to":[9.45407,-1.83879,8.00165]},{"faces":{"down":{"rotation":90,"texture":"#0","uv":[16,13,16,13]},"east":{"rotation":90,"texture":"#0","uv":[16,13,16,13]},"north":{"rotation":90,"texture":"#0","uv":[13.5,12.5,16,16]},"south":{"rotation":270,"texture":"#0","uv":[13.5,12.5,16,16]},"up":{"rotation":90,"texture":"#0","uv":[16,13,16,13]},"west":{"rotation":90,"texture":"#0","uv":[16,13,16,13]}},"from":[9.07514,-2.21771,8.00165],"rotation":{"angle":0,"axis":"z","origin":[9.35407,-2.11771,8.00165]},"to":[9.35014,-2.01771,8.00165]},{"faces":{"down":{"texture":"#0","uv":[16,13,16,13]},"east":{"texture":"#0","uv":[16,13,16,13]},"north":{"rotation":180,"texture":"#0","uv":[13.5,12.5,16,16]},"south":{"rotation":180,"texture":"#0","uv":[13.5,12.5,16,16]},"up":{"texture":"#0","uv":[16,13,16,13]},"west":{"texture":"#0","uv":[16,13,16,13]}},"from":[7.57881,-0.83816,8.001],"rotation":{"angle":-45,"axis":"z","origin":[7.82881,-0.08816,8.00165]},"to":[8.07881,-0.08816,8.001]},{"faces":{"down":{"texture":"#0","uv":[16,13,16,13]},"east":{"texture":"#0","uv":[16,13,16,13]},"north":{"rotation":180,"texture":"#0","uv":[13.5,12.5,16,16]},"south":{"rotation":180,"texture":"#0","uv":[13.5,12.5,16,16]},"up":{"texture":"#0","uv":[16,13,16,13]},"west":{"texture":"#0","uv":[16,13,16,13]}},"from":[11.03149,12.67404,8.00165],"rotation":{"angle":45,"axis":"z","origin":[11.55381,13.15173,8.00165]},"to":[11.53149,13.42404,8.00165]},{"faces":{"down":{"rotation":270,"texture":"#0","uv":[16,13,16,13]},"east":{"rotation":270,"texture":"#0","uv":[16,13,16,13]},"north":{"rotation":270,"texture":"#0","uv":[13.5,12.5,16,16]},"south":{"rotation":90,"texture":"#0","uv":[13.5,12.5,16,16]},"up":{"rotation":270,"texture":"#0","uv":[16,13,16,13]},"west":{"rotation":270,"texture":"#0","uv":[16,13,16,13]}},"from":[7.55649,14.22941,8.001],"rotation":{"angle":45,"axis":"z","origin":[7.82881,14.75173,8.00165]},"to":[8.30649,14.72941,8.001]},{"faces":{"down":{"rotation":90,"texture":"#0","uv":[16,13,16,13]},"east":{"rotation":90,"texture":"#0","uv":[16,13,16,13]},"north":{"rotation":90,"texture":"#0","uv":[13.5,12.5,16,16]},"south":{"rotation":270,"texture":"#0","uv":[13.5,12.5,16,16]},"up":{"rotation":90,"texture":"#0","uv":[16,13,16,13]},"west":{"rotation":90,"texture":"#0","uv":[16,13,16,13]}},"from":[11.35112,8.52404,8.001],"rotation":{"angle":45,"axis":"z","origin":[11.82881,8.50173,8.00165]},"to":[12.10112,9.02404,8.001]},{"faces":{"down":{"rotation":90,"texture":"#0","uv":[16,13,16,13]},"east":{"rotation":90,"texture":"#0","uv":[16,13,16,13]},"north":{"rotation":90,"texture":"#0","uv":[13.5,12.5,16,16]},"south":{"rotation":270,"texture":"#0","uv":[13.5,12.5,16,16]},"up":{"rotation":90,"texture":"#0","uv":[16,13,16,13]},"west":{"rotation":90,"texture":"#0","uv":[16,13,16,13]}},"from":[3.60112,8.52404,8.001],"rotation":{"angle":45,"axis":"z","origin":[4.07881,8.50173,8.00165]},"to":[4.35112,9.02404,8.001]},{"faces":{"down":{"texture":"#0","uv":[16,13,16,13]},"east":{"texture":"#0","uv":[16,13,16,13]},"north":{"rotation":180,"texture":"#0","uv":[16,12.5,13.5,16]},"south":{"rotation":180,"texture":"#0","uv":[16,12.5,13.5,16]},"up":{"texture":"#0","uv":[16,13,16,13]},"west":{"texture":"#0","uv":[16,13,16,13]}},"from":[4.36387,12.67404,8.00165],"rotation":{"angle":-45,"axis":"z","origin":[4.34155,13.15173,8.00165]},"to":[4.86387,13.42404,8.00165]},{"faces":{"down":{"texture":"#0","uv":[0,0,0.5,0.5]},"east":{"texture":"#0","uv":[1,0,2.5,16]},"north":{"texture":"#0","uv":[1,0,2.5,16]},"south":{"texture":"#0","uv":[1,0,2.5,16]},"up":{"texture":"#0","uv":[0,0,0.5,0.5]},"west":{"texture":"#0","uv":[1,0,2.5,16]}},"from":[6.83247,-1.44025,7.80165],"rotation":{"angle":-22.5,"axis":"z","origin":[7.08247,0.65975,8.00165]},"to":[7.33247,2.65975,8.20165]},{"faces":{"down":{"texture":"#0","uv":[0,0,0.5,0.5]},"east":{"texture":"#0","uv":[1,0,2.5,16]},"north":{"texture":"#0","uv":[1,0,2.5,16]},"south":{"texture":"#0","uv":[1,0,2.5,16]},"up":{"texture":"#0","uv":[0,0,0.5,0.5]},"west":{"texture":"#0","uv":[1,0,2.5,16]}},"from":[8.32515,-1.44025,7.77665],"rotation":{"angle":22.5,"axis":"z","origin":[8.57515,0.65975,8.00165]},"to":[8.82515,2.65975,8.22665]},{"faces":{"down":{"texture":"#0","uv":[0,0,0.5,0.5]},"east":{"texture":"#0","uv":[1,0,2.5,16]},"north":{"texture":"#0","uv":[1,0,2.5,16]},"south":{"texture":"#0","uv":[1,0,2.5,16]},"up":{"texture":"#0","uv":[0,0,0.5,0.5]},"west":{"texture":"#0","uv":[1,0,2.5,16]}},"from":[8.9198,7.89928,7.75165],"rotation":{"angle":-45,"axis":"z","origin":[9.1698,9.89928,8.00165]},"to":[9.4198,10.89928,8.25165]},{"faces":{"down":{"texture":"#0","uv":[0,0,0.5,0.5]},"east":{"texture":"#0","uv":[1,0,2.5,16]},"north":{"texture":"#0","uv":[1,0,2.5,16]},"south":{"texture":"#0","uv":[1,0,2.5,16]},"up":{"texture":"#0","uv":[0,0,0.5,0.5]},"west":{"texture":"#0","uv":[1,0,2.5,16]}},"from":[6.23782,7.89928,7.77665],"rotation":{"angle":45,"axis":"z","origin":[6.48782,9.89928,8.00165]},"to":[6.73782,10.89928,8.22665]},{"faces":{"down":{"rotation":180,"texture":"#0","uv":[2.5,13.5,5,16]},"east":{"rotation":180,"texture":"#0","uv":[2.5,13.5,5,16]},"north":{"rotation":180,"texture":"#0","uv":[2.5,13.5,5,16]},"south":{"rotation":180,"texture":"#0","uv":[2.5,13.5,5,16]},"up":{"rotation":180,"texture":"#0","uv":[2.5,13.5,5,16]},"west":{"rotation":180,"texture":"#0","uv":[2.5,13.5,5,16]}},"from":[4.01406,11.06756,7.85165],"rotation":{"angle":-22.5,"axis":"z","origin":[4.01406,11.31756,8.00165]},"to":[6.01406,11.56756,8.15165]},{"faces":{"down":{"rotation":90,"texture":"#0","uv":[1,0,2.5,16]},"east":{"rotation":270,"texture":"#0","uv":[2.5,13.5,5,16]},"north":{"rotation":180,"texture":"#0","uv":[2.5,13.5,5,16]},"south":{"rotation":180,"texture":"#0","uv":[2.5,13.5,5,16]},"up":{"rotation":90,"texture":"#0","uv":[1,0,2.5,16]},"west":{"rotation":180,"texture":"#0","uv":[2.5,13.5,5,16]}},"from":[3.70801,10.52898,7.85165],"rotation":{"angle":-22.5,"axis":"z","origin":[3.95801,10.52898,8.00165]},"to":[4.20801,11.02898,8.15165]},{"faces":{"down":{"rotation":90,"texture":"#0","uv":[1,0,2.5,16]},"east":{"rotation":270,"texture":"#0","uv":[2.5,13.5,5,16]},"north":{"rotation":180,"texture":"#0","uv":[2.5,13.5,5,16]},"south":{"rotation":180,"texture":"#0","uv":[2.5,13.5,5,16]},"up":{"rotation":90,"texture":"#0","uv":[1,0,2.5,16]},"west":{"rotation":180,"texture":"#0","uv":[2.5,13.5,5,16]}},"from":[11.35393,10.50995,7.85165],"rotation":{"angle":22.5,"axis":"z","origin":[11.60393,10.75995,8.00165]},"to":[11.85393,11.00995,8.15165]},{"faces":{"down":{"rotation":180,"texture":"#0","uv":[2.5,13.5,5,16]},"east":{"rotation":180,"texture":"#0","uv":[2.5,13.5,5,16]},"north":{"rotation":180,"texture":"#0","uv":[2.5,13.5,5,16]},"south":{"rotation":180,"texture":"#0","uv":[2.5,13.5,5,16]},"up":{"rotation":180,"texture":"#0","uv":[2.5,13.5,5,16]},"west":{"rotation":180,"texture":"#0","uv":[2.5,13.5,5,16]}},"from":[9.64356,11.06756,7.85165],"rotation":{"angle":22.5,"axis":"z","origin":[11.64356,11.31756,8.00165]},"to":[11.64356,11.56756,8.15165]},{"faces":{"down":{"rotation":90,"texture":"#0","uv":[1,0,2.5,16]},"east":{"rotation":90,"texture":"#0","uv":[2.5,13.5,5,16]},"north":{"rotation":90,"texture":"#0","uv":[1,0,2.5,16]},"south":{"rotation":90,"texture":"#0","uv":[1,0,2.5,16]},"up":{"rotation":90,"texture":"#0","uv":[1,0,2.5,16]},"west":{"rotation":90,"texture":"#0","uv":[2.5,13.5,5,16]}},"from":[4.89931,13.48564,7.85165],"rotation":{"angle":22.5,"axis":"z","origin":[6.39931,13.73564,8.00165]},"to":[7.39931,13.98564,8.15165]},{"faces":{"down":{"rotation":90,"texture":"#0","uv":[1,1,2.5,16]},"east":{"texture":"#0","uv":[2.5,13.5,5,16]},"north":{"rotation":90,"texture":"#0","uv":[1,1,2.5,16]},"south":{"rotation":90,"texture":"#0","uv":[1,1,2.5,16]},"up":{"rotation":90,"texture":"#0","uv":[1,1,2.5,16]},"west":{"texture":"#0","uv":[2.5,13.5,5,16]}},"from":[5.90092,11.06756,7.85165],"rotation":{"angle":22.5,"axis":"z","origin":[7.90092,11.31756,8.00165]},"to":[7.90092,11.56756,8.15165]},{"faces":{"down":{"rotation":90,"texture":"#0","uv":[1,1,2.5,16]},"east":{"texture":"#0","uv":[2.5,13.5,5,16]},"north":{"rotation":90,"texture":"#0","uv":[1,1,2.5,16]},"south":{"rotation":90,"texture":"#0","uv":[1,0,2.5,16]},"up":{"rotation":90,"texture":"#0","uv":[1,1,2.5,16]},"west":{"texture":"#0","uv":[2.5,13.5,5,16]}},"from":[7.60446,10.30219,7.85165],"rotation":{"angle":-22.5,"axis":"z","origin":[9.60446,10.55219,8.00165]},"to":[9.60446,10.80219,8.15165]},{"faces":{"down":{"rotation":90,"texture":"#0","uv":[1,0,2.5,16]},"east":{"rotation":90,"texture":"#0","uv":[2.5,13.5,5,16]},"north":{"rotation":90,"texture":"#0","uv":[1,0,2.5,16]},"south":{"rotation":90,"texture":"#0","uv":[1,0,2.5,16]},"up":{"rotation":90,"texture":"#0","uv":[1,0,2.5,16]},"west":{"rotation":90,"texture":"#0","uv":[2.5,13.5,5,16]}},"from":[8.18218,13.10296,7.85165],"rotation":{"angle":-22.5,"axis":"z","origin":[10.18218,13.35296,8.00165]},"to":[10.68218,13.60296,8.15165]},{"faces":{"down":{"rotation":90,"texture":"#0","uv":[1,0,2.5,16]},"east":{"rotation":90,"texture":"#0","uv":[2.5,13.5,5,16]},"north":{"rotation":90,"texture":"#0","uv":[1,0,2.5,16]},"south":{"rotation":90,"texture":"#0","uv":[1,0,2.5,16]},"up":{"rotation":90,"texture":"#0","uv":[1,0,2.5,16]},"west":{"rotation":90,"texture":"#0","uv":[2.5,13.5,5,16]}},"from":[7.22752,13.84929,7.85165],"rotation":{"angle":0,"axis":"z","origin":[9.22752,14.09929,8.00165]},"to":[8.43009,14.34929,8.15165]},{"faces":{"down":{"texture":"#0","uv":[2.5,13.5,5,16]},"east":{"texture":"#0","uv":[2.5,13.5,5,16]},"north":{"texture":"#0","uv":[2.5,13.5,5,16]},"south":{"texture":"#0","uv":[2.5,13.5,5,16]},"up":{"texture":"#0","uv":[2.5,13.5,5,16]},"west":{"texture":"#0","uv":[2.5,13.5,5,16]}},"from":[8.03073,14.47061,7.75165],"rotation":{"angle":45,"axis":"z","origin":[8.83201,14.72061,8.00165]},"to":[8.9333,14.97061,8.25165]},{"faces":{"down":{"texture":"#0","uv":[2.5,13.5,5,16]},"east":{"texture":"#0","uv":[2.5,13.5,5,16]},"north":{"texture":"#0","uv":[2.5,13.5,5,16]},"south":{"texture":"#0","uv":[2.5,13.5,5,16]},"up":{"texture":"#0","uv":[2.5,13.5,5,16]},"west":{"texture":"#0","uv":[2.5,13.5,5,16]}},"from":[6.66574,14.32919,7.75165],"rotation":{"angle":-45,"axis":"z","origin":[6.96702,14.57919,8.00165]},"to":[7.56831,14.82919,8.25165]},{"faces":{"down":{"texture":"#0","uv":[0,0,0.5,0.5]},"east":{"texture":"#0","uv":[1,0,2.5,16]},"north":{"texture":"#0","uv":[1,0,2.5,16]},"south":{"texture":"#0","uv":[1,0,2.5,16]},"up":{"texture":"#0","uv":[0,0,0.5,0.5]},"west":{"texture":"#0","uv":[1,0,2.5,16]}},"from":[4.81954,10.37304,7.75165],"rotation":{"angle":22.5,"axis":"z","origin":[5.06954,12.37304,8.00165]},"to":[5.31954,13.37304,8.25165]},{"faces":{"down":{"texture":"#0","uv":[0,0,0.5,0.5]},"east":{"texture":"#0","uv":[1,0,2.5,16]},"north":{"texture":"#0","uv":[1,0,2.5,16]},"south":{"texture":"#0","uv":[1,0,2.5,16]},"up":{"texture":"#0","uv":[0,0,0.5,0.5]},"west":{"texture":"#0","uv":[1,0,2.5,16]}},"from":[10.33808,10.37304,7.75165],"rotation":{"angle":-22.5,"axis":"z","origin":[10.58808,12.37304,8.00165]},"to":[10.83808,13.37304,8.25165]},{"faces":{"down":{"texture":"#0","uv":[2.5,13.5,5,16]},"east":{"texture":"#0","uv":[1,0,2.5,16]},"north":{"texture":"#0","uv":[1,0,2.5,16]},"south":{"texture":"#0","uv":[1,0,2.5,16]},"up":{"texture":"#0","uv":[2.5,13.5,5,16]},"west":{"texture":"#0","uv":[1,0,2.5,16]}},"from":[5.79687,12.43868,7.72665],"rotation":{"angle":-45,"axis":"z","origin":[6.04687,14.43868,8.00165]},"to":[6.29687,15.43868,8.27665]},{"faces":{"down":{"texture":"#0","uv":[2.5,13.5,5,16]},"east":{"texture":"#0","uv":[1,0,2.5,16]},"north":{"texture":"#0","uv":[1,0,2.5,16]},"south":{"texture":"#0","uv":[1,0,2.5,16]},"up":{"texture":"#0","uv":[2.5,13.5,5,16]},"west":{"texture":"#0","uv":[1,0,2.5,16]}},"from":[9.36074,12.43868,7.72665],"rotation":{"angle":45,"axis":"z","origin":[9.61074,14.43868,8.00165]},"to":[9.86074,15.43868,8.27665]},{"faces":{"down":{"texture":"#0","uv":[0,0,0.5,0.5]},"east":{"texture":"#0","uv":[1,0,2.5,16]},"north":{"texture":"#0","uv":[1,0,2.5,16]},"south":{"texture":"#0","uv":[1,0,2.5,16]},"up":{"texture":"#0","uv":[0,0,0.5,0.5]},"west":{"texture":"#0","uv":[1,0,2.5,16]}},"from":[7.57881,6.41184,7.80165],"rotation":{"angle":0,"axis":"y","origin":[7.82881,8.41184,8.00165]},"to":[8.07881,8.66184,8.20165]},{"faces":{"down":{"texture":"#0","uv":[0,0,0.5,0.5]},"east":{"texture":"#0","uv":[1,0,2.5,16]},"north":{"texture":"#0","uv":[1,0,2.5,16]},"south":{"texture":"#0","uv":[1,0,2.5,16]},"up":{"texture":"#0","uv":[0,0,0.5,0.5]},"west":{"texture":"#0","uv":[1,0,2.5,16]}},"from":[6.83247,6.16393,7.80165],"rotation":{"angle":22.5,"axis":"z","origin":[7.08247,8.16393,8.00165]},"to":[7.33247,10.26393,8.20165]},{"faces":{"down":{"texture":"#0","uv":[0,0,0.5,0.5]},"east":{"texture":"#0","uv":[1,0,2.5,16]},"north":{"texture":"#0","uv":[1,0,2.5,16]},"south":{"texture":"#0","uv":[1,0,2.5,16]},"up":{"texture":"#0","uv":[0,0,0.5,0.5]},"west":{"texture":"#0","uv":[1,0,2.5,16]}},"from":[8.32515,6.16393,7.77665],"rotation":{"angle":-22.5,"axis":"z","origin":[8.57515,8.16393,8.00165]},"to":[8.82515,10.26393,8.22665]},{"faces":{"down":{"rotation":90,"texture":"#0","uv":[7,1,5,2]},"east":{"texture":"#0","uv":[10,0,5,2]},"north":{"texture":"#0","uv":[5,0,10,2]},"south":{"texture":"#0","uv":[5,0,10,2]},"up":{"rotation":90,"texture":"#0","uv":[7,0,6,1]},"west":{"texture":"#0","uv":[10,0,5,2]}},"from":[3.2459,10.03326,7.23805],"rotation":{"angle":0,"axis":"y","origin":[3.9959,9.80826,7.98805]},"to":[4.7459,10.33326,8.73805]},{"faces":{"down":{"rotation":90,"texture":"#0","uv":[7,1,5,2]},"east":{"texture":"#0","uv":[10,0,5,2]},"north":{"texture":"#0","uv":[5,0,10,2]},"south":{"texture":"#0","uv":[5,0,10,2]},"up":{"rotation":90,"texture":"#0","uv":[7,2,6,3]},"west":{"texture":"#0","uv":[10,0,5,2]}},"from":[3.2459,8.83326,7.23805],"rotation":{"angle":0,"axis":"y","origin":[3.9959,9.80826,7.98805]},"to":[4.7459,9.13326,8.73805]},{"faces":{"down":{"texture":"#0","uv":[6,1,8,2]},"east":{"texture":"#0","uv":[6,1,8,2]},"north":{"texture":"#0","uv":[6,1,8,2]},"south":{"texture":"#0","uv":[6,1,8,2]},"up":{"texture":"#0","uv":[6,1,8,2]},"west":{"texture":"#0","uv":[6,1,8,2]}},"from":[3.5459,10.33326,7.53805],"rotation":{"angle":0,"axis":"y","origin":[3.9959,9.80826,7.98805]},"to":[4.4459,10.63326,8.43805]},{"faces":{"down":{"texture":"#0","uv":[8,6,9,7]},"east":{"texture":"#0","uv":[5,5,9,8]},"north":{"texture":"#0","uv":[5,5,9,8]},"south":{"texture":"#0","uv":[5,5,9,8]},"up":{"texture":"#0","uv":[8,6,9,7]},"west":{"texture":"#0","uv":[5,5,9,8]}},"from":[3.5459,9.13326,7.53805],"rotation":{"angle":0,"axis":"y","origin":[3.9959,9.80826,7.98805]},"to":[4.4459,10.03326,8.43805]},{"faces":{"down":{"rotation":90,"texture":"#0","uv":[7,1,5,2]},"east":{"texture":"#0","uv":[10,0,5,2]},"north":{"texture":"#0","uv":[5,0,10,2]},"south":{"texture":"#0","uv":[5,0,10,2]},"up":{"rotation":90,"texture":"#0","uv":[7,0,6,1]},"west":{"texture":"#0","uv":[10,0,5,2]}},"from":[10.9959,10.03326,7.23805],"rotation":{"angle":0,"axis":"y","origin":[11.7459,9.80826,7.98805]},"to":[12.4959,10.33326,8.73805]},{"faces":{"down":{"rotation":90,"texture":"#0","uv":[7,1,5,2]},"east":{"texture":"#0","uv":[10,0,5,2]},"north":{"texture":"#0","uv":[5,0,10,2]},"south":{"texture":"#0","uv":[5,0,10,2]},"up":{"rotation":90,"texture":"#0","uv":[7,2,6,3]},"west":{"texture":"#0","uv":[10,0,5,2]}},"from":[10.9959,8.83326,7.23805],"rotation":{"angle":0,"axis":"y","origin":[11.7459,9.80826,7.98805]},"to":[12.4959,9.13326,8.73805]},{"faces":{"down":{"texture":"#0","uv":[6,1,8,2]},"east":{"texture":"#0","uv":[6,1,8,2]},"north":{"texture":"#0","uv":[6,1,8,2]},"south":{"texture":"#0","uv":[6,1,8,2]},"up":{"texture":"#0","uv":[6,1,8,2]},"west":{"texture":"#0","uv":[6,1,8,2]}},"from":[11.2959,10.33326,7.53805],"rotation":{"angle":0,"axis":"y","origin":[11.7459,9.80826,7.98805]},"to":[12.1959,10.63326,8.43805]},{"faces":{"down":{"texture":"#0","uv":[8,6,9,7]},"east":{"texture":"#0","uv":[5,5,9,8]},"north":{"texture":"#0","uv":[5,5,9,8]},"south":{"texture":"#0","uv":[5,5,9,8]},"up":{"texture":"#0","uv":[8,6,9,7]},"west":{"texture":"#0","uv":[5,5,9,8]}},"from":[11.2959,9.13326,7.53805],"rotation":{"angle":0,"axis":"y","origin":[11.7459,9.80826,7.98805]},"to":[12.1959,10.03326,8.43805]}],"groups":[0,1,2,{"children":[3,4,5,6],"name":"fonar","origin":[15,27,18]},{"children":[7,8,9,10,11,12,13,{"children":[14,15,16,17,18,19,20,21,22,23,24,25,26,27,28,29,30,31,32,33,34,35],"name":"list","origin":[7.75613,1.79452,8]},36,37],"name":"nis","origin":[7.24634,-1.75209,7.5]},{"children":[38,39,40,41,42,43,44,45,46,47,48,49,50,51,52,53,54,55,56,57],"name":"nis","origin":[7.24634,-1.75209,7.5]},{"children":[58,59,60,61],"name":"fonar","origin":[15,27,18]},{"children":[62,63,64,65],"name":"fonar","origin":[15,27,18]}],"textures":{"0":"nature_staff/nature_staff","1":"basic_staff/basic_staff","particle":"nature_staff/nature_staff"}}