{"credit":"by Damfler","display":{"firstperson_lefthand":{"rotation":[90,0,-180],"translation":[3,-0.5,4.5]},"firstperson_righthand":{"rotation":[90,0,-180],"translation":[3,-0.5,4.5]},"fixed":{"rotation":[-90,0,0],"translation":[0,0,-6]},"ground":{"rotation":[99,0,0]},"gui":{"rotation":[0,139.25,-51.5],"scale":[0.73242,0.73242,0.73242],"translation":[0.5,-0.75,0]},"head":{"rotation":[94.5,0,176.5],"translation":[0.75,-13.25,-4]},"thirdperson_lefthand":{"rotation":[90,0,-180],"translation":[1,-2,4.5]},"thirdperson_righthand":{"rotation":[90,0,-180],"translation":[1,-2,4.5]}},"elements":[{"faces":{"down":{"texture":"#0","uv":[0,0,6,6]},"east":{"texture":"#0","uv":[0,0,6,5]},"north":{"texture":"#0","uv":[0,0,6,5]},"south":{"texture":"#0","uv":[0,0,6,5]},"up":{"texture":"#0","uv":[0,0,6,6]},"west":{"texture":"#0","uv":[0,0,6,5]}},"from":[6,0,5],"rotation":{"angle":0,"axis":"y","origin":[9,0.5,8]},"to":[12,5,11]},{"faces":{"down":{"texture":"#0","uv":[0,0,1,1]},"east":{"texture":"#0","uv":[0,0,1,2]},"north":{"texture":"#0","uv":[0,0,1,2]},"south":{"texture":"#0","uv":[0,0,1,2]},"up":{"texture":"#0","uv":[0,0,1,1]},"west":{"texture":"#0","uv":[0,0,1,2]}},"from":[6,5,5],"rotation":{"angle":0,"axis":"y","origin":[9,5.5,8]},"to":[7,7,6]},{"faces":{"down":{"texture":"#0","uv":[0,0,1,1]},"east":{"texture":"#0","uv":[0,0,1,2]},"north":{"texture":"#0","uv":[0,0,1,2]},"south":{"texture":"#0","uv":[0,0,1,2]},"up":{"texture":"#0","uv":[0,0,1,1]},"west":{"texture":"#0","uv":[0,0,1,2]}},"from":[11,5,5],"rotation":{"angle":0,"axis":"y","origin":[14,5.5,8]},"to":[12,7,6]},{"faces":{"down":{"texture":"#0","uv":[0,0,1,1]},"east":{"texture":"#0","uv":[0,0,1,2]},"north":{"texture":"#0","uv":[0,0,1,2]},"south":{"texture":"#0","uv":[0,0,1,2]},"up":{"texture":"#0","uv":[0,0,1,1]},"west":{"texture":"#0","uv":[0,0,1,2]}},"from":[6,5,10],"rotation":{"angle":0,"axis":"y","origin":[9,5.5,13]},"to":[7,7,11]},{"faces":{"down":{"texture":"#0","uv":[0,0,1,1]},"east":{"texture":"#0","uv":[0,0,1,2]},"north":{"texture":"#0","uv":[0,0,1,2]},"south":{"texture":"#0","uv":[0,0,1,2]},"up":{"texture":"#0","uv":[0,0,1,1]},"west":{"texture":"#0","uv":[0,0,1,2]}},"from":[11,5,10],"rotation":{"angle":0,"axis":"y","origin":[14,5.5,13]},"to":[12,7,11]},{"faces":{"down":{"texture":"#1","uv":[0,0,5.5,5.5]},"east":{"texture":"#1","uv":[0,0,5.5,6]},"north":{"texture":"#1","uv":[0,0,5.5,6]},"south":{"texture":"#1","uv":[0,0,5.5,6]},"up":{"texture":"#1","uv":[0,0,5.5,5.5]},"west":{"texture":"#1","uv":[0,0,5.5,6]}},"from":[6.25,5,5.25],"rotation":{"angle":0,"axis":"y","origin":[9,5.5,8]},"to":[11.75,11,10.75]},{"faces":{"down":{"texture":"#2","uv":[0,0,1.25,1.5]},"east":{"texture":"#2","uv":[0,0,1.5,2]},"north":{"texture":"#2","uv":[0,0,1.25,2]},"south":{"texture":"#2","uv":[0,0,1.25,2]},"up":{"texture":"#2","uv":[0,0,1.25,1.5]},"west":{"texture":"#2","uv":[0,0,1.5,2]}},"from":[5.4,1,7.25],"rotation":{"angle":45,"axis":"z","origin":[6.15,2,8]},"to":[6.65,3,8.75]},{"faces":{"down":{"texture":"#0","uv":[0,0,1.25,1.5]},"east":{"texture":"#0","uv":[0,0,1.5,2.5]},"north":{"texture":"#0","uv":[0,0,1.25,2.5]},"south":{"texture":"#0","uv":[0,0,1.25,2.5]},"up":{"texture":"#0","uv":[0,0,1.25,1.5]},"west":{"texture":"#0","uv":[0,0,1.5,2.5]}},"from":[5.4,13,7.25],"rotation":{"angle":45,"axis":"z","origin":[6.15,14,8]},"to":[6.65,15.5,8.75]},{"faces":{"down":{"texture":"#0","uv":[1.25,0,2.5,1.5]},"east":{"texture":"#0","uv":[1.5,0,3,2.5]},"north":{"texture":"#0","uv":[1.25,0,2.5,2.5]},"south":{"texture":"#0","uv":[1.25,0,2.5,2.5]},"up":{"texture":"#0","uv":[1.25,0,2.5,1.5]},"west":{"texture":"#0","uv":[1.5,0,3,2.5]}},"from":[11.35,13,7.25],"rotation":{"angle":-45,"axis":"z","origin":[11.85,14,8]},"to":[12.6,15.5,8.75]},{"faces":{"down":{"texture":"#0","uv":[0,0,1.25,1.5]},"east":{"texture":"#0","uv":[0,0,1.5,2.5]},"north":{"texture":"#0","uv":[0,0,1.25,2.5]},"south":{"texture":"#0","uv":[0,0,1.25,2.5]},"up":{"texture":"#0","uv":[0,0,1.25,1.5]},"west":{"texture":"#0","uv":[0,0,1.5,2.5]}},"from":[5.57807,13.15018,8.9],"rotation":{"angle":45,"axis":"z","origin":[6.17807,13.95018,9.5]},"to":[6.57807,15.15018,10.1]},{"faces":{"down":{"texture":"#0","uv":[1.25,0,0,1.5]},"east":{"texture":"#0","uv":[1.5,0,0,2.5]},"north":{"texture":"#0","uv":[1.25,0,0,2.5]},"south":{"texture":"#0","uv":[1.25,0,0,2.5]},"up":{"texture":"#0","uv":[1.25,0,0,1.5]},"west":{"texture":"#0","uv":[1.5,0,0,2.5]}},"from":[11.42193,13.15018,8.9],"rotation":{"angle":-45,"axis":"z","origin":[11.82193,13.95018,9.5]},"to":[12.42193,15.15018,10.1]},{"faces":{"down":{"texture":"#0","uv":[0,0,1.25,1.5]},"east":{"texture":"#0","uv":[0,0,1.5,2.5]},"north":{"texture":"#0","uv":[0,0,1.25,2.5]},"south":{"texture":"#0","uv":[0,0,1.25,2.5]},"up":{"texture":"#0","uv":[0,0,1.25,1.5]},"west":{"texture":"#0","uv":[0,0,1.5,2.5]}},"from":[5.57807,13.15018,5.9],"rotation":{"angle":45,"axis":"z","origin":[6.17807,13.95018,6.5]},"to":[6.57807,15.15018,7.1]},{"faces":{"down":{"texture":"#0","uv":[1.25,0,0,1.5]},"east":{"texture":"#0","uv":[1.5,0,0,2.5]},"north":{"texture":"#0","uv":[1.25,0,0,2.5]},"south":{"texture":"#0","uv":[1.25,0,0,2.5]},"up":{"texture":"#0","uv":[1.25,0,0,1.5]},"west":{"texture":"#0","uv":[1.5,0,0,2.5]}},"from":[11.42193,13.15018,5.9],"rotation":{"angle":-45,"axis":"z","origin":[11.82193,13.95018,6.5]},"to":[12.42193,15.15018,7.1]},{"faces":{"down":{"rotation":90,"texture":"#2","uv":[1.25,0,0,1.5]},"east":{"texture":"#2","uv":[1.25,0,0,2]},"north":{"texture":"#2","uv":[1.5,0,0,2]},"south":{"texture":"#2","uv":[1.5,0,0,2]},"up":{"rotation":270,"texture":"#2","uv":[1.25,0,0,1.5]},"west":{"texture":"#2","uv":[1.25,0,0,2]}},"from":[8.73,6.2708,4.85968],"rotation":{"angle":-45,"axis":"x","origin":[9.15,6.8308,5.27968]},"to":[9.57,7.3908,5.55968]},{"faces":{"down":{"texture":"#2","uv":[0,0,1.25,1.5]},"east":{"texture":"#2","uv":[0,0,1.5,2]},"north":{"texture":"#2","uv":[0,0,1.25,2]},"south":{"texture":"#2","uv":[0,0,1.25,2]},"up":{"texture":"#2","uv":[0,0,1.25,1.5]},"west":{"texture":"#2","uv":[0,0,1.5,2]}},"from":[4.47279,2.38767,7.25],"rotation":{"angle":22.5,"axis":"z","origin":[5.22279,3.38767,8]},"to":[5.72279,4.38767,8.75]},{"faces":{"down":{"texture":"#0","uv":[0,0,1.25,1.3]},"east":{"texture":"#0","uv":[0,0,1.3,2.25]},"north":{"texture":"#0","uv":[0,0,1.25,2.25]},"south":{"texture":"#0","uv":[0,0,1.25,2.25]},"up":{"texture":"#0","uv":[0,0,1.25,1.3]},"west":{"texture":"#0","uv":[0,0,1.3,2.25]}},"from":[4.11924,14.74122,7.35],"rotation":{"angle":22.5,"axis":"z","origin":[4.86924,15.74122,8]},"to":[5.36924,16.99122,8.65]},{"faces":{"down":{"texture":"#0","uv":[1.25,0,2.5,1.3]},"east":{"texture":"#0","uv":[1.3,0,2.6,2.25]},"north":{"texture":"#0","uv":[1.25,0,2.5,2.25]},"south":{"texture":"#0","uv":[1.25,0,2.5,2.25]},"up":{"texture":"#0","uv":[1.25,0,2.5,1.3]},"west":{"texture":"#0","uv":[1.3,0,2.6,2.25]}},"from":[12.63076,14.74122,7.35],"rotation":{"angle":-22.5,"axis":"z","origin":[13.13076,15.74122,8]},"to":[13.88076,16.99122,8.65]},{"faces":{"down":{"texture":"#0","uv":[0,0,1.25,1.3]},"east":{"texture":"#0","uv":[0,0,1.3,2.25]},"north":{"texture":"#0","uv":[0,0,1.25,2.25]},"south":{"texture":"#0","uv":[0,0,1.25,2.25]},"up":{"texture":"#0","uv":[0,0,1.25,1.3]},"west":{"texture":"#0","uv":[0,0,1.3,2.25]}},"from":[4.55346,14.54315,8.98],"rotation":{"angle":22.5,"axis":"z","origin":[5.15346,15.34315,9.5]},"to":[5.55346,16.34315,10.02]},{"faces":{"down":{"texture":"#0","uv":[1.25,0,0,1.3]},"east":{"texture":"#0","uv":[1.3,0,0,2.25]},"north":{"texture":"#0","uv":[1.25,0,0,2.25]},"south":{"texture":"#0","uv":[1.25,0,0,2.25]},"up":{"texture":"#0","uv":[1.25,0,0,1.3]},"west":{"texture":"#0","uv":[1.3,0,0,2.25]}},"from":[12.44654,14.54315,8.98],"rotation":{"angle":-22.5,"axis":"z","origin":[12.84654,15.34315,9.5]},"to":[13.44654,16.34315,10.02]},{"faces":{"down":{"texture":"#0","uv":[0,0,1.25,1.3]},"east":{"texture":"#0","uv":[0,0,1.3,2.25]},"north":{"texture":"#0","uv":[0,0,1.25,2.25]},"south":{"texture":"#0","uv":[0,0,1.25,2.25]},"up":{"texture":"#0","uv":[0,0,1.25,1.3]},"west":{"texture":"#0","uv":[0,0,1.3,2.25]}},"from":[4.55346,14.54315,5.98],"rotation":{"angle":22.5,"axis":"z","origin":[5.15346,15.34315,6.5]},"to":[5.55346,16.34315,7.02]},{"faces":{"down":{"texture":"#0","uv":[1.25,0,0,1.3]},"east":{"texture":"#0","uv":[1.3,0,0,2.25]},"north":{"texture":"#0","uv":[1.25,0,0,2.25]},"south":{"texture":"#0","uv":[1.25,0,0,2.25]},"up":{"texture":"#0","uv":[1.25,0,0,1.3]},"west":{"texture":"#0","uv":[1.3,0,0,2.25]}},"from":[12.44654,14.54315,5.98],"rotation":{"angle":-22.5,"axis":"z","origin":[12.84654,15.34315,6.5]},"to":[13.44654,16.34315,7.02]},{"faces":{"down":{"rotation":90,"texture":"#2","uv":[1.25,0,0,1.5]},"east":{"texture":"#2","uv":[1.25,0,0,2]},"north":{"texture":"#2","uv":[1.5,0,0,2]},"south":{"texture":"#2","uv":[1.5,0,0,2]},"up":{"rotation":270,"texture":"#2","uv":[1.25,0,0,1.5]},"west":{"texture":"#2","uv":[1.25,0,0,2]}},"from":[8.73,7.04789,4.34044],"rotation":{"angle":-22.5,"axis":"x","origin":[9.15,7.60789,4.76044]},"to":[9.57,8.16789,5.04044]},{"faces":{"down":{"texture":"#2","uv":[0,0,1.25,1.5]},"east":{"texture":"#2","uv":[0,0,1.5,2]},"north":{"texture":"#2","uv":[0,0,1.25,2]},"south":{"texture":"#2","uv":[0,0,1.25,2]},"up":{"texture":"#2","uv":[0,0,1.25,1.5]},"west":{"texture":"#2","uv":[0,0,1.5,2]}},"from":[4.1472,4.02454,7.25],"rotation":{"angle":0,"axis":"z","origin":[4.8972,5.02454,8]},"to":[5.3972,6.02454,8.75]},{"faces":{"down":{"texture":"#0","uv":[0,0,1.25,1]},"east":{"texture":"#0","uv":[0,0,1,2]},"north":{"texture":"#0","uv":[0,0,1.25,2]},"south":{"texture":"#0","uv":[0,0,1.25,2]},"up":{"texture":"#0","uv":[0,0,1.25,1]},"west":{"texture":"#0","uv":[0,0,1,2]}},"from":[3.69797,16.60906,7.5],"rotation":{"angle":0,"axis":"z","origin":[4.44797,17.60906,8]},"to":[4.94797,18.60906,8.5]},{"faces":{"down":{"texture":"#0","uv":[1.25,0,2.5,1]},"east":{"texture":"#0","uv":[1,0,2,2]},"north":{"texture":"#0","uv":[1.25,0,2.5,2]},"south":{"texture":"#0","uv":[1.25,0,2.5,2]},"up":{"texture":"#0","uv":[1.25,0,2.5,1]},"west":{"texture":"#0","uv":[1,0,2,2]}},"from":[13.05203,16.60906,7.5],"rotation":{"angle":0,"axis":"z","origin":[13.55203,17.60906,8]},"to":[14.30203,18.60906,8.5]},{"faces":{"down":{"texture":"#0","uv":[0,0,1.25,1]},"east":{"texture":"#0","uv":[0,0,1,2]},"north":{"texture":"#0","uv":[0,0,1.25,2]},"south":{"texture":"#0","uv":[0,0,1.25,2]},"up":{"texture":"#0","uv":[0,0,1.25,1]},"west":{"texture":"#0","uv":[0,0,1,2]}},"from":[4.21645,16.03742,9.1],"rotation":{"angle":0,"axis":"z","origin":[4.81645,16.83742,9.5]},"to":[5.21645,17.63742,9.9]},{"faces":{"down":{"texture":"#0","uv":[1.25,0,0,1]},"east":{"texture":"#0","uv":[1,0,0,2]},"north":{"texture":"#0","uv":[1.25,0,0,2]},"south":{"texture":"#0","uv":[1.25,0,0,2]},"up":{"texture":"#0","uv":[1.25,0,0,1]},"west":{"texture":"#0","uv":[1,0,0,2]}},"from":[12.78355,16.03742,9.1],"rotation":{"angle":0,"axis":"z","origin":[13.18355,16.83742,9.5]},"to":[13.78355,17.63742,9.9]},{"faces":{"down":{"texture":"#0","uv":[0,0,1.25,1]},"east":{"texture":"#0","uv":[0,0,1,2]},"north":{"texture":"#0","uv":[0,0,1.25,2]},"south":{"texture":"#0","uv":[0,0,1.25,2]},"up":{"texture":"#0","uv":[0,0,1.25,1]},"west":{"texture":"#0","uv":[0,0,1,2]}},"from":[4.21645,16.03742,6.1],"rotation":{"angle":0,"axis":"z","origin":[4.81645,16.83742,6.5]},"to":[5.21645,17.63742,6.9]},{"faces":{"down":{"texture":"#0","uv":[1.25,0,0,1]},"east":{"texture":"#0","uv":[1,0,0,2]},"north":{"texture":"#0","uv":[1.25,0,0,2]},"south":{"texture":"#0","uv":[1.25,0,0,2]},"up":{"texture":"#0","uv":[1.25,0,0,1]},"west":{"texture":"#0","uv":[1,0,0,2]}},"from":[12.78355,16.03742,6.1],"rotation":{"angle":0,"axis":"z","origin":[13.18355,16.83742,6.5]},"to":[13.78355,17.63742,6.9]},{"faces":{"down":{"rotation":90,"texture":"#2","uv":[1.25,0,0,1.5]},"east":{"texture":"#2","uv":[1.25,0,0,2]},"north":{"texture":"#2","uv":[1.5,0,0,2]},"south":{"texture":"#2","uv":[1.5,0,0,2]},"up":{"rotation":270,"texture":"#2","uv":[1.25,0,0,1.5]},"west":{"texture":"#2","uv":[1.25,0,0,2]}},"from":[8.73,7.96454,4.15811],"rotation":{"angle":0,"axis":"z","origin":[9.15,8.52454,4.57811]},"to":[9.57,9.08454,4.85811]},{"faces":{"down":{"texture":"#2","uv":[0,0,1.25,1.5]},"east":{"texture":"#2","uv":[0,0,1.5,2]},"north":{"texture":"#2","uv":[0,0,1.25,2]},"south":{"texture":"#2","uv":[0,0,1.25,2]},"up":{"texture":"#2","uv":[0,0,1.25,1.5]},"west":{"texture":"#2","uv":[0,0,1.5,2]}},"from":[4.47279,5.6614,7.25],"rotation":{"angle":-22.5,"axis":"z","origin":[5.22279,6.6614,8]},"to":[5.72279,7.6614,8.75]},{"faces":{"down":{"texture":"#0","uv":[0,0,0.75,1]},"east":{"texture":"#0","uv":[0,0,1,2]},"north":{"texture":"#0","uv":[0,0,0.75,2]},"south":{"texture":"#0","uv":[0,0,0.75,2]},"up":{"texture":"#0","uv":[0,0,0.75,1]},"west":{"texture":"#0","uv":[0,0,1,2]}},"from":[4.27357,18.24593,7.5],"rotation":{"angle":-22.5,"axis":"z","origin":[4.77357,19.24593,8]},"to":[5.02357,20.24593,8.5]},{"faces":{"down":{"texture":"#0","uv":[0.75,0,1.5,1]},"east":{"texture":"#0","uv":[1,0,2,2]},"north":{"texture":"#0","uv":[0.75,0,1.5,2]},"south":{"texture":"#0","uv":[0.75,0,1.5,2]},"up":{"texture":"#0","uv":[0.75,0,1.5,1]},"west":{"texture":"#0","uv":[1,0,2,2]}},"from":[12.97643,18.24593,7.5],"rotation":{"angle":22.5,"axis":"z","origin":[13.22643,19.24593,8]},"to":[13.72643,20.24593,8.5]},{"faces":{"down":{"texture":"#0","uv":[0,0,0.75,1]},"east":{"texture":"#0","uv":[0,0,1,2]},"north":{"texture":"#0","uv":[0,0,0.75,2]},"south":{"texture":"#0","uv":[0,0,0.75,2]},"up":{"texture":"#0","uv":[0,0,0.75,1]},"west":{"texture":"#0","uv":[0,0,1,2]}},"from":[4.67693,17.34692,9.1],"rotation":{"angle":-22.5,"axis":"z","origin":[5.07693,18.14692,9.5]},"to":[5.27693,18.94692,9.9]},{"faces":{"down":{"texture":"#0","uv":[0.75,0,0,1]},"east":{"texture":"#0","uv":[1,0,0,2]},"north":{"texture":"#0","uv":[0.75,0,0,2]},"south":{"texture":"#0","uv":[0.75,0,0,2]},"up":{"texture":"#0","uv":[0.75,0,0,1]},"west":{"texture":"#0","uv":[1,0,0,2]}},"from":[12.72307,17.34692,9.1],"rotation":{"angle":22.5,"axis":"z","origin":[12.92307,18.14692,9.5]},"to":[13.32307,18.94692,9.9]},{"faces":{"down":{"texture":"#0","uv":[0,0,0.75,1]},"east":{"texture":"#0","uv":[0,0,1,2]},"north":{"texture":"#0","uv":[0,0,0.75,2]},"south":{"texture":"#0","uv":[0,0,0.75,2]},"up":{"texture":"#0","uv":[0,0,0.75,1]},"west":{"texture":"#0","uv":[0,0,1,2]}},"from":[4.67693,17.34692,6.1],"rotation":{"angle":-22.5,"axis":"z","origin":[5.07693,18.14692,6.5]},"to":[5.27693,18.94692,6.9]},{"faces":{"down":{"texture":"#0","uv":[0.75,0,0,1]},"east":{"texture":"#0","uv":[1,0,0,2]},"north":{"texture":"#0","uv":[0.75,0,0,2]},"south":{"texture":"#0","uv":[0.75,0,0,2]},"up":{"texture":"#0","uv":[0.75,0,0,1]},"west":{"texture":"#0","uv":[1,0,0,2]}},"from":[12.72307,17.34692,6.1],"rotation":{"angle":22.5,"axis":"z","origin":[12.92307,18.14692,6.5]},"to":[13.32307,18.94692,6.9]},{"faces":{"down":{"texture":"#0","uv":[0,0,0.5,0.5]},"east":{"texture":"#0","uv":[0,0,0.5,2]},"north":{"texture":"#0","uv":[0,0,0.5,2]},"south":{"texture":"#0","uv":[0,0,0.5,2]},"up":{"texture":"#0","uv":[0,0,0.5,0.5]},"west":{"texture":"#0","uv":[0,0,0.5,2]}},"from":[5.35078,19.63359,7.75],"rotation":{"angle":-45,"axis":"z","origin":[5.70078,20.63359,8]},"to":[5.85078,21.63359,8.25]},{"faces":{"down":{"texture":"#0","uv":[0.5,0,1,0.5]},"east":{"texture":"#0","uv":[0.5,0,1,2]},"north":{"texture":"#0","uv":[0.5,0,1,2]},"south":{"texture":"#0","uv":[0.5,0,1,2]},"up":{"texture":"#0","uv":[0.5,0,1,0.5]},"west":{"texture":"#0","uv":[0.5,0,1,2]}},"from":[12.14922,19.63359,7.75],"rotation":{"angle":45,"axis":"z","origin":[12.29922,20.63359,8]},"to":[12.64922,21.63359,8.25]},{"faces":{"down":{"texture":"#0","uv":[0,0,0.5,0.5]},"east":{"texture":"#0","uv":[0,0,0.5,2]},"north":{"texture":"#0","uv":[0,0,0.5,2]},"south":{"texture":"#0","uv":[0,0,0.5,2]},"up":{"texture":"#0","uv":[0,0,0.5,0.5]},"west":{"texture":"#0","uv":[0,0,0.5,2]}},"from":[5.5387,18.45705,9.3],"rotation":{"angle":-45,"axis":"z","origin":[5.8187,19.25705,9.5]},"to":[5.9387,20.05705,9.7]},{"faces":{"down":{"texture":"#0","uv":[0.5,0,0,0.5]},"east":{"texture":"#0","uv":[0.5,0,0,2]},"north":{"texture":"#0","uv":[0.5,0,0,2]},"south":{"texture":"#0","uv":[0.5,0,0,2]},"up":{"texture":"#0","uv":[0.5,0,0,0.5]},"west":{"texture":"#0","uv":[0.5,0,0,2]}},"from":[12.0613,18.45705,9.3],"rotation":{"angle":45,"axis":"z","origin":[12.1813,19.25705,9.5]},"to":[12.4613,20.05705,9.7]},{"faces":{"down":{"texture":"#0","uv":[0,0,0.5,0.5]},"east":{"texture":"#0","uv":[0,0,0.5,2]},"north":{"texture":"#0","uv":[0,0,0.5,2]},"south":{"texture":"#0","uv":[0,0,0.5,2]},"up":{"texture":"#0","uv":[0,0,0.5,0.5]},"west":{"texture":"#0","uv":[0,0,0.5,2]}},"from":[5.5387,18.45705,6.3],"rotation":{"angle":-45,"axis":"z","origin":[5.8187,19.25705,6.5]},"to":[5.9387,20.05705,6.7]},{"faces":{"down":{"texture":"#0","uv":[0.5,0,0,0.5]},"east":{"texture":"#0","uv":[0.5,0,0,2]},"north":{"texture":"#0","uv":[0.5,0,0,2]},"south":{"texture":"#0","uv":[0.5,0,0,2]},"up":{"texture":"#0","uv":[0.5,0,0,0.5]},"west":{"texture":"#0","uv":[0.5,0,0,2]}},"from":[12.0613,18.45705,6.3],"rotation":{"angle":45,"axis":"z","origin":[12.1813,19.25705,6.5]},"to":[12.4613,20.05705,6.7]},{"faces":{"down":{"texture":"#2","uv":[0,0,1.25,1.5]},"east":{"texture":"#2","uv":[0,0,1.5,2]},"north":{"texture":"#2","uv":[0,0,1.25,2]},"south":{"texture":"#2","uv":[0,0,1.25,2]},"up":{"texture":"#2","uv":[0,0,1.25,1.5]},"west":{"texture":"#2","uv":[0,0,1.5,2]}},"from":[5.72279,-1.3386,7.25],"rotation":{"angle":-22.5,"axis":"z","origin":[6.47279,-0.3386,8]},"to":[6.97279,0.6614,8.75]},{"faces":{"down":{"texture":"#2","uv":[0,0,1.25,1.5]},"east":{"texture":"#2","uv":[0,0,1.5,2]},"north":{"texture":"#2","uv":[0,0,1.25,2]},"south":{"texture":"#2","uv":[0,0,1.25,2]},"up":{"texture":"#2","uv":[0,0,1.25,1.5]},"west":{"texture":"#2","uv":[0,0,1.5,2]}},"from":[6.53529,-2.4136,7.025],"rotation":{"angle":0,"axis":"z","origin":[7.51029,-1.1136,8]},"to":[8.16029,0.1864,8.975]},{"faces":{"down":{"texture":"#2","uv":[0,0,0.75,1]},"east":{"texture":"#2","uv":[0,0,1,1]},"north":{"texture":"#2","uv":[0,0,0.75,1]},"south":{"texture":"#2","uv":[0,0,0.75,1]},"up":{"texture":"#2","uv":[0,0,0.75,1]},"west":{"texture":"#2","uv":[0,0,1,1]}},"from":[5.97279,-2.3386,7.5],"rotation":{"angle":-22.5,"axis":"z","origin":[6.47279,-0.3386,8]},"to":[6.72279,-1.3386,8.5]},{"faces":{"down":{"texture":"#2","uv":[0,0,0.75,1]},"east":{"texture":"#2","uv":[0,0,1,1]},"north":{"texture":"#2","uv":[0,0,0.75,1]},"south":{"texture":"#2","uv":[0,0,0.75,1]},"up":{"texture":"#2","uv":[0,0,0.75,1]},"west":{"texture":"#2","uv":[0,0,1,1]}},"from":[6.86029,-3.7136,7.35],"rotation":{"angle":0,"axis":"z","origin":[7.51029,-1.1136,8]},"to":[7.83529,-2.4136,8.65]},{"faces":{"down":{"rotation":90,"texture":"#2","uv":[1.25,0,0,1.5]},"east":{"texture":"#2","uv":[1.25,0,0,2]},"north":{"texture":"#2","uv":[1.5,0,0,2]},"south":{"texture":"#2","uv":[1.5,0,0,2]},"up":{"rotation":270,"texture":"#2","uv":[1.25,0,0,1.5]},"west":{"texture":"#2","uv":[1.25,0,0,2]}},"from":[8.73,8.88118,4.34044],"rotation":{"angle":22.5,"axis":"x","origin":[9.15,9.44118,4.76044]},"to":[9.57,10.00118,5.04044]},{"faces":{"down":{"texture":"#2","uv":[0,0,1.25,1.5]},"east":{"texture":"#2","uv":[0,0,1.5,2]},"north":{"texture":"#2","uv":[0,0,1.25,2]},"south":{"texture":"#2","uv":[0,0,1.25,2]},"up":{"texture":"#2","uv":[0,0,1.25,1.5]},"west":{"texture":"#2","uv":[0,0,1.5,2]}},"from":[5.4,7.04907,7.25],"rotation":{"angle":-45,"axis":"z","origin":[6.15,8.04907,8]},"to":[6.65,9.04907,8.75]},{"faces":{"down":{"rotation":90,"texture":"#2","uv":[1.25,0,0,1.5]},"east":{"texture":"#2","uv":[1.25,0,0,2]},"north":{"texture":"#2","uv":[1.5,0,0,2]},"south":{"texture":"#2","uv":[1.5,0,0,2]},"up":{"rotation":270,"texture":"#2","uv":[1.25,0,0,1.5]},"west":{"texture":"#2","uv":[1.25,0,0,2]}},"from":[8.73,9.65828,4.85968],"rotation":{"angle":45,"axis":"x","origin":[9.15,10.21828,5.27968]},"to":[9.57,10.77828,5.55968]},{"faces":{"down":{"texture":"#1","uv":[0,0,5.5,5.5]},"east":{"texture":"#1","uv":[0,0,5.5,2]},"north":{"texture":"#1","uv":[0,0,5.5,2]},"south":{"texture":"#1","uv":[0,0,5.5,2]},"up":{"texture":"#1","uv":[0,0,5.5,5.5]},"west":{"texture":"#1","uv":[0,0,5.5,2]}},"from":[6.25,12,5.25],"rotation":{"angle":0,"axis":"y","origin":[9,14.5,8]},"to":[11.75,14,10.75]},{"faces":{"down":{"texture":"#1","uv":[0,0,4.5,4.5]},"east":{"texture":"#1","uv":[0,0,4.5,1]},"north":{"texture":"#1","uv":[0,0,4.5,1]},"south":{"texture":"#1","uv":[0,0,4.5,1]},"up":{"texture":"#1","uv":[0,0,4.5,4.5]},"west":{"texture":"#1","uv":[0,0,4.5,1]}},"from":[6.75,14,5.75],"rotation":{"angle":0,"axis":"y","origin":[9,16.5,8]},"to":[11.25,15,10.25]},{"faces":{"down":{"texture":"#2","uv":[0,0,1,1]},"east":{"texture":"#2","uv":[0,0,1,1]},"north":{"texture":"#2","uv":[0,0,1,1]},"south":{"texture":"#2","uv":[0,0,1,1]},"up":{"texture":"#2","uv":[0,0,1,1]},"west":{"texture":"#2","uv":[0,0,1,1]}},"from":[6.35,11,5.35],"rotation":{"angle":0,"axis":"y","origin":[9.1,13.5,8.1]},"to":[7.35,12,6.35]},{"faces":{"down":{"texture":"#2","uv":[0,0,1,1]},"east":{"texture":"#2","uv":[0,0,1,1]},"north":{"texture":"#2","uv":[0,0,1,1]},"south":{"texture":"#2","uv":[0,0,1,1]},"up":{"texture":"#2","uv":[0,0,1,1]},"west":{"texture":"#2","uv":[0,0,1,1]}},"from":[6.35,11,7.6],"rotation":{"angle":0,"axis":"y","origin":[9.1,13.5,10.35]},"to":[7.35,12,8.6]},{"faces":{"down":{"texture":"#2","uv":[0,0,1,1]},"east":{"texture":"#2","uv":[0,0,1,1]},"north":{"texture":"#2","uv":[0,0,1,1]},"south":{"texture":"#2","uv":[0,0,1,1]},"up":{"texture":"#2","uv":[0,0,1,1]},"west":{"texture":"#2","uv":[0,0,1,1]}},"from":[10.65,11,5.35],"rotation":{"angle":0,"axis":"y","origin":[13.4,13.5,8.1]},"to":[11.65,12,6.35]},{"faces":{"down":{"texture":"#2","uv":[0,0,1,1]},"east":{"texture":"#2","uv":[0,0,1,1]},"north":{"texture":"#2","uv":[0,0,1,1]},"south":{"texture":"#2","uv":[0,0,1,1]},"up":{"texture":"#2","uv":[0,0,1,1]},"west":{"texture":"#2","uv":[0,0,1,1]}},"from":[10.65,11,7.6],"rotation":{"angle":0,"axis":"y","origin":[13.4,13.5,10.35]},"to":[11.65,12,8.6]},{"faces":{"down":{"texture":"#2","uv":[0,0,1,1]},"east":{"texture":"#2","uv":[0,0,1,1]},"north":{"texture":"#2","uv":[0,0,1,1]},"south":{"texture":"#2","uv":[0,0,1,1]},"up":{"texture":"#2","uv":[0,0,1,1]},"west":{"texture":"#2","uv":[0,0,1,1]}},"from":[8.4,11,5.35],"rotation":{"angle":0,"axis":"y","origin":[11.15,13.5,8.1]},"to":[9.4,12,6.35]},{"faces":{"down":{"texture":"#2","uv":[0,0,1,1]},"east":{"texture":"#2","uv":[0,0,1,1]},"north":{"texture":"#2","uv":[0,0,1,1]},"south":{"texture":"#2","uv":[0,0,1,1]},"up":{"texture":"#2","uv":[0,0,1,1]},"west":{"texture":"#2","uv":[0,0,1,1]}},"from":[6.35,11,9.65],"rotation":{"angle":0,"axis":"y","origin":[9.1,13.5,12.4]},"to":[7.35,12,10.65]},{"faces":{"down":{"texture":"#2","uv":[0,0,1,1]},"east":{"texture":"#2","uv":[0,0,1,1]},"north":{"texture":"#2","uv":[0,0,1,1]},"south":{"texture":"#2","uv":[0,0,1,1]},"up":{"texture":"#2","uv":[0,0,1,1]},"west":{"texture":"#2","uv":[0,0,1,1]}},"from":[10.65,11,9.65],"rotation":{"angle":0,"axis":"y","origin":[13.4,13.5,12.4]},"to":[11.65,12,10.65]},{"faces":{"down":{"texture":"#2","uv":[0,0,1,1]},"east":{"texture":"#2","uv":[0,0,1,1]},"north":{"texture":"#2","uv":[0,0,1,1]},"south":{"texture":"#2","uv":[0,0,1,1]},"up":{"texture":"#2","uv":[0,0,1,1]},"west":{"texture":"#2","uv":[0,0,1,1]}},"from":[8.4,11,9.65],"rotation":{"angle":0,"axis":"y","origin":[11.15,13.5,12.4]},"to":[9.4,12,10.65]},{"faces":{"down":{"texture":"#1","uv":[0,1,1,0]},"east":{"rotation":270,"texture":"#1","uv":[0,1,1,0]},"north":{"rotation":90,"texture":"#1","uv":[0,1,1,0]},"south":{"rotation":90,"texture":"#1","uv":[0,1,1,0]},"up":{"rotation":180,"texture":"#1","uv":[0,1,1,0]},"west":{"rotation":90,"texture":"#1","uv":[0,1,1,0]}},"from":[10.6,2.60218,4.3],"name":"hexadecagon","rotation":{"angle":-45,"axis":"z","origin":[9,3,4.5]},"to":[11,3.39782,4.7]},{"faces":{"down":{"texture":"#1","uv":[0,1,1,0]},"east":{"rotation":270,"texture":"#1","uv":[0,1,1,0]},"north":{"rotation":90,"texture":"#1","uv":[0,1,1,0]},"south":{"rotation":90,"texture":"#1","uv":[0,1,1,0]},"up":{"rotation":180,"texture":"#1","uv":[0,1,1,0]},"west":{"rotation":90,"texture":"#1","uv":[0,1,1,0]}},"from":[10.6,2.60218,4.3],"name":"hexadecagon","rotation":{"angle":-22.5,"axis":"z","origin":[9,3,4.5]},"to":[11,3.39782,4.7]},{"faces":{"down":{"texture":"#1","uv":[0,1,1,0]},"east":{"rotation":270,"texture":"#1","uv":[0,1,1,0]},"north":{"rotation":90,"texture":"#1","uv":[0,1,1,0]},"south":{"rotation":90,"texture":"#1","uv":[0,1,1,0]},"up":{"rotation":180,"texture":"#1","uv":[0,1,1,0]},"west":{"rotation":90,"texture":"#1","uv":[0,1,1,0]}},"from":[10.6,2.60218,4.3],"name":"hexadecagon","rotation":{"angle":0,"axis":"y","origin":[9,3,4.5]},"to":[11,3.39782,4.7]},{"faces":{"down":{"texture":"#1","uv":[0,1,1,0]},"east":{"rotation":270,"texture":"#1","uv":[0,1,1,0]},"north":{"rotation":90,"texture":"#1","uv":[0,1,1,0]},"south":{"rotation":90,"texture":"#1","uv":[0,1,1,0]},"up":{"rotation":180,"texture":"#1","uv":[0,1,1,0]},"west":{"rotation":90,"texture":"#1","uv":[0,1,1,0]}},"from":[10.6,2.60218,4.3],"name":"hexadecagon","rotation":{"angle":22.5,"axis":"z","origin":[9,3,4.5]},"to":[11,3.39782,4.7]},{"faces":{"down":{"texture":"#1","uv":[0,1,1,0]},"east":{"rotation":270,"texture":"#1","uv":[0,1,1,0]},"north":{"rotation":90,"texture":"#1","uv":[0,1,1,0]},"south":{"rotation":90,"texture":"#1","uv":[0,1,1,0]},"up":{"rotation":180,"texture":"#1","uv":[0,1,1,0]},"west":{"rotation":90,"texture":"#1","uv":[0,1,1,0]}},"from":[10.6,2.60218,4.3],"name":"hexadecagon","rotation":{"angle":45,"axis":"z","origin":[9,3,4.5]},"to":[11,3.39782,4.7]},{"faces":{"down":{"texture":"#1","uv":[0,1,1,0]},"east":{"rotation":270,"texture":"#1","uv":[0,1,1,0]},"north":{"rotation":90,"texture":"#1","uv":[0,1,1,0]},"south":{"rotation":90,"texture":"#1","uv":[0,1,1,0]},"up":{"rotation":180,"texture":"#1","uv":[0,1,1,0]},"west":{"rotation":90,"texture":"#1","uv":[0,1,1,0]}},"from":[7,2.60218,4.3],"name":"hexadecagon","rotation":{"angle":-45,"axis":"z","origin":[9,3,4.5]},"to":[7.4,3.39782,4.7]},{"faces":{"down":{"texture":"#1","uv":[0,1,1,0]},"east":{"rotation":270,"texture":"#1","uv":[0,1,1,0]},"north":{"rotation":90,"texture":"#1","uv":[0,1,1,0]},"south":{"rotation":90,"texture":"#1","uv":[0,1,1,0]},"up":{"rotation":180,"texture":"#1","uv":[0,1,1,0]},"west":{"rotation":90,"texture":"#1","uv":[0,1,1,0]}},"from":[7,2.60218,4.3],"name":"hexadecagon","rotation":{"angle":-22.5,"axis":"z","origin":[9,3,4.5]},"to":[7.4,3.39782,4.7]},{"faces":{"down":{"texture":"#1","uv":[0,1,1,0]},"east":{"rotation":270,"texture":"#1","uv":[0,1,1,0]},"north":{"rotation":90,"texture":"#1","uv":[0,1,1,0]},"south":{"rotation":90,"texture":"#1","uv":[0,1,1,0]},"up":{"rotation":180,"texture":"#1","uv":[0,1,1,0]},"west":{"rotation":90,"texture":"#1","uv":[0,1,1,0]}},"from":[7,2.60218,4.3],"name":"hexadecagon","rotation":{"angle":0,"axis":"y","origin":[9,3,4.5]},"to":[7.4,3.39782,4.7]},{"faces":{"down":{"texture":"#1","uv":[0,1,1,0]},"east":{"rotation":270,"texture":"#1","uv":[0,1,1,0]},"north":{"rotation":90,"texture":"#1","uv":[0,1,1,0]},"south":{"rotation":90,"texture":"#1","uv":[0,1,1,0]},"up":{"rotation":180,"texture":"#1","uv":[0,1,1,0]},"west":{"rotation":90,"texture":"#1","uv":[0,1,1,0]}},"from":[7,2.60218,4.3],"name":"hexadecagon","rotation":{"angle":22.5,"axis":"z","origin":[9,3,4.5]},"to":[7.4,3.39782,4.7]},{"faces":{"down":{"texture":"#1","uv":[0,1,1,0]},"east":{"rotation":270,"texture":"#1","uv":[0,1,1,0]},"north":{"rotation":90,"texture":"#1","uv":[0,1,1,0]},"south":{"rotation":90,"texture":"#1","uv":[0,1,1,0]},"up":{"rotation":180,"texture":"#1","uv":[0,1,1,0]},"west":{"rotation":90,"texture":"#1","uv":[0,1,1,0]}},"from":[7,2.60218,4.3],"name":"hexadecagon","rotation":{"angle":45,"axis":"z","origin":[9,3,4.5]},"to":[7.4,3.39782,4.7]},{"faces":{"down":{"texture":"#1","uv":[0,1,1,0]},"east":{"rotation":270,"texture":"#1","uv":[0,1,1,0]},"north":{"rotation":90,"texture":"#1","uv":[0,1,1,0]},"south":{"rotation":90,"texture":"#1","uv":[0,1,1,0]},"up":{"rotation":180,"texture":"#1","uv":[0,1,1,0]},"west":{"rotation":90,"texture":"#1","uv":[0,1,1,0]}},"from":[8.60218,4.6,4.3],"name":"hexadecagon","rotation":{"angle":-22.5,"axis":"z","origin":[9,3,4.5]},"to":[9.39782,5,4.7]},{"faces":{"down":{"texture":"#1","uv":[0,1,1,0]},"east":{"rotation":270,"texture":"#1","uv":[0,1,1,0]},"north":{"rotation":90,"texture":"#1","uv":[0,1,1,0]},"south":{"rotation":90,"texture":"#1","uv":[0,1,1,0]},"up":{"rotation":180,"texture":"#1","uv":[0,1,1,0]},"west":{"rotation":90,"texture":"#1","uv":[0,1,1,0]}},"from":[8.60218,4.6,4.3],"name":"hexadecagon","rotation":{"angle":0,"axis":"y","origin":[9,3,4.5]},"to":[9.39782,5,4.7]},{"faces":{"down":{"texture":"#1","uv":[0,1,1,0]},"east":{"rotation":270,"texture":"#1","uv":[0,1,1,0]},"north":{"rotation":90,"texture":"#1","uv":[0,1,1,0]},"south":{"rotation":90,"texture":"#1","uv":[0,1,1,0]},"up":{"rotation":180,"texture":"#1","uv":[0,1,1,0]},"west":{"rotation":90,"texture":"#1","uv":[0,1,1,0]}},"from":[8.85218,0.75,4.3],"name":"hexadecagon","rotation":{"angle":0,"axis":"y","origin":[9,3,4.5]},"to":[9.14782,5.25,4.7]},{"faces":{"down":{"texture":"#1","uv":[0,1,1,0]},"east":{"rotation":270,"texture":"#1","uv":[0,1,1,0]},"north":{"rotation":90,"texture":"#1","uv":[0,1,1,0]},"south":{"rotation":90,"texture":"#1","uv":[0,1,1,0]},"up":{"rotation":180,"texture":"#1","uv":[0,1,1,0]},"west":{"rotation":90,"texture":"#1","uv":[0,1,1,0]}},"from":[8.85218,0.75,4.3],"name":"hexadecagon","rotation":{"angle":-45,"axis":"z","origin":[9,3,4.5]},"to":[9.14782,5.25,4.7]},{"faces":{"down":{"texture":"#1","uv":[0,1,1,0]},"east":{"rotation":270,"texture":"#1","uv":[0,1,1,0]},"north":{"rotation":90,"texture":"#1","uv":[0,1,1,0]},"south":{"rotation":90,"texture":"#1","uv":[0,1,1,0]},"up":{"rotation":180,"texture":"#1","uv":[0,1,1,0]},"west":{"rotation":90,"texture":"#1","uv":[0,1,1,0]}},"from":[8.85218,0.75,4.3],"name":"hexadecagon","rotation":{"angle":-22.5,"axis":"z","origin":[9,3,4.5]},"to":[9.14782,5.25,4.7]},{"faces":{"down":{"texture":"#1","uv":[0,1,1,0]},"east":{"rotation":270,"texture":"#1","uv":[0,1,1,0]},"north":{"rotation":180,"texture":"#1","uv":[1,0,0,1]},"south":{"texture":"#1","uv":[1,0,0,1]},"up":{"rotation":180,"texture":"#1","uv":[0,1,1,0]},"west":{"rotation":90,"texture":"#1","uv":[0,1,1,0]}},"from":[6.75,2.85218,4.3],"name":"hexadecagon","rotation":{"angle":22.5,"axis":"z","origin":[9,3,4.5]},"to":[11.25,3.14782,4.7]},{"faces":{"down":{"texture":"#1","uv":[0,1,1,0]},"east":{"rotation":270,"texture":"#1","uv":[0,1,1,0]},"north":{"rotation":180,"texture":"#1","uv":[1,0,0,1]},"south":{"texture":"#1","uv":[1,0,0,1]},"up":{"rotation":180,"texture":"#1","uv":[0,1,1,0]},"west":{"rotation":90,"texture":"#1","uv":[0,1,1,0]}},"from":[6.75,2.85218,4.3],"name":"hexadecagon","rotation":{"angle":0,"axis":"z","origin":[9,3,4.5]},"to":[11.25,3.14782,4.7]},{"faces":{"down":{"texture":"#1","uv":[0,1,1,0]},"east":{"rotation":270,"texture":"#1","uv":[0,1,1,0]},"north":{"rotation":180,"texture":"#1","uv":[1,0,0,1]},"south":{"texture":"#1","uv":[1,0,0,1]},"up":{"rotation":180,"texture":"#1","uv":[0,1,1,0]},"west":{"rotation":90,"texture":"#1","uv":[0,1,1,0]}},"from":[6.75,2.85218,4.3],"name":"hexadecagon","rotation":{"angle":-45,"axis":"z","origin":[9,3,4.5]},"to":[11.25,3.14782,4.7]},{"faces":{"down":{"texture":"#1","uv":[0,1,1,0]},"east":{"rotation":270,"texture":"#1","uv":[0,1,1,0]},"north":{"rotation":180,"texture":"#1","uv":[1,0,0,1]},"south":{"texture":"#1","uv":[1,0,0,1]},"up":{"rotation":180,"texture":"#1","uv":[0,1,1,0]},"west":{"rotation":90,"texture":"#1","uv":[0,1,1,0]}},"from":[6.75,2.85218,4.3],"name":"hexadecagon","rotation":{"angle":-22.5,"axis":"z","origin":[9,3,4.5]},"to":[11.25,3.14782,4.7]},{"faces":{"down":{"texture":"#1","uv":[0,1,1,0]},"east":{"rotation":270,"texture":"#1","uv":[0,1,1,0]},"north":{"rotation":270,"texture":"#1","uv":[0,1,1,0]},"south":{"rotation":270,"texture":"#1","uv":[0,1,1,0]},"up":{"rotation":180,"texture":"#1","uv":[0,1,1,0]},"west":{"rotation":90,"texture":"#1","uv":[0,1,1,0]}},"from":[8.85218,0.75,4.3],"name":"hexadecagon","rotation":{"angle":22.5,"axis":"z","origin":[9,3,4.5]},"to":[9.14782,5.25,4.7]},{"faces":{"down":{"texture":"#1","uv":[0,1,1,0]},"east":{"rotation":270,"texture":"#1","uv":[0,1,1,0]},"north":{"rotation":90,"texture":"#1","uv":[0,1,1,0]},"south":{"rotation":90,"texture":"#1","uv":[0,1,1,0]},"up":{"rotation":180,"texture":"#1","uv":[0,1,1,0]},"west":{"rotation":90,"texture":"#1","uv":[0,1,1,0]}},"from":[8.00218,2,4.3],"name":"hexadecagon","rotation":{"angle":0,"axis":"y","origin":[8.9,3,4.5]},"to":[10.00218,4,4.7]},{"faces":{"down":{"texture":"#2","uv":[0,1,1,0]},"east":{"rotation":270,"texture":"#2","uv":[0,1,1,0]},"north":{"rotation":90,"texture":"#2","uv":[0,1,1,0]},"south":{"rotation":90,"texture":"#2","uv":[0,1,1,0]},"up":{"rotation":180,"texture":"#2","uv":[0,1,1,0]},"west":{"rotation":90,"texture":"#2","uv":[0,1,1,0]}},"from":[8.50218,2.5,4.05],"name":"hexadecagon","rotation":{"angle":-45,"axis":"z","origin":[9.00218,3,4.5]},"to":[9.50218,3.5,5.45]},{"faces":{"down":{"texture":"#1","uv":[0,1,1,0]},"east":{"rotation":270,"texture":"#1","uv":[0,1,1,0]},"north":{"rotation":90,"texture":"#1","uv":[0,1,1,0]},"south":{"rotation":90,"texture":"#1","uv":[0,1,1,0]},"up":{"rotation":180,"texture":"#1","uv":[0,1,1,0]},"west":{"rotation":90,"texture":"#1","uv":[0,1,1,0]}},"from":[8.00218,2,4.3],"name":"hexadecagon","rotation":{"angle":-45,"axis":"z","origin":[9.00218,3,4.5]},"to":[10.00218,4,4.7]},{"faces":{"down":{"texture":"#2","uv":[0,1,1,0]},"east":{"rotation":270,"texture":"#2","uv":[0,1,1,0]},"north":{"rotation":90,"texture":"#2","uv":[0,1,1,0]},"south":{"rotation":90,"texture":"#2","uv":[0,1,1,0]},"up":{"rotation":180,"texture":"#2","uv":[0,1,1,0]},"west":{"rotation":90,"texture":"#2","uv":[0,1,1,0]}},"from":[7.25218,3.75,4.65],"name":"hexadecagon","rotation":{"angle":-45,"axis":"z","origin":[8.00218,4.5,4.85]},"to":[8.75218,5.25,5.05]},{"faces":{"down":{"texture":"#2","uv":[0,1,1,0]},"east":{"rotation":270,"texture":"#2","uv":[0,1,1,0]},"north":{"rotation":180,"texture":"#2","uv":[1,0,0,1]},"south":{"texture":"#2","uv":[1,0,0,1]},"up":{"rotation":180,"texture":"#2","uv":[0,1,1,0]},"west":{"rotation":90,"texture":"#2","uv":[0,1,1,0]}},"from":[7.25218,3.75,4.65],"name":"hexadecagon","rotation":{"angle":22.5,"axis":"z","origin":[8.00218,4.5,4.85]},"to":[8.75218,5.25,5.05]},{"faces":{"down":{"texture":"#2","uv":[0,1,1,0]},"east":{"rotation":270,"texture":"#2","uv":[0,1,1,0]},"north":{"rotation":180,"texture":"#2","uv":[1,0,0,1]},"south":{"texture":"#2","uv":[1,0,0,1]},"up":{"rotation":180,"texture":"#2","uv":[0,1,1,0]},"west":{"rotation":90,"texture":"#2","uv":[0,1,1,0]}},"from":[7.25218,3.75,4.65],"name":"hexadecagon","rotation":{"angle":0,"axis":"z","origin":[8.00218,4.5,4.85]},"to":[8.75218,5.25,5.05]},{"faces":{"down":{"texture":"#2","uv":[0,1,1,0]},"east":{"rotation":270,"texture":"#2","uv":[0,1,1,0]},"north":{"rotation":180,"texture":"#2","uv":[1,0,0,1]},"south":{"texture":"#2","uv":[1,0,0,1]},"up":{"rotation":180,"texture":"#2","uv":[0,1,1,0]},"west":{"rotation":90,"texture":"#2","uv":[0,1,1,0]}},"from":[7.25218,3.75,4.65],"name":"hexadecagon","rotation":{"angle":-22.5,"axis":"z","origin":[8.00218,4.5,4.85]},"to":[8.75218,5.25,5.05]},{"faces":{"down":{"texture":"#2","uv":[0,1,1,0]},"east":{"rotation":270,"texture":"#2","uv":[0,1,1,0]},"north":{"rotation":90,"texture":"#2","uv":[0,1,1,0]},"south":{"rotation":90,"texture":"#2","uv":[0,1,1,0]},"up":{"rotation":180,"texture":"#2","uv":[0,1,1,0]},"west":{"rotation":90,"texture":"#2","uv":[0,1,1,0]}},"from":[6.90218,0.9,4.75],"name":"hexadecagon","rotation":{"angle":-45,"axis":"z","origin":[7.50218,1.5,4.95]},"to":[8.10218,2.1,5.15]},{"faces":{"down":{"texture":"#2","uv":[0,1,1,0]},"east":{"rotation":270,"texture":"#2","uv":[0,1,1,0]},"north":{"rotation":180,"texture":"#2","uv":[1,0,0,1]},"south":{"texture":"#2","uv":[1,0,0,1]},"up":{"rotation":180,"texture":"#2","uv":[0,1,1,0]},"west":{"rotation":90,"texture":"#2","uv":[0,1,1,0]}},"from":[6.90218,0.9,4.75],"name":"hexadecagon","rotation":{"angle":22.5,"axis":"z","origin":[7.50218,1.5,4.95]},"to":[8.10218,2.1,5.15]},{"faces":{"down":{"texture":"#2","uv":[0,1,1,0]},"east":{"rotation":270,"texture":"#2","uv":[0,1,1,0]},"north":{"rotation":180,"texture":"#2","uv":[1,0,0,1]},"south":{"texture":"#2","uv":[1,0,0,1]},"up":{"rotation":180,"texture":"#2","uv":[0,1,1,0]},"west":{"rotation":90,"texture":"#2","uv":[0,1,1,0]}},"from":[6.90218,0.9,4.75],"name":"hexadecagon","rotation":{"angle":0,"axis":"z","origin":[7.50218,1.5,4.95]},"to":[8.10218,2.1,5.15]},{"faces":{"down":{"texture":"#2","uv":[0,1,1,0]},"east":{"rotation":270,"texture":"#2","uv":[0,1,1,0]},"north":{"rotation":180,"texture":"#2","uv":[1,0,0,1]},"south":{"texture":"#2","uv":[1,0,0,1]},"up":{"rotation":180,"texture":"#2","uv":[0,1,1,0]},"west":{"rotation":90,"texture":"#2","uv":[0,1,1,0]}},"from":[6.90218,0.9,4.75],"name":"hexadecagon","rotation":{"angle":-22.5,"axis":"z","origin":[7.50218,1.5,4.95]},"to":[8.10218,2.1,5.15]},{"faces":{"down":{"texture":"#2","uv":[0,1,1,0]},"east":{"rotation":270,"texture":"#2","uv":[0,1,1,0]},"north":{"rotation":90,"texture":"#2","uv":[0,1,1,0]},"south":{"rotation":90,"texture":"#2","uv":[0,1,1,0]},"up":{"rotation":180,"texture":"#2","uv":[0,1,1,0]},"west":{"rotation":90,"texture":"#2","uv":[0,1,1,0]}},"from":[10.46218,2.96,4.75],"name":"hexadecagon","rotation":{"angle":-45,"axis":"z","origin":[11.00218,3.5,4.95]},"to":[11.54218,4.04,5.15]},{"faces":{"down":{"texture":"#2","uv":[0,1,1,0]},"east":{"rotation":270,"texture":"#2","uv":[0,1,1,0]},"north":{"rotation":180,"texture":"#2","uv":[1,0,0,1]},"south":{"texture":"#2","uv":[1,0,0,1]},"up":{"rotation":180,"texture":"#2","uv":[0,1,1,0]},"west":{"rotation":90,"texture":"#2","uv":[0,1,1,0]}},"from":[10.46218,2.96,4.75],"name":"hexadecagon","rotation":{"angle":22.5,"axis":"z","origin":[11.00218,3.5,4.95]},"to":[11.54218,4.04,5.15]},{"faces":{"down":{"texture":"#2","uv":[0,1,1,0]},"east":{"rotation":270,"texture":"#2","uv":[0,1,1,0]},"north":{"rotation":180,"texture":"#2","uv":[1,0,0,1]},"south":{"texture":"#2","uv":[1,0,0,1]},"up":{"rotation":180,"texture":"#2","uv":[0,1,1,0]},"west":{"rotation":90,"texture":"#2","uv":[0,1,1,0]}},"from":[10.46218,2.96,4.75],"name":"hexadecagon","rotation":{"angle":0,"axis":"z","origin":[11.00218,3.5,4.95]},"to":[11.54218,4.04,5.15]},{"faces":{"down":{"texture":"#2","uv":[0,1,1,0]},"east":{"rotation":270,"texture":"#2","uv":[0,1,1,0]},"north":{"rotation":180,"texture":"#2","uv":[1,0,0,1]},"south":{"texture":"#2","uv":[1,0,0,1]},"up":{"rotation":180,"texture":"#2","uv":[0,1,1,0]},"west":{"rotation":90,"texture":"#2","uv":[0,1,1,0]}},"from":[10.46218,2.96,4.75],"name":"hexadecagon","rotation":{"angle":-22.5,"axis":"z","origin":[11.00218,3.5,4.95]},"to":[11.54218,4.04,5.15]},{"faces":{"down":{"texture":"#1","uv":[0,1,1,0]},"east":{"rotation":270,"texture":"#1","uv":[0,1,1,0]},"north":{"rotation":90,"texture":"#1","uv":[0,1,1,0]},"south":{"rotation":90,"texture":"#1","uv":[0,1,1,0]},"up":{"rotation":180,"texture":"#1","uv":[0,1,1,0]},"west":{"rotation":90,"texture":"#1","uv":[0,1,1,0]}},"from":[8.60218,4.6,4.3],"name":"hexadecagon","rotation":{"angle":22.5,"axis":"z","origin":[9,3,4.5]},"to":[9.39782,5,4.7]},{"faces":{"down":{"texture":"#1","uv":[0,1,1,0]},"east":{"rotation":270,"texture":"#1","uv":[0,1,1,0]},"north":{"rotation":90,"texture":"#1","uv":[0,1,1,0]},"south":{"rotation":90,"texture":"#1","uv":[0,1,1,0]},"up":{"rotation":180,"texture":"#1","uv":[0,1,1,0]},"west":{"rotation":90,"texture":"#1","uv":[0,1,1,0]}},"from":[8.60218,1,4.3],"name":"hexadecagon","rotation":{"angle":-22.5,"axis":"z","origin":[9,3,4.5]},"to":[9.39782,1.4,4.7]},{"faces":{"down":{"texture":"#1","uv":[0,1,1,0]},"east":{"rotation":270,"texture":"#1","uv":[0,1,1,0]},"north":{"rotation":90,"texture":"#1","uv":[0,1,1,0]},"south":{"rotation":90,"texture":"#1","uv":[0,1,1,0]},"up":{"rotation":180,"texture":"#1","uv":[0,1,1,0]},"west":{"rotation":90,"texture":"#1","uv":[0,1,1,0]}},"from":[8.60218,1,4.3],"name":"hexadecagon","rotation":{"angle":0,"axis":"y","origin":[9,3,4.5]},"to":[9.39782,1.4,4.7]},{"faces":{"down":{"texture":"#1","uv":[0,1,1,0]},"east":{"rotation":270,"texture":"#1","uv":[0,1,1,0]},"north":{"rotation":90,"texture":"#1","uv":[0,1,1,0]},"south":{"rotation":90,"texture":"#1","uv":[0,1,1,0]},"up":{"rotation":180,"texture":"#1","uv":[0,1,1,0]},"west":{"rotation":90,"texture":"#1","uv":[0,1,1,0]}},"from":[8.60218,1,4.3],"name":"hexadecagon","rotation":{"angle":22.5,"axis":"z","origin":[9,3,4.5]},"to":[9.39782,1.4,4.7]}],"groups":[0,1,2,3,4,5,6,7,8,9,10,11,12,13,14,15,16,17,18,19,20,21,22,23,24,25,26,27,28,29,30,31,32,33,34,35,36,37,38,39,40,41,42,43,44,45,46,47,48,49,50,51,52,53,54,55,56,57,58,59,{"children":[60,61,62,63,64,65,66,67,68,69,70,71,72,73,74,75,76,77,78,79,80,81,82,{"children":[83,84,85,86],"name":"group","origin":[8.00218,4.5,11.25]},{"children":[87,88,89,90],"name":"group","origin":[8.00218,4.5,11.25]},{"children":[91,92,93,94],"name":"group","origin":[8.00218,4.5,11.25]},95,96,97,98],"name":"hexadecagon","origin":[8,8,8]}],"textures":{"0":"block/gray_concrete","1":"block/yellow_terracotta","2":"block/orange_terracotta","particle":"block/gray_concrete"}}