{
	"credit": "Made with Blockbench",
	"texture_size": [64, 64],
	"textures": {
		"4": "ametist_pickaxe/ametist_pickaxe"
	},
	"elements": [
		{
			"from": [8.4, 6.5, 8.15],
			"to": [9.1, 7, 8.85],
			"faces": {
				"north": {"uv": [5.75, 9, 6, 9.25], "texture": "#4"},
				"east": {"uv": [9, 5.75, 9.25, 6], "texture": "#4"},
				"south": {"uv": [6, 9, 6.25, 9.25], "texture": "#4"},
				"west": {"uv": [9, 6, 9.25, 6.25], "texture": "#4"},
				"up": {"uv": [6.5, 9.25, 6.25, 9], "texture": "#4"},
				"down": {"uv": [9.25, 6.25, 9, 6.5], "texture": "#4"}
			}
		},
		{
			"from": [8.5, 6, 8.25],
			"to": [9, 6.5, 8.75],
			"faces": {
				"north": {"uv": [8.5, 4.75, 8.75, 5], "texture": "#4"},
				"east": {"uv": [5, 8.5, 5.25, 8.75], "texture": "#4"},
				"south": {"uv": [8.5, 5, 8.75, 5.25], "texture": "#4"},
				"west": {"uv": [5.25, 8.5, 5.5, 8.75], "texture": "#4"},
				"up": {"uv": [8.75, 5.5, 8.5, 5.25], "texture": "#4"},
				"down": {"uv": [5.75, 8.5, 5.5, 8.75], "texture": "#4"}
			}
		},
		{
			"from": [8.6, 0, 8.35],
			"to": [8.9, 6, 8.65],
			"faces": {
				"north": {"uv": [0, 1, 0.25, 2.5], "texture": "#4"},
				"east": {"uv": [0.25, 1, 0.5, 2.5], "texture": "#4"},
				"south": {"uv": [0.5, 1, 0.75, 2.5], "texture": "#4"},
				"west": {"uv": [0.75, 1, 1, 2.5], "texture": "#4"},
				"up": {"uv": [5.75, 9.25, 5.5, 9], "texture": "#4"},
				"down": {"uv": [9.25, 5.5, 9, 5.75], "texture": "#4"}
			}
		},
		{
			"from": [8.5, -0.5, 8.25],
			"to": [9, 0, 8.75],
			"faces": {
				"north": {"uv": [6.5, 9, 6.75, 9.25], "texture": "#4"},
				"east": {"uv": [9, 6.5, 9.25, 6.75], "texture": "#4"},
				"south": {"uv": [6.75, 9, 7, 9.25], "texture": "#4"},
				"west": {"uv": [9, 6.75, 9.25, 7], "texture": "#4"},
				"up": {"uv": [7.25, 9.25, 7, 9], "texture": "#4"},
				"down": {"uv": [9.25, 7, 9, 7.25], "texture": "#4"}
			}
		},
		{
			"from": [8.4, -1, 8.15],
			"to": [9.1, -0.5, 8.85],
			"faces": {
				"north": {"uv": [7.25, 9, 7.5, 9.25], "texture": "#4"},
				"east": {"uv": [9, 7.25, 9.25, 7.5], "texture": "#4"},
				"south": {"uv": [7.5, 9, 7.75, 9.25], "texture": "#4"},
				"west": {"uv": [9, 7.5, 9.25, 7.75], "texture": "#4"},
				"up": {"uv": [8, 9.25, 7.75, 9], "texture": "#4"},
				"down": {"uv": [9.25, 7.75, 9, 8], "texture": "#4"}
			}
		},
		{
			"from": [8.6, 8.05, 8.5],
			"to": [8.7, 8.325, 8.6],
			"rotation": {"angle": 22.5, "axis": "x", "origin": [8.65, 8.1, 8.55]},
			"faces": {
				"north": {"uv": [3, 8.75, 3.25, 9], "texture": "#4"},
				"east": {"uv": [3.25, 8.75, 3.5, 9], "texture": "#4"},
				"south": {"uv": [3.5, 8.75, 3.75, 9], "texture": "#4"},
				"west": {"uv": [3.75, 8.75, 4, 9], "texture": "#4"},
				"up": {"uv": [4.25, 9, 4, 8.75], "texture": "#4"},
				"down": {"uv": [4.5, 8.75, 4.25, 9], "texture": "#4"}
			}
		},
		{
			"from": [8.8, 8.05, 8.5],
			"to": [8.9, 8.4, 8.6],
			"rotation": {"angle": -22.5, "axis": "z", "origin": [8.85, 8.225, 8.55]},
			"faces": {
				"north": {"uv": [4.5, 8.75, 4.75, 9], "texture": "#4"},
				"east": {"uv": [4.75, 8.75, 5, 9], "texture": "#4"},
				"south": {"uv": [8.75, 4.75, 9, 5], "texture": "#4"},
				"west": {"uv": [5, 8.75, 5.25, 9], "texture": "#4"},
				"up": {"uv": [9, 5.25, 8.75, 5], "texture": "#4"},
				"down": {"uv": [5.5, 8.75, 5.25, 9], "texture": "#4"}
			}
		},
		{
			"from": [8.6, 8.05, 8.4],
			"to": [8.7, 8.25, 8.5],
			"rotation": {"angle": 22.5, "axis": "z", "origin": [8.65, 8.15, 8.45]},
			"faces": {
				"north": {"uv": [8.75, 5.25, 9, 5.5], "texture": "#4"},
				"east": {"uv": [5.5, 8.75, 5.75, 9], "texture": "#4"},
				"south": {"uv": [8.75, 5.5, 9, 5.75], "texture": "#4"},
				"west": {"uv": [5.75, 8.75, 6, 9], "texture": "#4"},
				"up": {"uv": [9, 6, 8.75, 5.75], "texture": "#4"},
				"down": {"uv": [6.25, 8.75, 6, 9], "texture": "#4"}
			}
		},
		{
			"from": [8.7, 8.05, 8.4],
			"to": [8.8, 8.65, 8.5],
			"rotation": {"angle": 0, "axis": "y", "origin": [0, -0.2, 0]},
			"faces": {
				"north": {"uv": [8.75, 6, 9, 6.25], "texture": "#4"},
				"east": {"uv": [6.25, 8.75, 6.5, 9], "texture": "#4"},
				"south": {"uv": [8.75, 6.25, 9, 6.5], "texture": "#4"},
				"west": {"uv": [6.5, 8.75, 6.75, 9], "texture": "#4"},
				"up": {"uv": [9, 6.75, 8.75, 6.5], "texture": "#4"},
				"down": {"uv": [7, 8.75, 6.75, 9], "texture": "#4"}
			}
		},
		{
			"from": [8.8, 8.05, 8.4],
			"to": [8.9, 8.35, 8.5],
			"rotation": {"angle": -22.5, "axis": "z", "origin": [8.85, 8.275, 8.45]},
			"faces": {
				"north": {"uv": [8.75, 6.75, 9, 7], "texture": "#4"},
				"east": {"uv": [7, 8.75, 7.25, 9], "texture": "#4"},
				"south": {"uv": [8.75, 7, 9, 7.25], "texture": "#4"},
				"west": {"uv": [7.25, 8.75, 7.5, 9], "texture": "#4"},
				"up": {"uv": [9, 7.5, 8.75, 7.25], "texture": "#4"},
				"down": {"uv": [7.75, 8.75, 7.5, 9], "texture": "#4"}
			}
		},
		{
			"from": [8.6, 8.05, 8.3],
			"to": [8.7, 8.25, 8.4],
			"rotation": {"angle": 22.5, "axis": "z", "origin": [8.65, 8.3, 8.35]},
			"faces": {
				"north": {"uv": [8.75, 7.5, 9, 7.75], "texture": "#4"},
				"east": {"uv": [7.75, 8.75, 8, 9], "texture": "#4"},
				"south": {"uv": [8.75, 7.75, 9, 8], "texture": "#4"},
				"west": {"uv": [8, 8.75, 8.25, 9], "texture": "#4"},
				"up": {"uv": [9, 8.25, 8.75, 8], "texture": "#4"},
				"down": {"uv": [8.5, 8.75, 8.25, 9], "texture": "#4"}
			}
		},
		{
			"from": [8.7, 8.05, 8.325],
			"to": [8.8, 8.45, 8.4],
			"rotation": {"angle": 0, "axis": "y", "origin": [0, -0.2, 0]},
			"faces": {
				"north": {"uv": [8.75, 8.25, 9, 8.5], "texture": "#4"},
				"east": {"uv": [8.5, 8.75, 8.75, 9], "texture": "#4"},
				"south": {"uv": [8.75, 8.5, 9, 8.75], "texture": "#4"},
				"west": {"uv": [8.75, 8.75, 9, 9], "texture": "#4"},
				"up": {"uv": [0.25, 9.25, 0, 9], "texture": "#4"},
				"down": {"uv": [9.25, 0, 9, 0.25], "texture": "#4"}
			}
		},
		{
			"from": [8.8, 8.05, 8.3],
			"to": [8.9, 8.275, 8.4],
			"rotation": {"angle": -22.5, "axis": "x", "origin": [8.85, 8.1, 8.35]},
			"faces": {
				"north": {"uv": [0.25, 9, 0.5, 9.25], "texture": "#4"},
				"east": {"uv": [9, 0.25, 9.25, 0.5], "texture": "#4"},
				"south": {"uv": [0.5, 9, 0.75, 9.25], "texture": "#4"},
				"west": {"uv": [9, 0.5, 9.25, 0.75], "texture": "#4"},
				"up": {"uv": [1, 9.25, 0.75, 9], "texture": "#4"},
				"down": {"uv": [9.25, 0.75, 9, 1], "texture": "#4"}
			}
		},
		{
			"from": [8.625, 8.05, 8.35],
			"to": [8.725, 8.5, 8.45],
			"rotation": {"angle": -22.5, "axis": "z", "origin": [8.675, 8.1, 8.4]},
			"faces": {
				"north": {"uv": [1, 9, 1.25, 9.25], "texture": "#4"},
				"east": {"uv": [9, 1, 9.25, 1.25], "texture": "#4"},
				"south": {"uv": [1.25, 9, 1.5, 9.25], "texture": "#4"},
				"west": {"uv": [9, 1.25, 9.25, 1.5], "texture": "#4"},
				"up": {"uv": [1.75, 9.25, 1.5, 9], "texture": "#4"},
				"down": {"uv": [9.25, 1.5, 9, 1.75], "texture": "#4"}
			}
		},
		{
			"from": [8.625, 8.05, 8.475],
			"to": [8.725, 8.375, 8.575],
			"rotation": {"angle": -22.5, "axis": "x", "origin": [8.675, 8.1, 8.4]},
			"faces": {
				"north": {"uv": [1.75, 9, 2, 9.25], "texture": "#4"},
				"east": {"uv": [9, 1.75, 9.25, 2], "texture": "#4"},
				"south": {"uv": [2, 9, 2.25, 9.25], "texture": "#4"},
				"west": {"uv": [9, 2, 9.25, 2.25], "texture": "#4"},
				"up": {"uv": [2.5, 9.25, 2.25, 9], "texture": "#4"},
				"down": {"uv": [9.25, 2.25, 9, 2.5], "texture": "#4"}
			}
		},
		{
			"from": [8.775, 8.05, 8.475],
			"to": [8.875, 8.45, 8.575],
			"rotation": {"angle": 22.5, "axis": "z", "origin": [8.675, 8.1, 8.4]},
			"faces": {
				"north": {"uv": [2.5, 9, 2.75, 9.25], "texture": "#4"},
				"east": {"uv": [9, 2.5, 9.25, 2.75], "texture": "#4"},
				"south": {"uv": [2.75, 9, 3, 9.25], "texture": "#4"},
				"west": {"uv": [9, 2.75, 9.25, 3], "texture": "#4"},
				"up": {"uv": [3.25, 9.25, 3, 9], "texture": "#4"},
				"down": {"uv": [9.25, 3, 9, 3.25], "texture": "#4"}
			}
		},
		{
			"from": [8.725, 8.05, 8.55],
			"to": [8.825, 8.25, 8.65],
			"rotation": {"angle": 22.5, "axis": "x", "origin": [8.65, 8.15, 8.45]},
			"faces": {
				"north": {"uv": [3.25, 9, 3.5, 9.25], "texture": "#4"},
				"east": {"uv": [9, 3.25, 9.25, 3.5], "texture": "#4"},
				"south": {"uv": [3.5, 9, 3.75, 9.25], "texture": "#4"},
				"west": {"uv": [9, 3.5, 9.25, 3.75], "texture": "#4"},
				"up": {"uv": [4, 9.25, 3.75, 9], "texture": "#4"},
				"down": {"uv": [9.25, 3.75, 9, 4], "texture": "#4"}
			}
		},
		{
			"from": [8.8, 8.05, 8.4],
			"to": [8.9, 8.25, 8.5],
			"rotation": {"angle": -22.5, "axis": "z", "origin": [8.65, 8.15, 8.45]},
			"faces": {
				"north": {"uv": [4, 9, 4.25, 9.25], "texture": "#4"},
				"east": {"uv": [9, 4, 9.25, 4.25], "texture": "#4"},
				"south": {"uv": [4.25, 9, 4.5, 9.25], "texture": "#4"},
				"west": {"uv": [9, 4.25, 9.25, 4.5], "texture": "#4"},
				"up": {"uv": [4.75, 9.25, 4.5, 9], "texture": "#4"},
				"down": {"uv": [9.25, 4.5, 9, 4.75], "texture": "#4"}
			}
		},
		{
			"from": [8.85, 8.2, 8.425],
			"to": [8.95, 8.425, 8.525],
			"rotation": {"angle": 22.5, "axis": "z", "origin": [8.675, 8.1, 8.4]},
			"faces": {
				"north": {"uv": [4.75, 9, 5, 9.25], "texture": "#4"},
				"east": {"uv": [9, 4.75, 9.25, 5], "texture": "#4"},
				"south": {"uv": [5, 9, 5.25, 9.25], "texture": "#4"},
				"west": {"uv": [9, 5, 9.25, 5.25], "texture": "#4"},
				"up": {"uv": [5.5, 9.25, 5.25, 9], "texture": "#4"},
				"down": {"uv": [9.25, 5.25, 9, 5.5], "texture": "#4"}
			}
		},
		{
			"from": [7.625, 7.125, 8.75],
			"to": [12.025, 7.25, 8.875],
			"rotation": {"angle": 0, "axis": "y", "origin": [8, 7.5, 8.5]},
			"faces": {
				"north": {"uv": [1.25, 5, 2.25, 5.25], "texture": "#4"},
				"east": {"uv": [8.5, 5.5, 8.75, 5.75], "texture": "#4"},
				"south": {"uv": [5, 1.25, 6, 1.5], "texture": "#4"},
				"west": {"uv": [5.75, 8.5, 6, 8.75], "texture": "#4"},
				"up": {"uv": [3.25, 5.25, 2.25, 5], "texture": "#4"},
				"down": {"uv": [6, 2.5, 5, 2.75], "texture": "#4"}
			}
		},
		{
			"from": [8.25, 7.125, 8.875],
			"to": [11.75, 7.25, 9],
			"rotation": {"angle": 0, "axis": "y", "origin": [8, 7.5, 8.5]},
			"faces": {
				"north": {"uv": [3, 7, 4, 7.25], "texture": "#4"},
				"east": {"uv": [0, 9.5, 0.25, 9.75], "texture": "#4"},
				"south": {"uv": [7, 3, 8, 3.25], "texture": "#4"},
				"west": {"uv": [9.5, 0, 9.75, 0.25], "texture": "#4"},
				"up": {"uv": [8, 3.5, 7, 3.25], "texture": "#4"},
				"down": {"uv": [8, 3.5, 7, 3.75], "texture": "#4"}
			}
		},
		{
			"from": [8.675, 7, 8.875],
			"to": [10.425, 7.125, 9],
			"rotation": {"angle": 0, "axis": "y", "origin": [8, 7.5, 8.5]},
			"faces": {
				"north": {"uv": [8, 4, 8.5, 4.25], "texture": "#4"},
				"east": {"uv": [0.5, 9.5, 0.75, 9.75], "texture": "#4"},
				"south": {"uv": [4.25, 8, 4.75, 8.25], "texture": "#4"},
				"west": {"uv": [9.5, 0.5, 9.75, 0.75], "texture": "#4"},
				"up": {"uv": [8.5, 4.5, 8, 4.25], "texture": "#4"},
				"down": {"uv": [8.5, 4.5, 8, 4.75], "texture": "#4"}
			}
		},
		{
			"from": [8.025, 7, 8.75],
			"to": [11.35, 7.125, 8.875],
			"rotation": {"angle": 0, "axis": "y", "origin": [8, 7.5, 8.5]},
			"faces": {
				"north": {"uv": [7.5, 7.5, 8.25, 7.75], "texture": "#4"},
				"east": {"uv": [0.25, 9.5, 0.5, 9.75], "texture": "#4"},
				"south": {"uv": [0, 7.75, 0.75, 8], "texture": "#4"},
				"west": {"uv": [9.5, 0.25, 9.75, 0.5], "texture": "#4"},
				"up": {"uv": [1.5, 8, 0.75, 7.75], "texture": "#4"},
				"down": {"uv": [2.25, 7.75, 1.5, 8], "texture": "#4"}
			}
		},
		{
			"from": [7.325, 7.125, 8.5],
			"to": [10.75, 7.25, 8.625],
			"rotation": {"angle": 0, "axis": "y", "origin": [8, 7.5, 8.5]},
			"faces": {
				"north": {"uv": [7, 5.5, 7.75, 5.75], "texture": "#4"},
				"east": {"uv": [8.5, 5.75, 8.75, 6], "texture": "#4"},
				"south": {"uv": [7, 5.75, 7.75, 6], "texture": "#4"},
				"west": {"uv": [6, 8.5, 6.25, 8.75], "texture": "#4"},
				"up": {"uv": [6.75, 7.25, 6, 7], "texture": "#4"},
				"down": {"uv": [7.75, 6, 7, 6.25], "texture": "#4"}
			}
		},
		{
			"from": [7.325, 7.125, 8.625],
			"to": [11.3, 7.25, 8.75],
			"rotation": {"angle": 0, "axis": "y", "origin": [8, 7.5, 8.5]},
			"faces": {
				"north": {"uv": [7, 4.5, 8, 4.75], "texture": "#4"},
				"east": {"uv": [1.5, 9.5, 1.75, 9.75], "texture": "#4"},
				"south": {"uv": [7, 4.75, 8, 5], "texture": "#4"},
				"west": {"uv": [9.5, 1.5, 9.75, 1.75], "texture": "#4"},
				"up": {"uv": [6, 7.25, 5, 7], "texture": "#4"},
				"down": {"uv": [8, 5.25, 7, 5.5], "texture": "#4"}
			}
		},
		{
			"from": [7.7, 7, 8.625],
			"to": [11, 7.125, 8.75],
			"rotation": {"angle": 0, "axis": "y", "origin": [8, 7.5, 8.5]},
			"faces": {
				"north": {"uv": [7.75, 6.75, 8.5, 7], "texture": "#4"},
				"east": {"uv": [2, 9.5, 2.25, 9.75], "texture": "#4"},
				"south": {"uv": [7.5, 7.75, 8.25, 8], "texture": "#4"},
				"west": {"uv": [9.5, 2, 9.75, 2.25], "texture": "#4"},
				"up": {"uv": [0.75, 8.25, 0, 8], "texture": "#4"},
				"down": {"uv": [8.75, 0.5, 8, 0.75], "texture": "#4"}
			}
		},
		{
			"from": [7.525, 7, 8.5],
			"to": [10.75, 7.125, 8.625],
			"rotation": {"angle": 0, "axis": "y", "origin": [8, 7.5, 8.5]},
			"faces": {
				"north": {"uv": [7.75, 6, 8.5, 6.25], "texture": "#4"},
				"east": {"uv": [1.75, 9.5, 2, 9.75], "texture": "#4"},
				"south": {"uv": [7.75, 6.25, 8.5, 6.5], "texture": "#4"},
				"west": {"uv": [9.5, 1.75, 9.75, 2], "texture": "#4"},
				"up": {"uv": [8.5, 6.75, 7.75, 6.5], "texture": "#4"},
				"down": {"uv": [7.5, 7.75, 6.75, 8], "texture": "#4"}
			}
		},
		{
			"from": [6.975, 7.125, 8.375],
			"to": [10.75, 7.25, 8.5],
			"rotation": {"angle": 0, "axis": "y", "origin": [8, 7.5, 8.5]},
			"faces": {
				"north": {"uv": [5, 2.75, 6, 3], "texture": "#4"},
				"east": {"uv": [8.5, 6, 8.75, 6.25], "texture": "#4"},
				"south": {"uv": [5, 3, 6, 3.25], "texture": "#4"},
				"west": {"uv": [6.25, 8.5, 6.5, 8.75], "texture": "#4"},
				"up": {"uv": [4.25, 5.25, 3.25, 5], "texture": "#4"},
				"down": {"uv": [6, 3.25, 5, 3.5], "texture": "#4"}
			}
		},
		{
			"from": [6.525, 7.125, 8.25],
			"to": [11.25, 7.25, 8.375],
			"rotation": {"angle": 0, "axis": "y", "origin": [8, 7.5, 8.5]},
			"faces": {
				"north": {"uv": [2.5, 4.75, 3.75, 5], "texture": "#4"},
				"east": {"uv": [9.25, 7.25, 9.5, 7.5], "texture": "#4"},
				"south": {"uv": [3.75, 4.75, 5, 5], "texture": "#4"},
				"west": {"uv": [7.5, 9.25, 7.75, 9.5], "texture": "#4"},
				"up": {"uv": [1.25, 5.25, 0, 5], "texture": "#4"},
				"down": {"uv": [6.25, 1, 5, 1.25], "texture": "#4"}
			}
		},
		{
			"from": [6.95, 7, 8.25],
			"to": [11.25, 7.125, 8.375],
			"rotation": {"angle": 0, "axis": "y", "origin": [8, 7.5, 8.5]},
			"faces": {
				"north": {"uv": [7, 1.25, 8, 1.5], "texture": "#4"},
				"east": {"uv": [9.25, 7.75, 9.5, 8], "texture": "#4"},
				"south": {"uv": [7, 1.5, 8, 1.75], "texture": "#4"},
				"west": {"uv": [8, 9.25, 8.25, 9.5], "texture": "#4"},
				"up": {"uv": [8, 2, 7, 1.75], "texture": "#4"},
				"down": {"uv": [3, 7, 2, 7.25], "texture": "#4"}
			}
		},
		{
			"from": [7.425, 7, 8.375],
			"to": [10.75, 7.125, 8.5],
			"rotation": {"angle": 0, "axis": "y", "origin": [8, 7.5, 8.5]},
			"faces": {
				"north": {"uv": [7.5, 0.25, 8.25, 0.5], "texture": "#4"},
				"east": {"uv": [9.25, 7.5, 9.5, 7.75], "texture": "#4"},
				"south": {"uv": [0.75, 7.5, 1.5, 7.75], "texture": "#4"},
				"west": {"uv": [7.75, 9.25, 8, 9.5], "texture": "#4"},
				"up": {"uv": [2.25, 7.75, 1.5, 7.5], "texture": "#4"},
				"down": {"uv": [3, 7.5, 2.25, 7.75], "texture": "#4"}
			}
		},
		{
			"from": [7.1, 7.125, 8.125],
			"to": [11.825, 7.25, 8.25],
			"rotation": {"angle": 0, "axis": "y", "origin": [8, 7.5, 8.5]},
			"faces": {
				"north": {"uv": [1.5, 0.5, 2.75, 0.75], "texture": "#4"},
				"east": {"uv": [8.5, 6.25, 8.75, 6.5], "texture": "#4"},
				"south": {"uv": [1.5, 0.75, 2.75, 1], "texture": "#4"},
				"west": {"uv": [6.5, 8.5, 6.75, 8.75], "texture": "#4"},
				"up": {"uv": [2.25, 1.75, 1, 1.5], "texture": "#4"},
				"down": {"uv": [2.25, 1.75, 1, 2], "texture": "#4"}
			}
		},
		{
			"from": [7.825, 7, 8.125],
			"to": [11.45, 7.125, 8.25],
			"rotation": {"angle": 0, "axis": "y", "origin": [8, 7.5, 8.5]},
			"faces": {
				"north": {"uv": [7, 2, 8, 2.25], "texture": "#4"},
				"east": {"uv": [9.25, 8.5, 9.5, 8.75], "texture": "#4"},
				"south": {"uv": [7, 2.25, 8, 2.5], "texture": "#4"},
				"west": {"uv": [8.75, 9.25, 9, 9.5], "texture": "#4"},
				"up": {"uv": [8, 2.75, 7, 2.5], "texture": "#4"},
				"down": {"uv": [8, 2.75, 7, 3], "texture": "#4"}
			}
		},
		{
			"from": [8.275, 7, 8],
			"to": [11, 7.125, 8.125],
			"rotation": {"angle": 0, "axis": "y", "origin": [8, 7.5, 8.5]},
			"faces": {
				"north": {"uv": [6, 7.5, 6.75, 7.75], "texture": "#4"},
				"east": {"uv": [9.25, 9, 9.5, 9.25], "texture": "#4"},
				"south": {"uv": [6.75, 7.5, 7.5, 7.75], "texture": "#4"},
				"west": {"uv": [9.25, 9.25, 9.5, 9.5], "texture": "#4"},
				"up": {"uv": [8.25, 7.25, 7.5, 7], "texture": "#4"},
				"down": {"uv": [8.25, 7.25, 7.5, 7.5], "texture": "#4"}
			}
		},
		{
			"from": [7.85, 7.125, 8],
			"to": [11.225, 7.25, 8.125],
			"rotation": {"angle": 0, "axis": "y", "origin": [8, 7.5, 8.5]},
			"faces": {
				"north": {"uv": [3, 7.5, 3.75, 7.75], "texture": "#4"},
				"east": {"uv": [9.25, 8.75, 9.5, 9], "texture": "#4"},
				"south": {"uv": [3.75, 7.5, 4.5, 7.75], "texture": "#4"},
				"west": {"uv": [9, 9.25, 9.25, 9.5], "texture": "#4"},
				"up": {"uv": [5.25, 7.75, 4.5, 7.5], "texture": "#4"},
				"down": {"uv": [6, 7.5, 5.25, 7.75], "texture": "#4"}
			}
		},
		{
			"from": [6.1, 7.375, 8.125],
			"to": [10.75, 7.5, 8.25],
			"rotation": {"angle": 0, "axis": "y", "origin": [8, 7.5, 8.5]},
			"faces": {
				"north": {"uv": [2.5, 4.5, 3.75, 4.75], "texture": "#4"},
				"east": {"uv": [9.25, 2.5, 9.5, 2.75], "texture": "#4"},
				"south": {"uv": [3.75, 4.5, 5, 4.75], "texture": "#4"},
				"west": {"uv": [2.75, 9.25, 3, 9.5], "texture": "#4"},
				"up": {"uv": [1.25, 5, 0, 4.75], "texture": "#4"},
				"down": {"uv": [2.5, 4.75, 1.25, 5], "texture": "#4"}
			}
		},
		{
			"from": [6.475, 7.25, 8.125],
			"to": [11.15, 7.375, 8.25],
			"rotation": {"angle": 0, "axis": "y", "origin": [8, 7.5, 8.5]},
			"faces": {
				"north": {"uv": [4.75, 1.5, 6, 1.75], "texture": "#4"},
				"east": {"uv": [9.25, 2.75, 9.5, 3], "texture": "#4"},
				"south": {"uv": [4.75, 1.75, 6, 2], "texture": "#4"},
				"west": {"uv": [3, 9.25, 3.25, 9.5], "texture": "#4"},
				"up": {"uv": [6, 2.25, 4.75, 2], "texture": "#4"},
				"down": {"uv": [6, 2.25, 4.75, 2.5], "texture": "#4"}
			}
		},
		{
			"from": [7.375, 7.25, 8],
			"to": [10.9, 7.375, 8.125],
			"rotation": {"angle": 0, "axis": "y", "origin": [8, 7.5, 8.5]},
			"faces": {
				"north": {"uv": [6, 3.75, 7, 4], "texture": "#4"},
				"east": {"uv": [9.25, 3.25, 9.5, 3.5], "texture": "#4"},
				"south": {"uv": [4, 6, 5, 6.25], "texture": "#4"},
				"west": {"uv": [3.5, 9.25, 3.75, 9.5], "texture": "#4"},
				"up": {"uv": [7, 4.25, 6, 4], "texture": "#4"},
				"down": {"uv": [7, 4.25, 6, 4.5], "texture": "#4"}
			}
		},
		{
			"from": [7.05, 7.375, 8],
			"to": [10.75, 7.5, 8.125],
			"rotation": {"angle": 0, "axis": "y", "origin": [8, 7.5, 8.5]},
			"faces": {
				"north": {"uv": [3, 6, 4, 6.25], "texture": "#4"},
				"east": {"uv": [9.25, 3, 9.5, 3.25], "texture": "#4"},
				"south": {"uv": [6, 3, 7, 3.25], "texture": "#4"},
				"west": {"uv": [3.25, 9.25, 3.5, 9.5], "texture": "#4"},
				"up": {"uv": [7, 3.5, 6, 3.25], "texture": "#4"},
				"down": {"uv": [7, 3.5, 6, 3.75], "texture": "#4"}
			}
		},
		{
			"from": [7.275, 7.25, 8.75],
			"to": [11.375, 7.375, 8.875],
			"rotation": {"angle": 0, "axis": "y", "origin": [8, 7.5, 8.5]},
			"faces": {
				"north": {"uv": [5, 4.25, 6, 4.5], "texture": "#4"},
				"east": {"uv": [7.25, 8.5, 7.5, 8.75], "texture": "#4"},
				"south": {"uv": [5, 4.5, 6, 4.75], "texture": "#4"},
				"west": {"uv": [7.5, 8.5, 7.75, 8.75], "texture": "#4"},
				"up": {"uv": [6, 5, 5, 4.75], "texture": "#4"},
				"down": {"uv": [1, 5.25, 0, 5.5], "texture": "#4"}
			}
		},
		{
			"from": [7.025, 7.375, 8.75],
			"to": [10.75, 7.5, 8.875],
			"rotation": {"angle": 0, "axis": "y", "origin": [8, 7.5, 8.5]},
			"faces": {
				"north": {"uv": [7, 3.75, 8, 4], "texture": "#4"},
				"east": {"uv": [0.75, 9.5, 1, 9.75], "texture": "#4"},
				"south": {"uv": [4, 7, 5, 7.25], "texture": "#4"},
				"west": {"uv": [9.5, 0.75, 9.75, 1], "texture": "#4"},
				"up": {"uv": [8, 4.25, 7, 4], "texture": "#4"},
				"down": {"uv": [8, 4.25, 7, 4.5], "texture": "#4"}
			}
		},
		{
			"from": [7.55, 7.375, 8.875],
			"to": [10.75, 7.5, 9],
			"rotation": {"angle": 0, "axis": "y", "origin": [8, 7.5, 8.5]},
			"faces": {
				"north": {"uv": [5.25, 7.75, 6, 8], "texture": "#4"},
				"east": {"uv": [1.25, 9.5, 1.5, 9.75], "texture": "#4"},
				"south": {"uv": [7.75, 5.5, 8.5, 5.75], "texture": "#4"},
				"west": {"uv": [9.5, 1.25, 9.75, 1.5], "texture": "#4"},
				"up": {"uv": [8.5, 6, 7.75, 5.75], "texture": "#4"},
				"down": {"uv": [6.75, 7.75, 6, 8], "texture": "#4"}
			}
		},
		{
			"from": [8.125, 7.25, 8.875],
			"to": [11, 7.375, 9],
			"rotation": {"angle": 0, "axis": "y", "origin": [8, 7.5, 8.5]},
			"faces": {
				"north": {"uv": [2.25, 7.75, 3, 8], "texture": "#4"},
				"east": {"uv": [1, 9.5, 1.25, 9.75], "texture": "#4"},
				"south": {"uv": [3, 7.75, 3.75, 8], "texture": "#4"},
				"west": {"uv": [9.5, 1, 9.75, 1.25], "texture": "#4"},
				"up": {"uv": [4.5, 8, 3.75, 7.75], "texture": "#4"},
				"down": {"uv": [5.25, 7.75, 4.5, 8], "texture": "#4"}
			}
		},
		{
			"from": [6.325, 7.375, 8.5],
			"to": [10.325, 7.5, 8.625],
			"rotation": {"angle": 0, "axis": "y", "origin": [8, 7.5, 8.5]},
			"faces": {
				"north": {"uv": [5, 3.5, 6, 3.75], "texture": "#4"},
				"east": {"uv": [8.5, 6.75, 8.75, 7], "texture": "#4"},
				"south": {"uv": [5, 3.75, 6, 4], "texture": "#4"},
				"west": {"uv": [7, 8.5, 7.25, 8.75], "texture": "#4"},
				"up": {"uv": [6, 4.25, 5, 4], "texture": "#4"},
				"down": {"uv": [5.25, 5, 4.25, 5.25], "texture": "#4"}
			}
		},
		{
			"from": [6.825, 7.375, 8.625],
			"to": [10.575, 7.5, 8.75],
			"rotation": {"angle": 0, "axis": "y", "origin": [8, 7.5, 8.5]},
			"faces": {
				"north": {"uv": [4, 6.5, 5, 6.75], "texture": "#4"},
				"east": {"uv": [9.25, 6.5, 9.5, 6.75], "texture": "#4"},
				"south": {"uv": [5, 6.5, 6, 6.75], "texture": "#4"},
				"west": {"uv": [6.75, 9.25, 7, 9.5], "texture": "#4"},
				"up": {"uv": [7, 6.75, 6, 6.5], "texture": "#4"},
				"down": {"uv": [1, 6.75, 0, 7], "texture": "#4"}
			}
		},
		{
			"from": [6.9, 7.25, 8.625],
			"to": [10.75, 7.375, 8.75],
			"rotation": {"angle": 0, "axis": "y", "origin": [8, 7.5, 8.5]},
			"faces": {
				"north": {"uv": [5, 6.75, 6, 7], "texture": "#4"},
				"east": {"uv": [9.25, 7, 9.5, 7.25], "texture": "#4"},
				"south": {"uv": [6, 6.75, 7, 7], "texture": "#4"},
				"west": {"uv": [7.25, 9.25, 7.5, 9.5], "texture": "#4"},
				"up": {"uv": [1, 7.25, 0, 7], "texture": "#4"},
				"down": {"uv": [2, 7, 1, 7.25], "texture": "#4"}
			}
		},
		{
			"from": [6.575, 7.25, 8.5],
			"to": [10.5, 7.375, 8.625],
			"rotation": {"angle": 0, "axis": "y", "origin": [8, 7.5, 8.5]},
			"faces": {
				"north": {"uv": [1, 6.75, 2, 7], "texture": "#4"},
				"east": {"uv": [9.25, 6.75, 9.5, 7], "texture": "#4"},
				"south": {"uv": [2, 6.75, 3, 7], "texture": "#4"},
				"west": {"uv": [7, 9.25, 7.25, 9.5], "texture": "#4"},
				"up": {"uv": [4, 7, 3, 6.75], "texture": "#4"},
				"down": {"uv": [5, 6.75, 4, 7], "texture": "#4"}
			}
		},
		{
			"from": [5.675, 7.375, 8.25],
			"to": [10.575, 7.5, 8.375],
			"rotation": {"angle": 0, "axis": "y", "origin": [8, 7.5, 8.5]},
			"faces": {
				"north": {"uv": [1, 2, 2.25, 2.25], "texture": "#4"},
				"east": {"uv": [8.5, 6.5, 8.75, 6.75], "texture": "#4"},
				"south": {"uv": [1, 2.25, 2.25, 2.5], "texture": "#4"},
				"west": {"uv": [6.75, 8.5, 7, 8.75], "texture": "#4"},
				"up": {"uv": [3.5, 1.75, 2.25, 1.5], "texture": "#4"},
				"down": {"uv": [3.5, 1.75, 2.25, 2], "texture": "#4"}
			}
		},
		{
			"from": [6, 7.375, 8.375],
			"to": [10.125, 7.5, 8.5],
			"rotation": {"angle": 0, "axis": "y", "origin": [8, 7.5, 8.5]},
			"faces": {
				"north": {"uv": [4, 5.75, 5, 6], "texture": "#4"},
				"east": {"uv": [9.25, 1, 9.5, 1.25], "texture": "#4"},
				"south": {"uv": [5, 5.75, 6, 6], "texture": "#4"},
				"west": {"uv": [1.25, 9.25, 1.5, 9.5], "texture": "#4"},
				"up": {"uv": [1, 6.25, 0, 6], "texture": "#4"},
				"down": {"uv": [2, 6, 1, 6.25], "texture": "#4"}
			}
		},
		{
			"from": [6.15, 7.25, 8.375],
			"to": [10.65, 7.375, 8.5],
			"rotation": {"angle": 0, "axis": "y", "origin": [8, 7.5, 8.5]},
			"faces": {
				"north": {"uv": [0, 4.25, 1.25, 4.5], "texture": "#4"},
				"east": {"uv": [9.25, 1.5, 9.5, 1.75], "texture": "#4"},
				"south": {"uv": [4.25, 0, 5.5, 0.25], "texture": "#4"},
				"west": {"uv": [1.75, 9.25, 2, 9.5], "texture": "#4"},
				"up": {"uv": [5.5, 0.5, 4.25, 0.25], "texture": "#4"},
				"down": {"uv": [2.5, 4.25, 1.25, 4.5], "texture": "#4"}
			}
		},
		{
			"from": [5.95, 7.25, 8.25],
			"to": [10.75, 7.375, 8.375],
			"rotation": {"angle": 0, "axis": "y", "origin": [8, 7.5, 8.5]},
			"faces": {
				"north": {"uv": [4, 0.75, 5.25, 1], "texture": "#4"},
				"east": {"uv": [9.25, 1.25, 9.5, 1.5], "texture": "#4"},
				"south": {"uv": [1.25, 4, 2.5, 4.25], "texture": "#4"},
				"west": {"uv": [1.5, 9.25, 1.75, 9.5], "texture": "#4"},
				"up": {"uv": [3.75, 4.25, 2.5, 4], "texture": "#4"},
				"down": {"uv": [5, 4, 3.75, 4.25], "texture": "#4"}
			}
		},
		{
			"from": [5.85, 7.5, 8.125],
			"to": [10.675, 7.625, 8.25],
			"rotation": {"angle": 0, "axis": "y", "origin": [8, 7.5, 8.5]},
			"faces": {
				"north": {"uv": [1.25, 2.5, 2.5, 2.75], "texture": "#4"},
				"east": {"uv": [8.75, 0, 9, 0.25], "texture": "#4"},
				"south": {"uv": [2.5, 1.25, 3.75, 1.5], "texture": "#4"},
				"west": {"uv": [0.25, 8.75, 0.5, 9], "texture": "#4"},
				"up": {"uv": [3.75, 2.75, 2.5, 2.5], "texture": "#4"},
				"down": {"uv": [1.25, 2.75, 0, 3], "texture": "#4"}
			}
		},
		{
			"from": [6.25, 7.625, 8.125],
			"to": [11.425, 7.75, 8.25],
			"rotation": {"angle": 0, "axis": "y", "origin": [8, 7.5, 8.5]},
			"faces": {
				"north": {"uv": [2.5, 4.25, 3.75, 4.5], "texture": "#4"},
				"east": {"uv": [9.25, 1.75, 9.5, 2], "texture": "#4"},
				"south": {"uv": [3.75, 4.25, 5, 4.5], "texture": "#4"},
				"west": {"uv": [2, 9.25, 2.25, 9.5], "texture": "#4"},
				"up": {"uv": [1.25, 4.75, 0, 4.5], "texture": "#4"},
				"down": {"uv": [2.5, 4.5, 1.25, 4.75], "texture": "#4"}
			}
		},
		{
			"from": [6.875, 7.5, 8],
			"to": [10.6, 7.625, 8.125],
			"rotation": {"angle": 0, "axis": "y", "origin": [8, 7.5, 8.5]},
			"faces": {
				"north": {"uv": [6, 2, 7, 2.25], "texture": "#4"},
				"east": {"uv": [9.25, 2.25, 9.5, 2.5], "texture": "#4"},
				"south": {"uv": [6, 2.25, 7, 2.5], "texture": "#4"},
				"west": {"uv": [2.5, 9.25, 2.75, 9.5], "texture": "#4"},
				"up": {"uv": [7, 2.75, 6, 2.5], "texture": "#4"},
				"down": {"uv": [7, 2.75, 6, 3], "texture": "#4"}
			}
		},
		{
			"from": [7.325, 7.625, 8],
			"to": [10.95, 7.75, 8.125],
			"rotation": {"angle": 0, "axis": "y", "origin": [8, 7.5, 8.5]},
			"faces": {
				"north": {"uv": [6, 1.25, 7, 1.5], "texture": "#4"},
				"east": {"uv": [9.25, 2, 9.5, 2.25], "texture": "#4"},
				"south": {"uv": [6, 1.5, 7, 1.75], "texture": "#4"},
				"west": {"uv": [2.25, 9.25, 2.5, 9.5], "texture": "#4"},
				"up": {"uv": [7, 2, 6, 1.75], "texture": "#4"},
				"down": {"uv": [3, 6, 2, 6.25], "texture": "#4"}
			}
		},
		{
			"from": [6.65, 7.5, 8.75],
			"to": [10.75, 7.625, 8.875],
			"rotation": {"angle": 0, "axis": "y", "origin": [8, 7.5, 8.5]},
			"faces": {
				"north": {"uv": [5.25, 0.5, 6.25, 0.75], "texture": "#4"},
				"east": {"uv": [8.5, 8.5, 8.75, 8.75], "texture": "#4"},
				"south": {"uv": [5.25, 0.75, 6.25, 1], "texture": "#4"},
				"west": {"uv": [0, 8.75, 0.25, 9], "texture": "#4"},
				"up": {"uv": [2, 5.5, 1, 5.25], "texture": "#4"},
				"down": {"uv": [3, 5.25, 2, 5.5], "texture": "#4"}
			}
		},
		{
			"from": [7.15, 7.5, 8.875],
			"to": [10.4, 7.625, 9],
			"rotation": {"angle": 0, "axis": "y", "origin": [8, 7.5, 8.5]},
			"faces": {
				"north": {"uv": [3.75, 7.25, 4.5, 7.5], "texture": "#4"},
				"east": {"uv": [9.25, 5.75, 9.5, 6], "texture": "#4"},
				"south": {"uv": [4.5, 7.25, 5.25, 7.5], "texture": "#4"},
				"west": {"uv": [6, 9.25, 6.25, 9.5], "texture": "#4"},
				"up": {"uv": [8, 5.25, 7.25, 5], "texture": "#4"},
				"down": {"uv": [6, 7.25, 5.25, 7.5], "texture": "#4"}
			}
		},
		{
			"from": [7.525, 7.625, 8.875],
			"to": [10.95, 7.75, 9],
			"rotation": {"angle": 0, "axis": "y", "origin": [8, 7.5, 8.5]},
			"faces": {
				"north": {"uv": [6, 7.25, 6.75, 7.5], "texture": "#4"},
				"east": {"uv": [9.25, 6.25, 9.5, 6.5], "texture": "#4"},
				"south": {"uv": [6.75, 7.25, 7.5, 7.5], "texture": "#4"},
				"west": {"uv": [6.5, 9.25, 6.75, 9.5], "texture": "#4"},
				"up": {"uv": [0.75, 7.75, 0, 7.5], "texture": "#4"},
				"down": {"uv": [8.25, 0, 7.5, 0.25], "texture": "#4"}
			}
		},
		{
			"from": [6.875, 7.625, 8.75],
			"to": [11.1, 7.75, 8.875],
			"rotation": {"angle": 0, "axis": "y", "origin": [8, 7.5, 8.5]},
			"faces": {
				"north": {"uv": [6.5, 0.25, 7.5, 0.5], "texture": "#4"},
				"east": {"uv": [9.25, 6, 9.5, 6.25], "texture": "#4"},
				"south": {"uv": [1, 6.5, 2, 6.75], "texture": "#4"},
				"west": {"uv": [6.25, 9.25, 6.5, 9.5], "texture": "#4"},
				"up": {"uv": [3, 6.75, 2, 6.5], "texture": "#4"},
				"down": {"uv": [4, 6.5, 3, 6.75], "texture": "#4"}
			}
		},
		{
			"from": [5.775, 7.625, 8.5],
			"to": [10.8, 7.75, 8.625],
			"rotation": {"angle": 0, "axis": "y", "origin": [8, 7.5, 8.5]},
			"faces": {
				"north": {"uv": [2.25, 2, 3.5, 2.25], "texture": "#4"},
				"east": {"uv": [8.25, 8.5, 8.5, 8.75], "texture": "#4"},
				"south": {"uv": [2.25, 2.25, 3.5, 2.5], "texture": "#4"},
				"west": {"uv": [8.5, 8.25, 8.75, 8.5], "texture": "#4"},
				"up": {"uv": [1.25, 2.75, 0, 2.5], "texture": "#4"},
				"down": {"uv": [3.75, 1, 2.5, 1.25], "texture": "#4"}
			}
		},
		{
			"from": [6.375, 7.625, 8.625],
			"to": [10.875, 7.75, 8.75],
			"rotation": {"angle": 0, "axis": "y", "origin": [8, 7.5, 8.5]},
			"faces": {
				"north": {"uv": [0, 3.5, 1.25, 3.75], "texture": "#4"},
				"east": {"uv": [8.75, 9, 9, 9.25], "texture": "#4"},
				"south": {"uv": [1.25, 3.5, 2.5, 3.75], "texture": "#4"},
				"west": {"uv": [9, 8.75, 9.25, 9], "texture": "#4"},
				"up": {"uv": [4.75, 1.75, 3.5, 1.5], "texture": "#4"},
				"down": {"uv": [4.75, 1.75, 3.5, 2], "texture": "#4"}
			}
		},
		{
			"from": [6.15, 7.5, 8.625],
			"to": [10.75, 7.625, 8.75],
			"rotation": {"angle": 0, "axis": "y", "origin": [8, 7.5, 8.5]},
			"faces": {
				"north": {"uv": [3.5, 2, 4.75, 2.25], "texture": "#4"},
				"east": {"uv": [9.25, 0, 9.5, 0.25], "texture": "#4"},
				"south": {"uv": [3.5, 2.25, 4.75, 2.5], "texture": "#4"},
				"west": {"uv": [0.25, 9.25, 0.5, 9.5], "texture": "#4"},
				"up": {"uv": [3.75, 3.75, 2.5, 3.5], "texture": "#4"},
				"down": {"uv": [1.25, 3.75, 0, 4], "texture": "#4"}
			}
		},
		{
			"from": [5.9, 7.5, 8.5],
			"to": [9.45, 7.625, 8.625],
			"rotation": {"angle": 0, "axis": "y", "origin": [8, 7.5, 8.5]},
			"faces": {
				"north": {"uv": [0, 5.75, 1, 6], "texture": "#4"},
				"east": {"uv": [9, 9, 9.25, 9.25], "texture": "#4"},
				"south": {"uv": [1, 5.75, 2, 6], "texture": "#4"},
				"west": {"uv": [0, 9.25, 0.25, 9.5], "texture": "#4"},
				"up": {"uv": [3, 6, 2, 5.75], "texture": "#4"},
				"down": {"uv": [4, 5.75, 3, 6], "texture": "#4"}
			}
		},
		{
			"from": [4.9, 7.5, 8.25],
			"to": [10.4, 7.625, 8.375],
			"rotation": {"angle": 0, "axis": "y", "origin": [8, 7.5, 8.5]},
			"faces": {
				"north": {"uv": [0, 0, 1.5, 0.25], "texture": "#4"},
				"east": {"uv": [7.75, 8.5, 8, 8.75], "texture": "#4"},
				"south": {"uv": [0, 0.25, 1.5, 0.5], "texture": "#4"},
				"west": {"uv": [8, 8.5, 8.25, 8.75], "texture": "#4"},
				"up": {"uv": [1.5, 0.75, 0, 0.5], "texture": "#4"},
				"down": {"uv": [1.5, 0.75, 0, 1], "texture": "#4"}
			}
		},
		{
			"from": [5.3, 7.5, 8.375],
			"to": [9.8, 7.625, 8.5],
			"rotation": {"angle": 0, "axis": "y", "origin": [8, 7.5, 8.5]},
			"faces": {
				"north": {"uv": [2, 5.5, 3, 5.75], "texture": "#4"},
				"east": {"uv": [8, 9, 8.25, 9.25], "texture": "#4"},
				"south": {"uv": [3, 5.5, 4, 5.75], "texture": "#4"},
				"west": {"uv": [9, 8, 9.25, 8.25], "texture": "#4"},
				"up": {"uv": [5, 5.75, 4, 5.5], "texture": "#4"},
				"down": {"uv": [6, 5.5, 5, 5.75], "texture": "#4"}
			}
		},
		{
			"from": [5.4, 7.625, 8.375],
			"to": [10.6, 7.75, 8.5],
			"rotation": {"angle": 0, "axis": "y", "origin": [8, 7.5, 8.5]},
			"faces": {
				"north": {"uv": [2.5, 3, 3.75, 3.25], "texture": "#4"},
				"east": {"uv": [8.25, 9, 8.5, 9.25], "texture": "#4"},
				"south": {"uv": [0, 3.25, 1.25, 3.5], "texture": "#4"},
				"west": {"uv": [9, 8.25, 9.25, 8.5], "texture": "#4"},
				"up": {"uv": [2.5, 3.5, 1.25, 3.25], "texture": "#4"},
				"down": {"uv": [3.75, 3.25, 2.5, 3.5], "texture": "#4"}
			}
		},
		{
			"from": [5.15, 7.625, 8.25],
			"to": [11.025, 7.75, 8.375],
			"rotation": {"angle": 0, "axis": "y", "origin": [8, 7.5, 8.5]},
			"faces": {
				"north": {"uv": [1, 1, 2.5, 1.25], "texture": "#4"},
				"east": {"uv": [8.5, 9, 8.75, 9.25], "texture": "#4"},
				"south": {"uv": [1, 1.25, 2.5, 1.5], "texture": "#4"},
				"west": {"uv": [9, 8.5, 9.25, 8.75], "texture": "#4"},
				"up": {"uv": [3, 0.25, 1.5, 0], "texture": "#4"},
				"down": {"uv": [3, 0.25, 1.5, 0.5], "texture": "#4"}
			}
		},
		{
			"from": [7.075, 7.75, 8.125],
			"to": [12.1, 7.875, 8.25],
			"rotation": {"angle": 0, "axis": "y", "origin": [8, 7.5, 8.5]},
			"faces": {
				"north": {"uv": [0, 3, 1.25, 3.25], "texture": "#4"},
				"east": {"uv": [1.5, 8.75, 1.75, 9], "texture": "#4"},
				"south": {"uv": [3, 0, 4.25, 0.25], "texture": "#4"},
				"west": {"uv": [1.75, 8.75, 2, 9], "texture": "#4"},
				"up": {"uv": [4.25, 0.5, 3, 0.25], "texture": "#4"},
				"down": {"uv": [2.5, 3, 1.25, 3.25], "texture": "#4"}
			}
		},
		{
			"from": [8.025, 7.75, 8],
			"to": [11.475, 7.875, 8.125],
			"rotation": {"angle": 0, "axis": "y", "origin": [8, 7.5, 8.5]},
			"faces": {
				"north": {"uv": [7, 6.25, 7.75, 6.5], "texture": "#4"},
				"east": {"uv": [9.25, 3.5, 9.5, 3.75], "texture": "#4"},
				"south": {"uv": [7, 6.5, 7.75, 6.75], "texture": "#4"},
				"west": {"uv": [3.75, 9.25, 4, 9.5], "texture": "#4"},
				"up": {"uv": [7.5, 7.25, 6.75, 7], "texture": "#4"},
				"down": {"uv": [7.75, 6.75, 7, 7], "texture": "#4"}
			}
		},
		{
			"from": [8.15, 7.875, 8],
			"to": [10.7, 8, 8.125],
			"rotation": {"angle": 0, "axis": "y", "origin": [8, 7.5, 8.5]},
			"faces": {
				"north": {"uv": [0, 7.25, 0.75, 7.5], "texture": "#4"},
				"east": {"uv": [9.25, 4, 9.5, 4.25], "texture": "#4"},
				"south": {"uv": [7.25, 0.5, 8, 0.75], "texture": "#4"},
				"west": {"uv": [4.25, 9.25, 4.5, 9.5], "texture": "#4"},
				"up": {"uv": [1.5, 7.5, 0.75, 7.25], "texture": "#4"},
				"down": {"uv": [8, 0.75, 7.25, 1], "texture": "#4"}
			}
		},
		{
			"from": [7.425, 7.875, 8.125],
			"to": [11.575, 8, 8.25],
			"rotation": {"angle": 0, "axis": "y", "origin": [8, 7.5, 8.5]},
			"faces": {
				"north": {"uv": [6, 4.5, 7, 4.75], "texture": "#4"},
				"east": {"uv": [9.25, 3.75, 9.5, 4], "texture": "#4"},
				"south": {"uv": [6, 4.75, 7, 5], "texture": "#4"},
				"west": {"uv": [4, 9.25, 4.25, 9.5], "texture": "#4"},
				"up": {"uv": [6, 6.25, 5, 6], "texture": "#4"},
				"down": {"uv": [7, 5.25, 6, 5.5], "texture": "#4"}
			}
		},
		{
			"from": [7.45, 7.75, 8.75],
			"to": [11.85, 7.875, 8.875],
			"rotation": {"angle": 0, "axis": "y", "origin": [8, 7.5, 8.5]},
			"faces": {
				"north": {"uv": [0, 5.5, 1, 5.75], "texture": "#4"},
				"east": {"uv": [1, 8.75, 1.25, 9], "texture": "#4"},
				"south": {"uv": [5.5, 0, 6.5, 0.25], "texture": "#4"},
				"west": {"uv": [1.25, 8.75, 1.5, 9], "texture": "#4"},
				"up": {"uv": [6.5, 0.5, 5.5, 0.25], "texture": "#4"},
				"down": {"uv": [2, 5.5, 1, 5.75], "texture": "#4"}
			}
		},
		{
			"from": [8.4, 7.75, 8.875],
			"to": [11.1, 7.875, 9],
			"rotation": {"angle": 0, "axis": "y", "origin": [8, 7.5, 8.5]},
			"faces": {
				"north": {"uv": [7.25, 1, 8, 1.25], "texture": "#4"},
				"east": {"uv": [9.25, 5, 9.5, 5.25], "texture": "#4"},
				"south": {"uv": [1.5, 7.25, 2.25, 7.5], "texture": "#4"},
				"west": {"uv": [5.25, 9.25, 5.5, 9.5], "texture": "#4"},
				"up": {"uv": [3, 7.5, 2.25, 7.25], "texture": "#4"},
				"down": {"uv": [3.75, 7.25, 3, 7.5], "texture": "#4"}
			}
		},
		{
			"from": [8.675, 7.875, 8.875],
			"to": [10.775, 8, 9],
			"rotation": {"angle": 0, "axis": "y", "origin": [8, 7.5, 8.5]},
			"faces": {
				"north": {"uv": [8, 2, 8.5, 2.25], "texture": "#4"},
				"east": {"uv": [9.25, 5.5, 9.5, 5.75], "texture": "#4"},
				"south": {"uv": [2.25, 8, 2.75, 8.25], "texture": "#4"},
				"west": {"uv": [5.75, 9.25, 6, 9.5], "texture": "#4"},
				"up": {"uv": [8.5, 2.5, 8, 2.25], "texture": "#4"},
				"down": {"uv": [8.5, 2.5, 8, 2.75], "texture": "#4"}
			}
		},
		{
			"from": [7.775, 7.875, 8.75],
			"to": [11.475, 8, 8.875],
			"rotation": {"angle": 0, "axis": "y", "origin": [8, 7.5, 8.5]},
			"faces": {
				"north": {"uv": [6.25, 5, 7.25, 5.25], "texture": "#4"},
				"east": {"uv": [9.25, 5.25, 9.5, 5.5], "texture": "#4"},
				"south": {"uv": [6, 6.25, 7, 6.5], "texture": "#4"},
				"west": {"uv": [5.5, 9.25, 5.75, 9.5], "texture": "#4"},
				"up": {"uv": [1, 6.75, 0, 6.5], "texture": "#4"},
				"down": {"uv": [7.5, 0, 6.5, 0.25], "texture": "#4"}
			}
		},
		{
			"from": [6.45, 7.75, 8.5],
			"to": [10.75, 7.875, 8.625],
			"rotation": {"angle": 0, "axis": "y", "origin": [8, 7.5, 8.5]},
			"faces": {
				"north": {"uv": [3, 5.25, 4, 5.5], "texture": "#4"},
				"east": {"uv": [8.75, 0.5, 9, 0.75], "texture": "#4"},
				"south": {"uv": [4, 5.25, 5, 5.5], "texture": "#4"},
				"west": {"uv": [0.75, 8.75, 1, 9], "texture": "#4"},
				"up": {"uv": [6, 5.5, 5, 5.25], "texture": "#4"},
				"down": {"uv": [6.25, 5, 5.25, 5.25], "texture": "#4"}
			}
		},
		{
			"from": [7, 7.75, 8.625],
			"to": [11.25, 7.875, 8.75],
			"rotation": {"angle": 0, "axis": "y", "origin": [8, 7.5, 8.5]},
			"faces": {
				"north": {"uv": [6, 5.5, 7, 5.75], "texture": "#4"},
				"east": {"uv": [9.25, 4.25, 9.5, 4.5], "texture": "#4"},
				"south": {"uv": [6, 5.75, 7, 6], "texture": "#4"},
				"west": {"uv": [4.5, 9.25, 4.75, 9.5], "texture": "#4"},
				"up": {"uv": [7, 6.25, 6, 6], "texture": "#4"},
				"down": {"uv": [1, 6.25, 0, 6.5], "texture": "#4"}
			}
		},
		{
			"from": [7.3, 7.875, 8.625],
			"to": [10.875, 8, 8.75],
			"rotation": {"angle": 0, "axis": "y", "origin": [8, 7.5, 8.5]},
			"faces": {
				"north": {"uv": [2, 6.25, 3, 6.5], "texture": "#4"},
				"east": {"uv": [9.25, 4.75, 9.5, 5], "texture": "#4"},
				"south": {"uv": [3, 6.25, 4, 6.5], "texture": "#4"},
				"west": {"uv": [5, 9.25, 5.25, 9.5], "texture": "#4"},
				"up": {"uv": [5, 6.5, 4, 6.25], "texture": "#4"},
				"down": {"uv": [6, 6.25, 5, 6.5], "texture": "#4"}
			}
		},
		{
			"from": [6.85, 7.875, 8.5],
			"to": [10.75, 8, 8.625],
			"rotation": {"angle": 0, "axis": "y", "origin": [8, 7.5, 8.5]},
			"faces": {
				"north": {"uv": [6.25, 0.5, 7.25, 0.75], "texture": "#4"},
				"east": {"uv": [9.25, 4.5, 9.5, 4.75], "texture": "#4"},
				"south": {"uv": [6.25, 0.75, 7.25, 1], "texture": "#4"},
				"west": {"uv": [4.75, 9.25, 5, 9.5], "texture": "#4"},
				"up": {"uv": [2, 6.5, 1, 6.25], "texture": "#4"},
				"down": {"uv": [7.25, 1, 6.25, 1.25], "texture": "#4"}
			}
		},
		{
			"from": [6.225, 7.75, 8.25],
			"to": [11.725, 7.875, 8.375],
			"rotation": {"angle": 0, "axis": "y", "origin": [8, 7.5, 8.5]},
			"faces": {
				"north": {"uv": [2.75, 0.5, 4, 0.75], "texture": "#4"},
				"east": {"uv": [8.75, 0.25, 9, 0.5], "texture": "#4"},
				"south": {"uv": [2.75, 0.75, 4, 1], "texture": "#4"},
				"west": {"uv": [0.5, 8.75, 0.75, 9], "texture": "#4"},
				"up": {"uv": [2.5, 3, 1.25, 2.75], "texture": "#4"},
				"down": {"uv": [3.75, 2.75, 2.5, 3], "texture": "#4"}
			}
		},
		{
			"from": [5.875, 7.75, 8.375],
			"to": [11.05, 7.875, 8.5],
			"rotation": {"angle": 0, "axis": "y", "origin": [8, 7.5, 8.5]},
			"faces": {
				"north": {"uv": [3.75, 1, 5, 1.25], "texture": "#4"},
				"east": {"uv": [9.25, 0.25, 9.5, 0.5], "texture": "#4"},
				"south": {"uv": [1.25, 3.75, 2.5, 4], "texture": "#4"},
				"west": {"uv": [0.5, 9.25, 0.75, 9.5], "texture": "#4"},
				"up": {"uv": [5, 1.5, 3.75, 1.25], "texture": "#4"},
				"down": {"uv": [3.75, 3.75, 2.5, 4], "texture": "#4"}
			}
		},
		{
			"from": [6.35, 7.875, 8.375],
			"to": [11, 8, 8.5],
			"rotation": {"angle": 0, "axis": "y", "origin": [8, 7.5, 8.5]},
			"faces": {
				"north": {"uv": [3.75, 3.5, 5, 3.75], "texture": "#4"},
				"east": {"uv": [9.25, 0.75, 9.5, 1], "texture": "#4"},
				"south": {"uv": [3.75, 3.75, 5, 4], "texture": "#4"},
				"west": {"uv": [1, 9.25, 1.25, 9.5], "texture": "#4"},
				"up": {"uv": [1.25, 4.25, 0, 4], "texture": "#4"},
				"down": {"uv": [5.25, 0.5, 4, 0.75], "texture": "#4"}
			}
		},
		{
			"from": [8.775, 7.675, 8.475],
			"to": [10.85, 7.8, 8.6],
			"rotation": {"angle": 22.5, "axis": "z", "origin": [10, 7.5, 8.5]},
			"faces": {
				"north": {"uv": [7.25, 8, 7.75, 8.25], "texture": "#4"},
				"east": {"uv": [7.25, 9.5, 7.5, 9.75], "texture": "#4"},
				"south": {"uv": [7.75, 8, 8.25, 8.25], "texture": "#4"},
				"west": {"uv": [9.5, 7.25, 9.75, 7.5], "texture": "#4"},
				"up": {"uv": [0.5, 8.5, 0, 8.25], "texture": "#4"},
				"down": {"uv": [8.75, 0, 8.25, 0.25], "texture": "#4"}
			}
		},
		{
			"from": [8.325, 8.2, 8.525],
			"to": [9.95, 8.325, 8.625],
			"rotation": {"angle": 22.5, "axis": "z", "origin": [10, 7.5, 8.5]},
			"faces": {
				"north": {"uv": [8, 5.25, 8.5, 5.5], "texture": "#4"},
				"east": {"uv": [7, 9.5, 7.25, 9.75], "texture": "#4"},
				"south": {"uv": [5.75, 8, 6.25, 8.25], "texture": "#4"},
				"west": {"uv": [9.5, 7, 9.75, 7.25], "texture": "#4"},
				"up": {"uv": [6.75, 8.25, 6.25, 8], "texture": "#4"},
				"down": {"uv": [7.25, 8, 6.75, 8.25], "texture": "#4"}
			}
		},
		{
			"from": [10.43806, 7.86634, 8.35],
			"to": [10.83806, 7.99134, 8.475],
			"rotation": {"angle": 22.5, "axis": "z", "origin": [10.5, 7.5, 8.5]},
			"faces": {
				"north": {"uv": [6.25, 9.5, 6.5, 9.75], "texture": "#4"},
				"east": {"uv": [9.5, 6.25, 9.75, 6.5], "texture": "#4"},
				"south": {"uv": [6.5, 9.5, 6.75, 9.75], "texture": "#4"},
				"west": {"uv": [9.5, 6.5, 9.75, 6.75], "texture": "#4"},
				"up": {"uv": [7, 9.75, 6.75, 9.5], "texture": "#4"},
				"down": {"uv": [9.75, 6.75, 9.5, 7], "texture": "#4"}
			}
		},
		{
			"from": [9.375, 7.675, 8.6],
			"to": [10.725, 7.8, 8.725],
			"rotation": {"angle": 22.5, "axis": "z", "origin": [10, 7.5, 8.5]},
			"faces": {
				"north": {"uv": [5.5, 9.5, 5.75, 9.75], "texture": "#4"},
				"east": {"uv": [9.5, 5.5, 9.75, 5.75], "texture": "#4"},
				"south": {"uv": [5.75, 9.5, 6, 9.75], "texture": "#4"},
				"west": {"uv": [9.5, 5.75, 9.75, 6], "texture": "#4"},
				"up": {"uv": [6.25, 9.75, 6, 9.5], "texture": "#4"},
				"down": {"uv": [9.75, 6, 9.5, 6.25], "texture": "#4"}
			}
		},
		{
			"from": [7.75, 8.2, 8.375],
			"to": [9.65, 8.325, 8.5],
			"rotation": {"angle": 22.5, "axis": "z", "origin": [10, 7.5, 8.5]},
			"faces": {
				"north": {"uv": [4.75, 8, 5.25, 8.25], "texture": "#4"},
				"east": {"uv": [5.25, 9.5, 5.5, 9.75], "texture": "#4"},
				"south": {"uv": [8, 4.75, 8.5, 5], "texture": "#4"},
				"west": {"uv": [9.5, 5.25, 9.75, 5.5], "texture": "#4"},
				"up": {"uv": [8.5, 5.25, 8, 5], "texture": "#4"},
				"down": {"uv": [5.75, 8, 5.25, 8.25], "texture": "#4"}
			}
		},
		{
			"from": [9.1, 7.875, 8.05],
			"to": [10.225, 8, 8.175],
			"rotation": {"angle": 22.5, "axis": "z", "origin": [10, 7.5, 8.5]},
			"faces": {
				"north": {"uv": [4.5, 9.5, 4.75, 9.75], "texture": "#4"},
				"east": {"uv": [9.5, 4.5, 9.75, 4.75], "texture": "#4"},
				"south": {"uv": [4.75, 9.5, 5, 9.75], "texture": "#4"},
				"west": {"uv": [9.5, 4.75, 9.75, 5], "texture": "#4"},
				"up": {"uv": [5.25, 9.75, 5, 9.5], "texture": "#4"},
				"down": {"uv": [9.75, 5, 9.5, 5.25], "texture": "#4"}
			}
		},
		{
			"from": [8.875, 8.2, 8.625],
			"to": [9.8, 8.325, 8.725],
			"rotation": {"angle": 22.5, "axis": "z", "origin": [10, 7.5, 8.5]},
			"faces": {
				"north": {"uv": [3.75, 9.5, 4, 9.75], "texture": "#4"},
				"east": {"uv": [9.5, 3.75, 9.75, 4], "texture": "#4"},
				"south": {"uv": [4, 9.5, 4.25, 9.75], "texture": "#4"},
				"west": {"uv": [9.5, 4, 9.75, 4.25], "texture": "#4"},
				"up": {"uv": [4.5, 9.75, 4.25, 9.5], "texture": "#4"},
				"down": {"uv": [9.75, 4.25, 9.5, 4.5], "texture": "#4"}
			}
		},
		{
			"from": [9.6, 7.875, 8.175],
			"to": [10.45, 8, 8.3],
			"rotation": {"angle": 22.5, "axis": "z", "origin": [10, 7.5, 8.5]},
			"faces": {
				"north": {"uv": [3, 9.5, 3.25, 9.75], "texture": "#4"},
				"east": {"uv": [9.5, 3, 9.75, 3.25], "texture": "#4"},
				"south": {"uv": [3.25, 9.5, 3.5, 9.75], "texture": "#4"},
				"west": {"uv": [9.5, 3.25, 9.75, 3.5], "texture": "#4"},
				"up": {"uv": [3.75, 9.75, 3.5, 9.5], "texture": "#4"},
				"down": {"uv": [9.75, 3.5, 9.5, 3.75], "texture": "#4"}
			}
		},
		{
			"from": [10.05, 7.875, 8.3],
			"to": [10.325, 8, 8.425],
			"rotation": {"angle": 22.5, "axis": "z", "origin": [10, 7.5, 8.5]},
			"faces": {
				"north": {"uv": [2.25, 9.5, 2.5, 9.75], "texture": "#4"},
				"east": {"uv": [9.5, 2.25, 9.75, 2.5], "texture": "#4"},
				"south": {"uv": [2.5, 9.5, 2.75, 9.75], "texture": "#4"},
				"west": {"uv": [9.5, 2.5, 9.75, 2.75], "texture": "#4"},
				"up": {"uv": [3, 9.75, 2.75, 9.5], "texture": "#4"},
				"down": {"uv": [9.75, 2.75, 9.5, 3], "texture": "#4"}
			}
		},
		{
			"from": [9.2, 7.375, 8.15],
			"to": [10.7, 7.5, 8.275],
			"rotation": {"angle": 22.5, "axis": "y", "origin": [10, 7.5, 8.5]},
			"faces": {
				"north": {"uv": [6, 8.25, 6.5, 8.5], "texture": "#4"},
				"east": {"uv": [9.75, 2.25, 10, 2.5], "texture": "#4"},
				"south": {"uv": [6.5, 8.25, 7, 8.5], "texture": "#4"},
				"west": {"uv": [2.5, 9.75, 2.75, 10], "texture": "#4"},
				"up": {"uv": [7.5, 8.5, 7, 8.25], "texture": "#4"},
				"down": {"uv": [8.75, 7, 8.25, 7.25], "texture": "#4"}
			}
		},
		{
			"from": [8.6, 7.25, 8.15],
			"to": [10.675, 7.375, 8.275],
			"rotation": {"angle": 22.5, "axis": "y", "origin": [10, 7.5, 8.5]},
			"faces": {
				"north": {"uv": [4, 8.25, 4.5, 8.5], "texture": "#4"},
				"east": {"uv": [9.75, 2, 10, 2.25], "texture": "#4"},
				"south": {"uv": [4.5, 8.25, 5, 8.5], "texture": "#4"},
				"west": {"uv": [2.25, 9.75, 2.5, 10], "texture": "#4"},
				"up": {"uv": [5.5, 8.5, 5, 8.25], "texture": "#4"},
				"down": {"uv": [6, 8.25, 5.5, 8.5], "texture": "#4"}
			}
		},
		{
			"from": [10.26306, 7.125, 7.95866],
			"to": [10.66306, 7.25, 8.08366],
			"rotation": {"angle": 22.5, "axis": "y", "origin": [10.5, 7.5, 8.5]},
			"faces": {
				"north": {"uv": [9.75, 1.25, 10, 1.5], "texture": "#4"},
				"east": {"uv": [1.5, 9.75, 1.75, 10], "texture": "#4"},
				"south": {"uv": [9.75, 1.5, 10, 1.75], "texture": "#4"},
				"west": {"uv": [1.75, 9.75, 2, 10], "texture": "#4"},
				"up": {"uv": [10, 2, 9.75, 1.75], "texture": "#4"},
				"down": {"uv": [2.25, 9.75, 2, 10], "texture": "#4"}
			}
		},
		{
			"from": [8.275, 7.45, 7.95],
			"to": [10.175, 7.575, 8.075],
			"rotation": {"angle": 22.5, "axis": "y", "origin": [10, 7.5, 8.5]},
			"faces": {
				"north": {"uv": [2, 8.25, 2.5, 8.5], "texture": "#4"},
				"east": {"uv": [9.75, 1, 10, 1.25], "texture": "#4"},
				"south": {"uv": [2.5, 8.25, 3, 8.5], "texture": "#4"},
				"west": {"uv": [1.25, 9.75, 1.5, 10], "texture": "#4"},
				"up": {"uv": [3.5, 8.5, 3, 8.25], "texture": "#4"},
				"down": {"uv": [4, 8.25, 3.5, 8.5], "texture": "#4"}
			}
		},
		{
			"from": [8.85, 7.575, 7.95],
			"to": [10.475, 7.7, 8.075],
			"rotation": {"angle": 22.5, "axis": "y", "origin": [10, 7.5, 8.5]},
			"faces": {
				"north": {"uv": [8.25, 0.25, 8.75, 0.5], "texture": "#4"},
				"east": {"uv": [9.75, 0.75, 10, 1], "texture": "#4"},
				"south": {"uv": [0.5, 8.25, 1, 8.5], "texture": "#4"},
				"west": {"uv": [1, 9.75, 1.25, 10], "texture": "#4"},
				"up": {"uv": [1.5, 8.5, 1, 8.25], "texture": "#4"},
				"down": {"uv": [2, 8.25, 1.5, 8.5], "texture": "#4"}
			}
		},
		{
			"from": [9.4, 7.7, 7.95],
			"to": [10.325, 7.825, 8.075],
			"rotation": {"angle": 22.5, "axis": "y", "origin": [10, 7.5, 8.5]},
			"faces": {
				"north": {"uv": [9.75, 0, 10, 0.25], "texture": "#4"},
				"east": {"uv": [0.25, 9.75, 0.5, 10], "texture": "#4"},
				"south": {"uv": [9.75, 0.25, 10, 0.5], "texture": "#4"},
				"west": {"uv": [0.5, 9.75, 0.75, 10], "texture": "#4"},
				"up": {"uv": [10, 0.75, 9.75, 0.5], "texture": "#4"},
				"down": {"uv": [1, 9.75, 0.75, 10], "texture": "#4"}
			}
		},
		{
			"from": [8.1, 7.6, 7.1],
			"to": [8.375, 7.725, 7.225],
			"rotation": {"angle": 22.5, "axis": "y", "origin": [10, 7.5, 8.5]},
			"faces": {
				"north": {"uv": [9, 9.5, 9.25, 9.75], "texture": "#4"},
				"east": {"uv": [9.5, 9, 9.75, 9.25], "texture": "#4"},
				"south": {"uv": [9.25, 9.5, 9.5, 9.75], "texture": "#4"},
				"west": {"uv": [9.5, 9.25, 9.75, 9.5], "texture": "#4"},
				"up": {"uv": [9.75, 9.75, 9.5, 9.5], "texture": "#4"},
				"down": {"uv": [0.25, 9.75, 0, 10], "texture": "#4"}
			}
		},
		{
			"from": [7.65, 7.475, 7.1],
			"to": [8.5, 7.6, 7.225],
			"rotation": {"angle": 22.5, "axis": "y", "origin": [10, 7.5, 8.5]},
			"faces": {
				"north": {"uv": [8.25, 9.5, 8.5, 9.75], "texture": "#4"},
				"east": {"uv": [9.5, 8.25, 9.75, 8.5], "texture": "#4"},
				"south": {"uv": [8.5, 9.5, 8.75, 9.75], "texture": "#4"},
				"west": {"uv": [9.5, 8.5, 9.75, 8.75], "texture": "#4"},
				"up": {"uv": [9, 9.75, 8.75, 9.5], "texture": "#4"},
				"down": {"uv": [9.75, 8.75, 9.5, 9], "texture": "#4"}
			}
		},
		{
			"from": [7.825, 7.35, 7.1],
			"to": [8.275, 7.475, 7.225],
			"rotation": {"angle": 22.5, "axis": "y", "origin": [10, 7.5, 8.5]},
			"faces": {
				"north": {"uv": [7.5, 9.5, 7.75, 9.75], "texture": "#4"},
				"east": {"uv": [9.5, 7.5, 9.75, 7.75], "texture": "#4"},
				"south": {"uv": [7.75, 9.5, 8, 9.75], "texture": "#4"},
				"west": {"uv": [9.5, 7.75, 9.75, 8], "texture": "#4"},
				"up": {"uv": [8.25, 9.75, 8, 9.5], "texture": "#4"},
				"down": {"uv": [9.75, 8, 9.5, 8.25], "texture": "#4"}
			}
		},
		{
			"from": [9.025, 7.275, 7.625],
			"to": [9.65, 7.4, 7.75],
			"rotation": {"angle": 22.5, "axis": "y", "origin": [10, 7.5, 8.5]},
			"faces": {
				"north": {"uv": [9.75, 10, 10, 10.25], "texture": "#4"},
				"east": {"uv": [10, 9.75, 10.25, 10], "texture": "#4"},
				"south": {"uv": [10, 10, 10.25, 10.25], "texture": "#4"},
				"west": {"uv": [0, 10.25, 0.25, 10.5], "texture": "#4"},
				"up": {"uv": [10.5, 0.25, 10.25, 0], "texture": "#4"},
				"down": {"uv": [0.5, 10.25, 0.25, 10.5], "texture": "#4"}
			}
		},
		{
			"from": [8.05, 7.15, 7.75],
			"to": [9.7, 7.275, 7.875],
			"rotation": {"angle": 22.5, "axis": "y", "origin": [10, 7.5, 8.5]},
			"faces": {
				"north": {"uv": [8.5, 4, 9, 4.25], "texture": "#4"},
				"east": {"uv": [9.5, 10, 9.75, 10.25], "texture": "#4"},
				"south": {"uv": [8.5, 4.25, 9, 4.5], "texture": "#4"},
				"west": {"uv": [10, 9.5, 10.25, 9.75], "texture": "#4"},
				"up": {"uv": [5, 8.75, 4.5, 8.5], "texture": "#4"},
				"down": {"uv": [9, 4.5, 8.5, 4.75], "texture": "#4"}
			}
		},
		{
			"from": [8.625, 7.275, 7.75],
			"to": [9.825, 7.4, 7.875],
			"rotation": {"angle": 22.5, "axis": "y", "origin": [10, 7.5, 8.5]},
			"faces": {
				"north": {"uv": [8.75, 10, 9, 10.25], "texture": "#4"},
				"east": {"uv": [10, 8.75, 10.25, 9], "texture": "#4"},
				"south": {"uv": [9, 10, 9.25, 10.25], "texture": "#4"},
				"west": {"uv": [10, 9, 10.25, 9.25], "texture": "#4"},
				"up": {"uv": [9.5, 10.25, 9.25, 10], "texture": "#4"},
				"down": {"uv": [10.25, 9.25, 10, 9.5], "texture": "#4"}
			}
		},
		{
			"from": [9.175, 7.4, 7.75],
			"to": [9.725, 7.525, 7.875],
			"rotation": {"angle": 22.5, "axis": "y", "origin": [10, 7.5, 8.5]},
			"faces": {
				"north": {"uv": [8, 10, 8.25, 10.25], "texture": "#4"},
				"east": {"uv": [10, 8, 10.25, 8.25], "texture": "#4"},
				"south": {"uv": [8.25, 10, 8.5, 10.25], "texture": "#4"},
				"west": {"uv": [10, 8.25, 10.25, 8.5], "texture": "#4"},
				"up": {"uv": [8.75, 10.25, 8.5, 10], "texture": "#4"},
				"down": {"uv": [10.25, 8.5, 10, 8.75], "texture": "#4"}
			}
		},
		{
			"from": [7.7, 7.825, 7.475],
			"to": [9.075, 7.95, 7.6],
			"rotation": {"angle": 22.5, "axis": "y", "origin": [10, 7.5, 8.5]},
			"faces": {
				"north": {"uv": [7.25, 10, 7.5, 10.25], "texture": "#4"},
				"east": {"uv": [10, 7.25, 10.25, 7.5], "texture": "#4"},
				"south": {"uv": [7.5, 10, 7.75, 10.25], "texture": "#4"},
				"west": {"uv": [10, 7.5, 10.25, 7.75], "texture": "#4"},
				"up": {"uv": [8, 10.25, 7.75, 10], "texture": "#4"},
				"down": {"uv": [10.25, 7.75, 10, 8], "texture": "#4"}
			}
		},
		{
			"from": [8.225, 7.7, 7.45],
			"to": [9.175, 7.825, 7.575],
			"rotation": {"angle": 22.5, "axis": "y", "origin": [10, 7.5, 8.5]},
			"faces": {
				"north": {"uv": [6.5, 10, 6.75, 10.25], "texture": "#4"},
				"east": {"uv": [10, 6.5, 10.25, 6.75], "texture": "#4"},
				"south": {"uv": [6.75, 10, 7, 10.25], "texture": "#4"},
				"west": {"uv": [10, 6.75, 10.25, 7], "texture": "#4"},
				"up": {"uv": [7.25, 10.25, 7, 10], "texture": "#4"},
				"down": {"uv": [10.25, 7, 10, 7.25], "texture": "#4"}
			}
		},
		{
			"from": [8.76306, 7.575, 7.28366],
			"to": [9.08806, 7.7, 7.40866],
			"rotation": {"angle": 22.5, "axis": "y", "origin": [10.5, 7.5, 8.5]},
			"faces": {
				"north": {"uv": [5.75, 10, 6, 10.25], "texture": "#4"},
				"east": {"uv": [10, 5.75, 10.25, 6], "texture": "#4"},
				"south": {"uv": [6, 10, 6.25, 10.25], "texture": "#4"},
				"west": {"uv": [10, 6, 10.25, 6.25], "texture": "#4"},
				"up": {"uv": [6.5, 10.25, 6.25, 10], "texture": "#4"},
				"down": {"uv": [10.25, 6.25, 10, 6.5], "texture": "#4"}
			}
		},
		{
			"from": [9.325, 6.375, 8.275],
			"to": [10.825, 6.5, 8.4],
			"rotation": {"angle": -22.5, "axis": "z", "origin": [12.02528, 7.1375, 8.4625]},
			"faces": {
				"north": {"uv": [8.5, 2, 9, 2.25], "texture": "#4"},
				"east": {"uv": [2, 10, 2.25, 10.25], "texture": "#4"},
				"south": {"uv": [8.5, 2.25, 9, 2.5], "texture": "#4"},
				"west": {"uv": [10, 2, 10.25, 2.25], "texture": "#4"},
				"up": {"uv": [3, 8.75, 2.5, 8.5], "texture": "#4"},
				"down": {"uv": [9, 2.5, 8.5, 2.75], "texture": "#4"}
			}
		},
		{
			"from": [8.725, 6.325, 8.4],
			"to": [10.8, 6.45, 8.525],
			"rotation": {"angle": -22.5, "axis": "z", "origin": [12.02528, 7.1375, 8.4625]},
			"faces": {
				"north": {"uv": [1.5, 8.5, 2, 8.75], "texture": "#4"},
				"east": {"uv": [1.75, 10, 2, 10.25], "texture": "#4"},
				"south": {"uv": [8.5, 1.5, 9, 1.75], "texture": "#4"},
				"west": {"uv": [10, 1.75, 10.25, 2], "texture": "#4"},
				"up": {"uv": [9, 2, 8.5, 1.75], "texture": "#4"},
				"down": {"uv": [2.5, 8.5, 2, 8.75], "texture": "#4"}
			}
		},
		{
			"from": [9.68806, 6.08366, 8.825],
			"to": [10.08806, 6.20866, 8.95],
			"rotation": {"angle": -22.5, "axis": "z", "origin": [12.02528, 7.1375, 8.4625]},
			"faces": {
				"north": {"uv": [1, 10, 1.25, 10.25], "texture": "#4"},
				"east": {"uv": [10, 1, 10.25, 1.25], "texture": "#4"},
				"south": {"uv": [1.25, 10, 1.5, 10.25], "texture": "#4"},
				"west": {"uv": [10, 1.25, 10.25, 1.5], "texture": "#4"},
				"up": {"uv": [1.75, 10.25, 1.5, 10], "texture": "#4"},
				"down": {"uv": [10.25, 1.5, 10, 1.75], "texture": "#4"}
			}
		},
		{
			"from": [9.18806, 7.75, 9.96634],
			"to": [9.33806, 7.875, 10.09134],
			"rotation": {"angle": -22.5, "axis": "y", "origin": [11.85028, 7.4625, 8.9125]},
			"faces": {
				"north": {"uv": [0.25, 10, 0.5, 10.25], "texture": "#4"},
				"east": {"uv": [10, 0.25, 10.25, 0.5], "texture": "#4"},
				"south": {"uv": [0.5, 10, 0.75, 10.25], "texture": "#4"},
				"west": {"uv": [10, 0.5, 10.25, 0.75], "texture": "#4"},
				"up": {"uv": [1, 10.25, 0.75, 10], "texture": "#4"},
				"down": {"uv": [10.25, 0.75, 10, 1], "texture": "#4"}
			}
		},
		{
			"from": [8.825, 7.075, 9.875],
			"to": [9.625, 7.2, 10],
			"rotation": {"angle": -22.5, "axis": "y", "origin": [11.85028, 7.4625, 8.9125]},
			"faces": {
				"north": {"uv": [9.75, 9.25, 10, 9.5], "texture": "#4"},
				"east": {"uv": [9.5, 9.75, 9.75, 10], "texture": "#4"},
				"south": {"uv": [9.75, 9.5, 10, 9.75], "texture": "#4"},
				"west": {"uv": [9.75, 9.75, 10, 10], "texture": "#4"},
				"up": {"uv": [0.25, 10.25, 0, 10], "texture": "#4"},
				"down": {"uv": [10.25, 0, 10, 0.25], "texture": "#4"}
			}
		},
		{
			"from": [8.275, 7.2, 9.875],
			"to": [9.725, 7.325, 10],
			"rotation": {"angle": -22.5, "axis": "y", "origin": [11.85028, 7.4625, 8.9125]},
			"faces": {
				"north": {"uv": [9.75, 8.5, 10, 8.75], "texture": "#4"},
				"east": {"uv": [8.75, 9.75, 9, 10], "texture": "#4"},
				"south": {"uv": [9.75, 8.75, 10, 9], "texture": "#4"},
				"west": {"uv": [9, 9.75, 9.25, 10], "texture": "#4"},
				"up": {"uv": [10, 9.25, 9.75, 9], "texture": "#4"},
				"down": {"uv": [9.5, 9.75, 9.25, 10], "texture": "#4"}
			}
		},
		{
			"from": [7.7, 7.325, 9.875],
			"to": [9.6, 7.45, 10],
			"rotation": {"angle": -22.5, "axis": "y", "origin": [11.85028, 7.4625, 8.9125]},
			"faces": {
				"north": {"uv": [8.5, 0.75, 9, 1], "texture": "#4"},
				"east": {"uv": [9.75, 8.25, 10, 8.5], "texture": "#4"},
				"south": {"uv": [1, 8.5, 1.5, 8.75], "texture": "#4"},
				"west": {"uv": [8.5, 9.75, 8.75, 10], "texture": "#4"},
				"up": {"uv": [9, 1.25, 8.5, 1], "texture": "#4"},
				"down": {"uv": [9, 1.25, 8.5, 1.5], "texture": "#4"}
			}
		},
		{
			"from": [8.1, 7.75, 10.025],
			"to": [9.225, 7.875, 10.15],
			"rotation": {"angle": -22.5, "axis": "y", "origin": [11.85028, 7.4625, 8.9125]},
			"faces": {
				"north": {"uv": [9.75, 7.5, 10, 7.75], "texture": "#4"},
				"east": {"uv": [7.75, 9.75, 8, 10], "texture": "#4"},
				"south": {"uv": [9.75, 7.75, 10, 8], "texture": "#4"},
				"west": {"uv": [8, 9.75, 8.25, 10], "texture": "#4"},
				"up": {"uv": [10, 8.25, 9.75, 8], "texture": "#4"},
				"down": {"uv": [8.5, 9.75, 8.25, 10], "texture": "#4"}
			}
		},
		{
			"from": [8.55, 7.625, 10],
			"to": [9.425, 7.75, 10.125],
			"rotation": {"angle": -22.5, "axis": "y", "origin": [11.85028, 7.4625, 8.9125]},
			"faces": {
				"north": {"uv": [9.75, 6.75, 10, 7], "texture": "#4"},
				"east": {"uv": [7, 9.75, 7.25, 10], "texture": "#4"},
				"south": {"uv": [9.75, 7, 10, 7.25], "texture": "#4"},
				"west": {"uv": [7.25, 9.75, 7.5, 10], "texture": "#4"},
				"up": {"uv": [10, 7.5, 9.75, 7.25], "texture": "#4"},
				"down": {"uv": [7.75, 9.75, 7.5, 10], "texture": "#4"}
			}
		},
		{
			"from": [9.05, 7.5, 10.025],
			"to": [9.325, 7.625, 10.15],
			"rotation": {"angle": -22.5, "axis": "y", "origin": [11.85028, 7.4625, 8.9125]},
			"faces": {
				"north": {"uv": [9.75, 6, 10, 6.25], "texture": "#4"},
				"east": {"uv": [6.25, 9.75, 6.5, 10], "texture": "#4"},
				"south": {"uv": [9.75, 6.25, 10, 6.5], "texture": "#4"},
				"west": {"uv": [6.5, 9.75, 6.75, 10], "texture": "#4"},
				"up": {"uv": [10, 6.75, 9.75, 6.5], "texture": "#4"},
				"down": {"uv": [7, 9.75, 6.75, 10], "texture": "#4"}
			}
		},
		{
			"from": [10.025, 7.15, 9.65],
			"to": [10.3, 7.275, 9.775],
			"rotation": {"angle": -22.5, "axis": "y", "origin": [11.85028, 7.4625, 8.9125]},
			"faces": {
				"north": {"uv": [10.25, 1, 10.5, 1.25], "texture": "#4"},
				"east": {"uv": [1.25, 10.25, 1.5, 10.5], "texture": "#4"},
				"south": {"uv": [10.25, 1.25, 10.5, 1.5], "texture": "#4"},
				"west": {"uv": [1.5, 10.25, 1.75, 10.5], "texture": "#4"},
				"up": {"uv": [10.5, 1.75, 10.25, 1.5], "texture": "#4"},
				"down": {"uv": [2, 10.25, 1.75, 10.5], "texture": "#4"}
			}
		},
		{
			"from": [10.125, 7.275, 9.6],
			"to": [10.4, 7.4, 9.725],
			"rotation": {"angle": -22.5, "axis": "y", "origin": [11.85028, 7.4625, 8.9125]},
			"faces": {
				"north": {"uv": [10.25, 1.75, 10.5, 2], "texture": "#4"},
				"east": {"uv": [2, 10.25, 2.25, 10.5], "texture": "#4"},
				"south": {"uv": [10.25, 2, 10.5, 2.25], "texture": "#4"},
				"west": {"uv": [2.25, 10.25, 2.5, 10.5], "texture": "#4"},
				"up": {"uv": [10.5, 2.5, 10.25, 2.25], "texture": "#4"},
				"down": {"uv": [2.75, 10.25, 2.5, 10.5], "texture": "#4"}
			}
		},
		{
			"from": [9.725, 7.15, 9.525],
			"to": [10.525, 7.275, 9.65],
			"rotation": {"angle": -22.5, "axis": "y", "origin": [11.85028, 7.4625, 8.9125]},
			"faces": {
				"north": {"uv": [10.25, 0.25, 10.5, 0.5], "texture": "#4"},
				"east": {"uv": [0.5, 10.25, 0.75, 10.5], "texture": "#4"},
				"south": {"uv": [10.25, 0.5, 10.5, 0.75], "texture": "#4"},
				"west": {"uv": [0.75, 10.25, 1, 10.5], "texture": "#4"},
				"up": {"uv": [10.5, 1, 10.25, 0.75], "texture": "#4"},
				"down": {"uv": [1.25, 10.25, 1, 10.5], "texture": "#4"}
			}
		},
		{
			"from": [7.4, 7.5, 10.275],
			"to": [8.7, 7.625, 10.4],
			"rotation": {"angle": -22.5, "axis": "y", "origin": [11.85028, 7.4625, 8.9125]},
			"faces": {
				"north": {"uv": [5, 10, 5.25, 10.25], "texture": "#4"},
				"east": {"uv": [10, 5, 10.25, 5.25], "texture": "#4"},
				"south": {"uv": [5.25, 10, 5.5, 10.25], "texture": "#4"},
				"west": {"uv": [10, 5.25, 10.25, 5.5], "texture": "#4"},
				"up": {"uv": [5.75, 10.25, 5.5, 10], "texture": "#4"},
				"down": {"uv": [10.25, 5.5, 10, 5.75], "texture": "#4"}
			}
		},
		{
			"from": [8.3, 7.775, 9.575],
			"to": [10.375, 7.9, 9.7],
			"rotation": {"angle": -22.5, "axis": "y", "origin": [11.85028, 7.4625, 8.9125]},
			"faces": {
				"north": {"uv": [3.5, 8.5, 4, 8.75], "texture": "#4"},
				"east": {"uv": [4.75, 10, 5, 10.25], "texture": "#4"},
				"south": {"uv": [8.5, 3.5, 9, 3.75], "texture": "#4"},
				"west": {"uv": [10, 4.75, 10.25, 5], "texture": "#4"},
				"up": {"uv": [9, 4, 8.5, 3.75], "texture": "#4"},
				"down": {"uv": [4.5, 8.5, 4, 8.75], "texture": "#4"}
			}
		},
		{
			"from": [7.8, 7.4, 10.225],
			"to": [8.825, 7.5, 10.35],
			"rotation": {"angle": -22.5, "axis": "y", "origin": [11.85028, 7.4625, 8.9125]},
			"faces": {
				"north": {"uv": [4, 10, 4.25, 10.25], "texture": "#4"},
				"east": {"uv": [10, 4, 10.25, 4.25], "texture": "#4"},
				"south": {"uv": [4.25, 10, 4.5, 10.25], "texture": "#4"},
				"west": {"uv": [10, 4.25, 10.25, 4.5], "texture": "#4"},
				"up": {"uv": [4.75, 10.25, 4.5, 10], "texture": "#4"},
				"down": {"uv": [10.25, 4.5, 10, 4.75], "texture": "#4"}
			}
		},
		{
			"from": [8.25, 7.4, 10.35],
			"to": [8.575, 7.5, 10.475],
			"rotation": {"angle": -22.5, "axis": "y", "origin": [11.85028, 7.4625, 8.9125]},
			"faces": {
				"north": {"uv": [3.25, 10, 3.5, 10.25], "texture": "#4"},
				"east": {"uv": [10, 3.25, 10.25, 3.5], "texture": "#4"},
				"south": {"uv": [3.5, 10, 3.75, 10.25], "texture": "#4"},
				"west": {"uv": [10, 3.5, 10.25, 3.75], "texture": "#4"},
				"up": {"uv": [4, 10.25, 3.75, 10], "texture": "#4"},
				"down": {"uv": [10.25, 3.75, 10, 4], "texture": "#4"}
			}
		},
		{
			"from": [9.525, 7.65, 9.7],
			"to": [10.175, 7.775, 9.825],
			"rotation": {"angle": -22.5, "axis": "y", "origin": [11.85028, 7.4625, 8.9125]},
			"faces": {
				"north": {"uv": [2.5, 10, 2.75, 10.25], "texture": "#4"},
				"east": {"uv": [10, 2.5, 10.25, 2.75], "texture": "#4"},
				"south": {"uv": [2.75, 10, 3, 10.25], "texture": "#4"},
				"west": {"uv": [10, 2.75, 10.25, 3], "texture": "#4"},
				"up": {"uv": [3.25, 10.25, 3, 10], "texture": "#4"},
				"down": {"uv": [10.25, 3, 10, 3.25], "texture": "#4"}
			}
		},
		{
			"from": [8.9, 7.65, 9.575],
			"to": [10.45, 7.775, 9.7],
			"rotation": {"angle": -22.5, "axis": "y", "origin": [11.85028, 7.4625, 8.9125]},
			"faces": {
				"north": {"uv": [8.5, 2.75, 9, 3], "texture": "#4"},
				"east": {"uv": [2.25, 10, 2.5, 10.25], "texture": "#4"},
				"south": {"uv": [3, 8.5, 3.5, 8.75], "texture": "#4"},
				"west": {"uv": [10, 2.25, 10.25, 2.5], "texture": "#4"},
				"up": {"uv": [9, 3.25, 8.5, 3], "texture": "#4"},
				"down": {"uv": [9, 3.25, 8.5, 3.5], "texture": "#4"}
			}
		},
		{
			"from": [8.825, 6.3, 8.525],
			"to": [10.725, 6.425, 8.65],
			"rotation": {"angle": -22.5, "axis": "z", "origin": [12.02528, 7.1375, 8.4625]},
			"faces": {
				"north": {"uv": [8, 8.25, 8.5, 8.5], "texture": "#4"},
				"east": {"uv": [9.75, 5.75, 10, 6], "texture": "#4"},
				"south": {"uv": [8.25, 8, 8.75, 8.25], "texture": "#4"},
				"west": {"uv": [6, 9.75, 6.25, 10], "texture": "#4"},
				"up": {"uv": [0.5, 8.75, 0, 8.5], "texture": "#4"},
				"down": {"uv": [1, 8.5, 0.5, 8.75], "texture": "#4"}
			}
		},
		{
			"from": [8.7, 6.15, 8.7],
			"to": [10.325, 6.275, 8.825],
			"rotation": {"angle": -22.5, "axis": "z", "origin": [12.02528, 7.1375, 8.4625]},
			"faces": {
				"north": {"uv": [8.25, 7.25, 8.75, 7.5], "texture": "#4"},
				"east": {"uv": [9.75, 5.5, 10, 5.75], "texture": "#4"},
				"south": {"uv": [7.5, 8.25, 8, 8.5], "texture": "#4"},
				"west": {"uv": [5.75, 9.75, 6, 10], "texture": "#4"},
				"up": {"uv": [8.75, 7.75, 8.25, 7.5], "texture": "#4"},
				"down": {"uv": [8.75, 7.75, 8.25, 8], "texture": "#4"}
			}
		},
		{
			"from": [9.25, 6.15, 8.575],
			"to": [10.175, 6.275, 8.7],
			"rotation": {"angle": -22.5, "axis": "z", "origin": [12.02528, 7.1375, 8.4625]},
			"faces": {
				"north": {"uv": [9.75, 4.75, 10, 5], "texture": "#4"},
				"east": {"uv": [5, 9.75, 5.25, 10], "texture": "#4"},
				"south": {"uv": [9.75, 5, 10, 5.25], "texture": "#4"},
				"west": {"uv": [5.25, 9.75, 5.5, 10], "texture": "#4"},
				"up": {"uv": [10, 5.5, 9.75, 5.25], "texture": "#4"},
				"down": {"uv": [5.75, 9.75, 5.5, 10], "texture": "#4"}
			}
		},
		{
			"from": [9.55, 6, 8.15],
			"to": [9.825, 6.125, 8.275],
			"rotation": {"angle": -22.5, "axis": "z", "origin": [12.02528, 7.1375, 8.4625]},
			"faces": {
				"north": {"uv": [9.75, 4, 10, 4.25], "texture": "#4"},
				"east": {"uv": [4.25, 9.75, 4.5, 10], "texture": "#4"},
				"south": {"uv": [9.75, 4.25, 10, 4.5], "texture": "#4"},
				"west": {"uv": [4.5, 9.75, 4.75, 10], "texture": "#4"},
				"up": {"uv": [10, 4.75, 9.75, 4.5], "texture": "#4"},
				"down": {"uv": [5, 9.75, 4.75, 10], "texture": "#4"}
			}
		},
		{
			"from": [9.1, 5.975, 8.275],
			"to": [9.95, 6.1, 8.4],
			"rotation": {"angle": -22.5, "axis": "z", "origin": [12.02528, 7.1375, 8.4625]},
			"faces": {
				"north": {"uv": [9.75, 3.25, 10, 3.5], "texture": "#4"},
				"east": {"uv": [3.5, 9.75, 3.75, 10], "texture": "#4"},
				"south": {"uv": [9.75, 3.5, 10, 3.75], "texture": "#4"},
				"west": {"uv": [3.75, 9.75, 4, 10], "texture": "#4"},
				"up": {"uv": [10, 4, 9.75, 3.75], "texture": "#4"},
				"down": {"uv": [4.25, 9.75, 4, 10], "texture": "#4"}
			}
		},
		{
			"from": [8.6, 6, 8.4],
			"to": [9.725, 6.125, 8.525],
			"rotation": {"angle": -22.5, "axis": "z", "origin": [12.02528, 7.1375, 8.4625]},
			"faces": {
				"north": {"uv": [9.75, 2.5, 10, 2.75], "texture": "#4"},
				"east": {"uv": [2.75, 9.75, 3, 10], "texture": "#4"},
				"south": {"uv": [9.75, 2.75, 10, 3], "texture": "#4"},
				"west": {"uv": [3, 9.75, 3.25, 10], "texture": "#4"},
				"up": {"uv": [10, 3.25, 9.75, 3], "texture": "#4"},
				"down": {"uv": [3.5, 9.75, 3.25, 10], "texture": "#4"}
			}
		},
		{
			"from": [6.825, 7.875, 8.25],
			"to": [11.425, 8, 8.375],
			"rotation": {"angle": 0, "axis": "y", "origin": [8, 7.5, 8.5]},
			"faces": {
				"north": {"uv": [3.75, 2.5, 5, 2.75], "texture": "#4"},
				"east": {"uv": [9.25, 0.5, 9.5, 0.75], "texture": "#4"},
				"south": {"uv": [3.75, 2.75, 5, 3], "texture": "#4"},
				"west": {"uv": [0.75, 9.25, 1, 9.5], "texture": "#4"},
				"up": {"uv": [5, 3.25, 3.75, 3], "texture": "#4"},
				"down": {"uv": [5, 3.25, 3.75, 3.5], "texture": "#4"}
			}
		},
		{
			"from": [7.575, 8, 8.25],
			"to": [9.25, 8.125, 8.375],
			"rotation": {"angle": 0, "axis": "y", "origin": [8, 7.5, 8.5]},
			"faces": {
				"north": {"uv": [8, 1.25, 8.5, 1.5], "texture": "#4"},
				"east": {"uv": [2.5, 8.75, 2.75, 9], "texture": "#4"},
				"south": {"uv": [8, 1.5, 8.5, 1.75], "texture": "#4"},
				"west": {"uv": [2.75, 8.75, 3, 9], "texture": "#4"},
				"up": {"uv": [2.25, 8.25, 1.75, 8], "texture": "#4"},
				"down": {"uv": [8.5, 1.75, 8, 2], "texture": "#4"}
			}
		},
		{
			"from": [7.9, 8, 8.5],
			"to": [10, 8.125, 8.625],
			"rotation": {"angle": 0, "axis": "y", "origin": [8, 7.5, 8.5]},
			"faces": {
				"north": {"uv": [0.75, 8, 1.25, 8.25], "texture": "#4"},
				"east": {"uv": [2, 8.75, 2.25, 9], "texture": "#4"},
				"south": {"uv": [8, 0.75, 8.5, 1], "texture": "#4"},
				"west": {"uv": [2.25, 8.75, 2.5, 9], "texture": "#4"},
				"up": {"uv": [8.5, 1.25, 8, 1], "texture": "#4"},
				"down": {"uv": [1.75, 8, 1.25, 8.25], "texture": "#4"}
			}
		},
		{
			"from": [7.15, 8, 8.375],
			"to": [9.25, 8.125, 8.5],
			"rotation": {"angle": 0, "axis": "y", "origin": [8, 7.5, 8.5]},
			"faces": {
				"north": {"uv": [8, 3.25, 8.5, 3.5], "texture": "#4"},
				"east": {"uv": [9.25, 8.25, 9.5, 8.5], "texture": "#4"},
				"south": {"uv": [8, 3.5, 8.5, 3.75], "texture": "#4"},
				"west": {"uv": [8.5, 9.25, 8.75, 9.5], "texture": "#4"},
				"up": {"uv": [4.25, 8.25, 3.75, 8], "texture": "#4"},
				"down": {"uv": [8.5, 3.75, 8, 4], "texture": "#4"}
			}
		},
		{
			"from": [8.175, 8, 8.625],
			"to": [10, 8.125, 8.75],
			"rotation": {"angle": 0, "axis": "y", "origin": [8, 7.5, 8.5]},
			"faces": {
				"north": {"uv": [2.75, 8, 3.25, 8.25], "texture": "#4"},
				"east": {"uv": [9.25, 8, 9.5, 8.25], "texture": "#4"},
				"south": {"uv": [8, 2.75, 8.5, 3], "texture": "#4"},
				"west": {"uv": [8.25, 9.25, 8.5, 9.5], "texture": "#4"},
				"up": {"uv": [8.5, 3.25, 8, 3], "texture": "#4"},
				"down": {"uv": [3.75, 8, 3.25, 8.25], "texture": "#4"}
			}
		}
	],
	"display": {
		"thirdperson_righthand": {
			"rotation": [0, -90, 0],
			"translation": [1, 11.5, 0],
			"scale": [2, 2, 2]
		},
		"thirdperson_lefthand": {
			"rotation": [0, 90, 0],
			"translation": [-1, 12.5, 0],
			"scale": [2, 2, 2]
		},
		"firstperson_righthand": {
			"rotation": [0, -90, 0],
			"translation": [0, 11.25, 0],
			"scale": [2, 2, 2]
		},
		"firstperson_lefthand": {
			"rotation": [0, 90, 0],
			"translation": [0, 11.75, 0],
			"scale": [2, 2, 2]
		},
		"ground": {
			"translation": [0, 15, 0],
			"scale": [2, 2, 2]
		},
		"gui": {
			"translation": [-2.25, 14, 0],
			"scale": [3, 3, 3]
		},
		"fixed": {
			"translation": [-2.25, 13, -3.25],
			"scale": [3, 3, 3]
		}
	},
	"groups": [
		{
			"name": "ручка",
			"origin": [0, 0, 0],
			"color": 0,
			"children": [0, 1, 2, 3, 4]
		},
		{
			"name": "жопка",
			"origin": [8.675, 9.1, 8.4],
			"color": 0,
			"children": [5, 6, 7, 8, 9, 10, 11, 12, 13, 14, 15, 16, 17, 18]
		},
		{
			"name": "лезвие",
			"origin": [8, 7.5, 8.5],
			"color": 0,
			"children": [
				19,
				20,
				21,
				22,
				23,
				24,
				25,
				26,
				27,
				28,
				29,
				30,
				31,
				32,
				33,
				34,
				35,
				36,
				37,
				38,
				39,
				40,
				41,
				42,
				43,
				44,
				45,
				46,
				47,
				48,
				49,
				50,
				51,
				52,
				53,
				54,
				55,
				56,
				57,
				58,
				59,
				60,
				61,
				62,
				63,
				64,
				65,
				66,
				67,
				68,
				69,
				70,
				71,
				72,
				73,
				74,
				75,
				76,
				77,
				78,
				79,
				80,
				81,
				82,
				83,
				84,
				85,
				86,
				87,
				88,
				89,
				90,
				91,
				92,
				93,
				94,
				95,
				96,
				97,
				98,
				99,
				100,
				101,
				102,
				103,
				104,
				105,
				106,
				107,
				108,
				109,
				110,
				111,
				112,
				113,
				114,
				115,
				116,
				117,
				118,
				119,
				120,
				121,
				122,
				123,
				124,
				125,
				126,
				127,
				128,
				129,
				130,
				131,
				132,
				133,
				134,
				135,
				136
			]
		}
	]
}