{
	"credit": "Made with Blockbench",
	"texture_size": [64, 64],
	"textures": {
		"0": "ametist_hoe/ametist_hoe",
		"particle": "ametist_hoe/ametist_hoe"
	},
	"elements": [
		{
			"from": [15.1, -8, 8.375],
			"to": [15.85, 19, 9.125],
			"faces": {
				"north": {"uv": [0, 0, 0.3125, 4.75], "texture": "#0"},
				"east": {"uv": [0.5, 0, 0.8125, 4.75], "texture": "#0"},
				"south": {"uv": [1, 0, 1.3125, 4.75], "texture": "#0"},
				"west": {"uv": [1.5, 0, 1.8125, 4.75], "texture": "#0"},
				"up": {"uv": [7.3125, 3.5625, 7, 3.25], "texture": "#0"},
				"down": {"uv": [7.3125, 3.75, 7, 4.0625], "texture": "#0"}
			}
		},
		{
			"from": [7.75, 19, 8.5],
			"to": [19.5, 19.5, 9],
			"faces": {
				"north": {"uv": [2, 0, 4.8125, 0.125], "texture": "#0"},
				"east": {"uv": [8.5, 0.5, 8.625, 0.625], "texture": "#0"},
				"south": {"uv": [2, 0.25, 4.8125, 0.375], "texture": "#0"},
				"west": {"uv": [8.5, 0.75, 8.625, 0.875], "texture": "#0"},
				"up": {"uv": [4.8125, 0.625, 2, 0.5], "texture": "#0"},
				"down": {"uv": [4.8125, 0.75, 2, 0.875], "texture": "#0"}
			}
		},
		{
			"from": [9.5, 19, 8.25],
			"to": [18.1, 19.5, 8.5],
			"faces": {
				"north": {"uv": [2, 4, 4.5, 4.125], "texture": "#0"},
				"east": {"uv": [1, 8.5, 1.125, 8.625], "texture": "#0"},
				"south": {"uv": [2, 4.25, 4.5, 4.375], "texture": "#0"},
				"west": {"uv": [8.5, 1, 8.625, 1.125], "texture": "#0"},
				"up": {"uv": [4.5, 4.625, 2, 4.5], "texture": "#0"},
				"down": {"uv": [7, 4, 4.5, 4.125], "texture": "#0"}
			}
		},
		{
			"from": [10, 19.5, 8.25],
			"to": [16.55, 20, 8.5],
			"faces": {
				"north": {"uv": [5, 0.75, 6.9375, 0.875], "texture": "#0"},
				"east": {"uv": [1.5, 8.5, 1.625, 8.625], "texture": "#0"},
				"south": {"uv": [2.5, 5, 4.4375, 5.125], "texture": "#0"},
				"west": {"uv": [8.5, 1.5, 8.625, 1.625], "texture": "#0"},
				"up": {"uv": [2.4375, 5.375, 0.5, 5.25], "texture": "#0"},
				"down": {"uv": [4.4375, 5.25, 2.5, 5.375], "texture": "#0"}
			}
		},
		{
			"from": [8.75, 19.5, 8.5],
			"to": [18.5, 20, 9],
			"faces": {
				"north": {"uv": [5, 0, 7, 0.125], "texture": "#0"},
				"east": {"uv": [1.25, 8.5, 1.375, 8.625], "texture": "#0"},
				"south": {"uv": [5, 0.25, 7, 0.375], "texture": "#0"},
				"west": {"uv": [8.5, 1.25, 8.625, 1.375], "texture": "#0"},
				"up": {"uv": [2.5, 5.125, 0.5, 5], "texture": "#0"},
				"down": {"uv": [7, 0.5, 5, 0.625], "texture": "#0"}
			}
		},
		{
			"from": [11, 20, 8.5],
			"to": [16.75, 20.5, 9],
			"faces": {
				"north": {"uv": [1, 6.75, 2, 6.875], "texture": "#0"},
				"east": {"uv": [5.5, 8.5, 5.625, 8.625], "texture": "#0"},
				"south": {"uv": [2, 6.75, 3, 6.875], "texture": "#0"},
				"west": {"uv": [5.75, 8.5, 5.875, 8.625], "texture": "#0"},
				"up": {"uv": [4, 6.875, 3, 6.75], "texture": "#0"},
				"down": {"uv": [5, 6.75, 4, 6.875], "texture": "#0"}
			}
		},
		{
			"from": [11.5, 20, 8.25],
			"to": [15.25, 20.25, 8.5],
			"faces": {
				"north": {"uv": [7, 0.25, 7.9375, 0.375], "texture": "#0"},
				"east": {"uv": [5, 8.5, 5.125, 8.625], "texture": "#0"},
				"south": {"uv": [7, 0.5, 7.9375, 0.625], "texture": "#0"},
				"west": {"uv": [5.25, 8.5, 5.375, 8.625], "texture": "#0"},
				"up": {"uv": [7.9375, 0.875, 7, 0.75], "texture": "#0"},
				"down": {"uv": [1.9375, 7, 1, 7.125], "texture": "#0"}
			}
		},
		{
			"from": [10.5, 18.5, 8.25],
			"to": [19.375, 19, 8.5],
			"faces": {
				"north": {"uv": [2, 1, 4.6875, 1.125], "texture": "#0"},
				"east": {"uv": [2.5, 8.5, 2.625, 8.625], "texture": "#0"},
				"south": {"uv": [2, 1.25, 4.6875, 1.375], "texture": "#0"},
				"west": {"uv": [8.5, 2.5, 8.625, 2.625], "texture": "#0"},
				"up": {"uv": [4.6875, 1.625, 2, 1.5], "texture": "#0"},
				"down": {"uv": [4.6875, 1.75, 2, 1.875], "texture": "#0"}
			}
		},
		{
			"from": [9.5, 18.5, 8.5],
			"to": [21.1, 19, 9],
			"faces": {
				"north": {"uv": [2, 3, 4.65625, 3.125], "texture": "#0"},
				"east": {"uv": [2.25, 8.5, 2.375, 8.625], "texture": "#0"},
				"south": {"uv": [2, 3.25, 4.65625, 3.375], "texture": "#0"},
				"west": {"uv": [8.5, 2.25, 8.625, 2.375], "texture": "#0"},
				"up": {"uv": [4.65625, 3.625, 2, 3.5], "texture": "#0"},
				"down": {"uv": [4.65625, 3.75, 2, 3.875], "texture": "#0"}
			}
		},
		{
			"from": [12.75, 18, 8.25],
			"to": [20.875, 18.5, 8.5],
			"faces": {
				"north": {"uv": [4.75, 1.25, 6.96875, 1.375], "texture": "#0"},
				"east": {"uv": [2, 8.5, 2.125, 8.625], "texture": "#0"},
				"south": {"uv": [4.75, 1.5, 6.96875, 1.625], "texture": "#0"},
				"west": {"uv": [8.5, 2, 8.625, 2.125], "texture": "#0"},
				"up": {"uv": [6.96875, 1.875, 4.75, 1.75], "texture": "#0"},
				"down": {"uv": [6.96875, 2, 4.75, 2.125], "texture": "#0"}
			}
		},
		{
			"from": [11.5, 18, 8.4],
			"to": [12.75, 18.5, 8.65],
			"faces": {
				"north": {"uv": [6.25, 8, 6.5625, 8.125], "texture": "#0"},
				"east": {"uv": [8.75, 7, 8.8125, 7.125], "texture": "#0"},
				"south": {"uv": [8, 6.25, 8.3125, 6.375], "texture": "#0"},
				"west": {"uv": [7.25, 8.75, 7.3125, 8.875], "texture": "#0"},
				"up": {"uv": [0.3125, 8.5625, 0, 8.5], "texture": "#0"},
				"down": {"uv": [8.8125, 0, 8.5, 0.0625], "texture": "#0"}
			}
		},
		{
			"from": [12.75, 18, 8.5],
			"to": [22.25, 18.5, 9],
			"faces": {
				"north": {"uv": [4.75, 3, 6.875, 3.125], "texture": "#0"},
				"east": {"uv": [1.75, 8.5, 1.875, 8.625], "texture": "#0"},
				"south": {"uv": [4.75, 3.25, 6.875, 3.375], "texture": "#0"},
				"west": {"uv": [8.5, 1.75, 8.625, 1.875], "texture": "#0"},
				"up": {"uv": [6.875, 3.625, 4.75, 3.5], "texture": "#0"},
				"down": {"uv": [6.875, 3.75, 4.75, 3.875], "texture": "#0"}
			}
		},
		{
			"from": [10.75, 18, 8.65],
			"to": [12.75, 18.5, 8.9],
			"faces": {
				"north": {"uv": [5.5, 7.5, 6, 7.625], "texture": "#0"},
				"east": {"uv": [8.75, 7.25, 8.8125, 7.375], "texture": "#0"},
				"south": {"uv": [6, 7.5, 6.5, 7.625], "texture": "#0"},
				"west": {"uv": [7.5, 8.75, 7.5625, 8.875], "texture": "#0"},
				"up": {"uv": [8.5, 8.0625, 8, 8], "texture": "#0"},
				"down": {"uv": [0.5, 8.25, 0, 8.3125], "texture": "#0"}
			}
		},
		{
			"from": [16.9, 17.5, 8.25],
			"to": [21.975, 18, 8.5],
			"faces": {
				"north": {"uv": [1.75, 5.75, 3.28125, 5.875], "texture": "#0"},
				"east": {"uv": [8.5, 3.5, 8.625, 3.625], "texture": "#0"},
				"south": {"uv": [3.5, 5.75, 5.03125, 5.875], "texture": "#0"},
				"west": {"uv": [3.75, 8.5, 3.875, 8.625], "texture": "#0"},
				"up": {"uv": [6.78125, 5.875, 5.25, 5.75], "texture": "#0"},
				"down": {"uv": [1.53125, 6, 0, 6.125], "texture": "#0"}
			}
		},
		{
			"from": [16.5, 17.5, 8.5],
			"to": [23.325, 18, 9],
			"faces": {
				"north": {"uv": [2, 5.5, 3.71875, 5.625], "texture": "#0"},
				"east": {"uv": [8.5, 3.25, 8.625, 3.375], "texture": "#0"},
				"south": {"uv": [3.75, 5.5, 5.46875, 5.625], "texture": "#0"},
				"west": {"uv": [3.5, 8.5, 3.625, 8.625], "texture": "#0"},
				"up": {"uv": [7.21875, 5.625, 5.5, 5.5], "texture": "#0"},
				"down": {"uv": [1.71875, 5.75, 0, 5.875], "texture": "#0"}
			}
		},
		{
			"from": [12.75, 17.5, 8.65],
			"to": [16.5, 18, 8.9],
			"faces": {
				"north": {"uv": [7, 1.25, 7.9375, 1.375], "texture": "#0"},
				"east": {"uv": [8.75, 6.5, 8.8125, 6.625], "texture": "#0"},
				"south": {"uv": [7, 1.5, 7.9375, 1.625], "texture": "#0"},
				"west": {"uv": [6.75, 8.75, 6.8125, 8.875], "texture": "#0"},
				"up": {"uv": [0.9375, 7.8125, 0, 7.75], "texture": "#0"},
				"down": {"uv": [1.9375, 7.75, 1, 7.8125], "texture": "#0"}
			}
		},
		{
			"from": [19.75, 17, 8.55],
			"to": [24.15, 17.5, 9],
			"faces": {
				"north": {"uv": [7, 2.5, 7.84375, 2.625], "texture": "#0"},
				"east": {"uv": [3, 8.5, 3.125, 8.625], "texture": "#0"},
				"south": {"uv": [7, 2.75, 7.84375, 2.875], "texture": "#0"},
				"west": {"uv": [3.25, 8.5, 3.375, 8.625], "texture": "#0"},
				"up": {"uv": [3.84375, 7.125, 3, 7], "texture": "#0"},
				"down": {"uv": [7.84375, 3, 7, 3.125], "texture": "#0"}
			}
		},
		{
			"from": [16.5, 17, 8.65],
			"to": [20.75, 17.5, 8.9],
			"faces": {
				"north": {"uv": [4.75, 6.25, 5.8125, 6.375], "texture": "#0"},
				"east": {"uv": [8.75, 5.75, 8.8125, 5.875], "texture": "#0"},
				"south": {"uv": [6, 6.25, 7.0625, 6.375], "texture": "#0"},
				"west": {"uv": [6, 8.75, 6.0625, 8.875], "texture": "#0"},
				"up": {"uv": [2.5625, 7.5625, 1.5, 7.5], "texture": "#0"},
				"down": {"uv": [3.8125, 7.5, 2.75, 7.5625], "texture": "#0"}
			}
		},
		{
			"from": [20.45, 17, 8.25],
			"to": [23.05, 17.5, 8.5],
			"faces": {
				"north": {"uv": [5.25, 6.5, 6.25, 6.625], "texture": "#0"},
				"east": {"uv": [2.75, 8.5, 2.875, 8.625], "texture": "#0"},
				"south": {"uv": [6.5, 5.25, 7.5, 5.375], "texture": "#0"},
				"west": {"uv": [8.5, 2.75, 8.625, 2.875], "texture": "#0"},
				"up": {"uv": [7.25, 6.625, 6.25, 6.5], "texture": "#0"},
				"down": {"uv": [1, 6.75, 0, 6.875], "texture": "#0"}
			}
		},
		{
			"from": [16.5, 17.25, 8.55],
			"to": [19.75, 17.5, 8.65],
			"faces": {
				"north": {"uv": [8, 1.25, 8.375, 1.375], "texture": "#0"},
				"east": {"uv": [8.75, 5.5, 8.8125, 5.625], "texture": "#0"},
				"south": {"uv": [1.5, 8, 1.875, 8.125], "texture": "#0"},
				"west": {"uv": [5.75, 8.75, 5.8125, 8.875], "texture": "#0"},
				"up": {"uv": [8.625, 4.5625, 8.25, 4.5], "texture": "#0"},
				"down": {"uv": [5.375, 8.25, 5, 8.3125], "texture": "#0"}
			}
		},
		{
			"from": [23.65, 16, 8.25],
			"to": [25, 16.5, 8.5],
			"faces": {
				"north": {"uv": [2, 7.75, 2.4375, 7.875], "texture": "#0"},
				"east": {"uv": [4.5, 8.5, 4.625, 8.625], "texture": "#0"},
				"south": {"uv": [2.5, 7.75, 2.9375, 7.875], "texture": "#0"},
				"west": {"uv": [4.75, 8.5, 4.875, 8.625], "texture": "#0"},
				"up": {"uv": [3.4375, 7.875, 3, 7.75], "texture": "#0"},
				"down": {"uv": [3.9375, 7.75, 3.5, 7.875], "texture": "#0"}
			}
		},
		{
			"from": [23.75, 16, 8.5],
			"to": [26, 16.5, 9],
			"faces": {
				"north": {"uv": [6, 7.25, 6.5625, 7.375], "texture": "#0"},
				"east": {"uv": [8.5, 6.25, 8.625, 6.375], "texture": "#0"},
				"south": {"uv": [7.25, 6.25, 7.8125, 6.375], "texture": "#0"},
				"west": {"uv": [6.5, 8.5, 6.625, 8.625], "texture": "#0"},
				"up": {"uv": [7.8125, 6.625, 7.25, 6.5], "texture": "#0"},
				"down": {"uv": [7.3125, 7.25, 6.75, 7.375], "texture": "#0"}
			}
		},
		{
			"from": [22.25, 16.25, 8.55],
			"to": [23.75, 16.5, 8.65],
			"faces": {
				"north": {"uv": [1, 8, 1.375, 8.125], "texture": "#0"},
				"east": {"uv": [8.75, 4.75, 8.8125, 4.875], "texture": "#0"},
				"south": {"uv": [8, 1, 8.375, 1.125], "texture": "#0"},
				"west": {"uv": [5, 8.75, 5.0625, 8.875], "texture": "#0"},
				"up": {"uv": [8.625, 4.3125, 8.25, 4.25], "texture": "#0"},
				"down": {"uv": [4.875, 8.25, 4.5, 8.3125], "texture": "#0"}
			}
		},
		{
			"from": [21.75, 16, 8.65],
			"to": [23.75, 16.5, 8.9],
			"faces": {
				"north": {"uv": [5, 7.75, 5.4375, 7.875], "texture": "#0"},
				"east": {"uv": [8.75, 4.5, 8.8125, 4.625], "texture": "#0"},
				"south": {"uv": [5.5, 7.75, 5.9375, 7.875], "texture": "#0"},
				"west": {"uv": [4.75, 8.75, 4.8125, 8.875], "texture": "#0"},
				"up": {"uv": [0.9375, 8.3125, 0.5, 8.25], "texture": "#0"},
				"down": {"uv": [1.4375, 8.25, 1, 8.3125], "texture": "#0"}
			}
		},
		{
			"from": [24.35, 15.5, 8.25],
			"to": [25.85, 16, 8.5],
			"faces": {
				"north": {"uv": [7.5, 3.25, 8, 3.375], "texture": "#0"},
				"east": {"uv": [6, 8.5, 6.125, 8.625], "texture": "#0"},
				"south": {"uv": [7.5, 3.5, 8, 3.625], "texture": "#0"},
				"west": {"uv": [6.25, 8.5, 6.375, 8.625], "texture": "#0"},
				"up": {"uv": [8, 3.875, 7.5, 3.75], "texture": "#0"},
				"down": {"uv": [4.5, 7.5, 4, 7.625], "texture": "#0"}
			}
		},
		{
			"from": [23.25, 15.75, 8.55],
			"to": [24.75, 16, 8.65],
			"faces": {
				"north": {"uv": [8, 0.5, 8.375, 0.625], "texture": "#0"},
				"east": {"uv": [8.75, 4, 8.8125, 4.125], "texture": "#0"},
				"south": {"uv": [8, 0.75, 8.375, 0.875], "texture": "#0"},
				"west": {"uv": [4.25, 8.75, 4.3125, 8.875], "texture": "#0"},
				"up": {"uv": [3.875, 8.3125, 3.5, 8.25], "texture": "#0"},
				"down": {"uv": [4.375, 8.25, 4, 8.3125], "texture": "#0"}
			}
		},
		{
			"from": [25.6, 15, 8.25],
			"to": [26.85, 15.5, 8.5],
			"faces": {
				"north": {"uv": [4, 7.75, 4.4375, 7.875], "texture": "#0"},
				"east": {"uv": [7, 8.5, 7.125, 8.625], "texture": "#0"},
				"south": {"uv": [7.75, 4.25, 8.1875, 4.375], "texture": "#0"},
				"west": {"uv": [7.25, 8.5, 7.375, 8.625], "texture": "#0"},
				"up": {"uv": [4.9375, 7.875, 4.5, 7.75], "texture": "#0"},
				"down": {"uv": [8.1875, 4.5, 7.75, 4.625], "texture": "#0"}
			}
		},
		{
			"from": [24.05, 15.25, 8.55],
			"to": [25.5, 15.5, 8.65],
			"faces": {
				"north": {"uv": [8, 0.25, 8.375, 0.375], "texture": "#0"},
				"east": {"uv": [8.75, 3.5, 8.8125, 3.625], "texture": "#0"},
				"south": {"uv": [0.5, 8, 0.875, 8.125], "texture": "#0"},
				"west": {"uv": [3.75, 8.75, 3.8125, 8.875], "texture": "#0"},
				"up": {"uv": [2.875, 8.3125, 2.5, 8.25], "texture": "#0"},
				"down": {"uv": [3.375, 8.25, 3, 8.3125], "texture": "#0"}
			}
		},
		{
			"from": [25.5, 15, 8.5],
			"to": [27.675, 15.5, 9],
			"faces": {
				"north": {"uv": [8, 3.25, 8.34375, 3.375], "texture": "#0"},
				"east": {"uv": [7.5, 8.5, 7.625, 8.625], "texture": "#0"},
				"south": {"uv": [8, 3.5, 8.34375, 3.625], "texture": "#0"},
				"west": {"uv": [7.75, 8.5, 7.875, 8.625], "texture": "#0"},
				"up": {"uv": [4.09375, 8.125, 3.75, 8], "texture": "#0"},
				"down": {"uv": [8.34375, 3.75, 8, 3.875], "texture": "#0"}
			}
		},
		{
			"from": [23.8, 15, 8.65],
			"to": [25.575, 15.5, 8.9],
			"faces": {
				"north": {"uv": [8, 4, 8.34375, 4.125], "texture": "#0"},
				"east": {"uv": [8.75, 3.75, 8.8125, 3.875], "texture": "#0"},
				"south": {"uv": [4.25, 8, 4.59375, 8.125], "texture": "#0"},
				"west": {"uv": [4, 8.75, 4.0625, 8.875], "texture": "#0"},
				"up": {"uv": [7.84375, 8.3125, 7.5, 8.25], "texture": "#0"},
				"down": {"uv": [8.34375, 8.25, 8, 8.3125], "texture": "#0"}
			}
		},
		{
			"from": [25.5, 14.75, 8.55],
			"to": [28.25, 15, 8.65],
			"faces": {
				"north": {"uv": [4, 7, 4.6875, 7.125], "texture": "#0"},
				"east": {"uv": [8.75, 3, 8.8125, 3.125], "texture": "#0"},
				"south": {"uv": [7, 4.25, 7.6875, 4.375], "texture": "#0"},
				"west": {"uv": [3.25, 8.75, 3.3125, 8.875], "texture": "#0"},
				"up": {"uv": [3.6875, 8.0625, 3, 8], "texture": "#0"},
				"down": {"uv": [8.6875, 3, 8, 3.0625], "texture": "#0"}
			}
		},
		{
			"from": [27, 14, 8.65],
			"to": [29.75, 14.5, 8.9],
			"faces": {
				"north": {"uv": [7.75, 5.75, 8.1875, 5.875], "texture": "#0"},
				"east": {"uv": [8.75, 6.75, 8.8125, 6.875], "texture": "#0"},
				"south": {"uv": [6, 7.75, 6.4375, 7.875], "texture": "#0"},
				"west": {"uv": [7, 8.75, 7.0625, 8.875], "texture": "#0"},
				"up": {"uv": [1.9375, 8.3125, 1.5, 8.25], "texture": "#0"},
				"down": {"uv": [2.4375, 8.25, 2, 8.3125], "texture": "#0"}
			}
		},
		{
			"from": [25.5, 14.5, 8.65],
			"to": [28.65, 15, 8.9],
			"faces": {
				"north": {"uv": [0, 7.5, 0.53125, 7.625], "texture": "#0"},
				"east": {"uv": [8.75, 3.25, 8.8125, 3.375], "texture": "#0"},
				"south": {"uv": [0.75, 7.5, 1.28125, 7.625], "texture": "#0"},
				"west": {"uv": [3.5, 8.75, 3.5625, 8.875], "texture": "#0"},
				"up": {"uv": [8.53125, 7.5625, 8, 7.5], "texture": "#0"},
				"down": {"uv": [8.53125, 7.75, 8, 7.8125], "texture": "#0"}
			}
		},
		{
			"from": [24.75, 15.5, 8.5],
			"to": [27.05, 16, 9],
			"faces": {
				"north": {"uv": [7.5, 4, 8, 4.125], "texture": "#0"},
				"east": {"uv": [8.5, 6.5, 8.625, 6.625], "texture": "#0"},
				"south": {"uv": [4.5, 7.5, 5, 7.625], "texture": "#0"},
				"west": {"uv": [6.75, 8.5, 6.875, 8.625], "texture": "#0"},
				"up": {"uv": [5.5, 7.625, 5, 7.5], "texture": "#0"},
				"down": {"uv": [8, 5.25, 7.5, 5.375], "texture": "#0"}
			}
		},
		{
			"from": [23.05, 15.5, 8.65],
			"to": [24.5, 16, 8.9],
			"faces": {
				"north": {"uv": [4.5, 5, 4.75, 5.125], "texture": "#0"},
				"east": {"uv": [8.75, 4.25, 8.8125, 4.375], "texture": "#0"},
				"south": {"uv": [1.5, 6.5, 1.75, 6.625], "texture": "#0"},
				"west": {"uv": [4.5, 8.75, 4.5625, 8.875], "texture": "#0"},
				"up": {"uv": [8.25, 8.5625, 8, 8.5], "texture": "#0"},
				"down": {"uv": [8.75, 8, 8.5, 8.0625], "texture": "#0"}
			}
		},
		{
			"from": [22.25, 16.5, 8.5],
			"to": [25.25, 17, 9],
			"faces": {
				"north": {"uv": [7, 6.75, 7.625, 6.875], "texture": "#0"},
				"east": {"uv": [8.5, 4, 8.625, 4.125], "texture": "#0"},
				"south": {"uv": [7, 7, 7.625, 7.125], "texture": "#0"},
				"west": {"uv": [4.25, 8.5, 4.375, 8.625], "texture": "#0"},
				"up": {"uv": [0.625, 7.375, 0, 7.25], "texture": "#0"},
				"down": {"uv": [1.375, 7.25, 0.75, 7.375], "texture": "#0"}
			}
		},
		{
			"from": [19, 16.5, 8.65],
			"to": [23.25, 17, 8.9],
			"faces": {
				"north": {"uv": [2.25, 7.25, 2.875, 7.375], "texture": "#0"},
				"east": {"uv": [8.75, 5.25, 8.8125, 5.375], "texture": "#0"},
				"south": {"uv": [3, 7.25, 3.625, 7.375], "texture": "#0"},
				"west": {"uv": [5.5, 8.75, 5.5625, 8.875], "texture": "#0"},
				"up": {"uv": [6.125, 8.0625, 5.5, 8], "texture": "#0"},
				"down": {"uv": [8.625, 5.5, 8, 5.5625], "texture": "#0"}
			}
		},
		{
			"from": [22.25, 16.5, 8.25],
			"to": [24.05, 17, 8.5],
			"faces": {
				"north": {"uv": [5.5, 7, 6.125, 7.125], "texture": "#0"},
				"east": {"uv": [8.5, 3.75, 8.625, 3.875], "texture": "#0"},
				"south": {"uv": [7, 5.75, 7.625, 5.875], "texture": "#0"},
				"west": {"uv": [4, 8.5, 4.125, 8.625], "texture": "#0"},
				"up": {"uv": [7.625, 6.125, 7, 6], "texture": "#0"},
				"down": {"uv": [6.875, 7, 6.25, 7.125], "texture": "#0"}
			}
		},
		{
			"from": [19.75, 16.75, 8.55],
			"to": [22.25, 17, 8.65],
			"faces": {
				"north": {"uv": [7.25, 1, 7.875, 1.125], "texture": "#0"},
				"east": {"uv": [8.75, 5, 8.8125, 5.125], "texture": "#0"},
				"south": {"uv": [1.5, 7.25, 2.125, 7.375], "texture": "#0"},
				"west": {"uv": [5.25, 8.75, 5.3125, 8.875], "texture": "#0"},
				"up": {"uv": [8.625, 5.0625, 8, 5], "texture": "#0"},
				"down": {"uv": [8.625, 5.25, 8, 5.3125], "texture": "#0"}
			}
		},
		{
			"from": [25.5, 14.75, 8.9],
			"to": [28.25, 15, 9],
			"faces": {
				"north": {"uv": [7, 4.5, 7.6875, 4.625], "texture": "#0"},
				"east": {"uv": [0.75, 9, 0.8125, 9.125], "texture": "#0"},
				"south": {"uv": [4.75, 7, 5.4375, 7.125], "texture": "#0"},
				"west": {"uv": [9, 0.75, 9.0625, 0.875], "texture": "#0"},
				"up": {"uv": [5.4375, 8.0625, 4.75, 8], "texture": "#0"},
				"down": {"uv": [8.6875, 4.75, 8, 4.8125], "texture": "#0"}
			}
		},
		{
			"from": [25.7, 15, 9],
			"to": [26.85, 15.5, 9.25],
			"faces": {
				"north": {"uv": [7.75, 7, 8.1875, 7.125], "texture": "#0"},
				"east": {"uv": [8.75, 2.75, 8.875, 2.875], "texture": "#0"},
				"south": {"uv": [7.5, 7.75, 7.9375, 7.875], "texture": "#0"},
				"west": {"uv": [3, 8.75, 3.125, 8.875], "texture": "#0"},
				"up": {"uv": [0.4375, 8.125, 0, 8], "texture": "#0"},
				"down": {"uv": [8.4375, 0, 8, 0.125], "texture": "#0"}
			}
		},
		{
			"from": [24.45, 15.5, 9],
			"to": [25.85, 16, 9.25],
			"faces": {
				"north": {"uv": [6.5, 7.5, 7, 7.625], "texture": "#0"},
				"east": {"uv": [8.75, 2.5, 8.875, 2.625], "texture": "#0"},
				"south": {"uv": [7, 7.5, 7.5, 7.625], "texture": "#0"},
				"west": {"uv": [2.75, 8.75, 2.875, 8.875], "texture": "#0"},
				"up": {"uv": [8, 7.375, 7.5, 7.25], "texture": "#0"},
				"down": {"uv": [8, 7.5, 7.5, 7.625], "texture": "#0"}
			}
		},
		{
			"from": [24.05, 15.25, 8.9],
			"to": [25.5, 15.5, 9],
			"faces": {
				"north": {"uv": [8, 2.5, 8.375, 2.625], "texture": "#0"},
				"east": {"uv": [0.5, 9, 0.5625, 9.125], "texture": "#0"},
				"south": {"uv": [8, 2.75, 8.375, 2.875], "texture": "#0"},
				"west": {"uv": [9, 0.5, 9.0625, 0.625], "texture": "#0"},
				"up": {"uv": [7.375, 8.3125, 7, 8.25], "texture": "#0"},
				"down": {"uv": [8.625, 7, 8.25, 7.0625], "texture": "#0"}
			}
		},
		{
			"from": [23.25, 15.75, 8.9],
			"to": [24.75, 16, 9],
			"faces": {
				"north": {"uv": [8, 2.25, 8.375, 2.375], "texture": "#0"},
				"east": {"uv": [0.25, 9, 0.3125, 9.125], "texture": "#0"},
				"south": {"uv": [2.5, 8, 2.875, 8.125], "texture": "#0"},
				"west": {"uv": [9, 0.25, 9.0625, 0.375], "texture": "#0"},
				"up": {"uv": [6.875, 8.3125, 6.5, 8.25], "texture": "#0"},
				"down": {"uv": [8.625, 6.75, 8.25, 6.8125], "texture": "#0"}
			}
		},
		{
			"from": [22.25, 16.25, 8.9],
			"to": [23.75, 16.5, 9],
			"faces": {
				"north": {"uv": [2, 8, 2.375, 8.125], "texture": "#0"},
				"east": {"uv": [0, 9, 0.0625, 9.125], "texture": "#0"},
				"south": {"uv": [8, 2, 8.375, 2.125], "texture": "#0"},
				"west": {"uv": [9, 0, 9.0625, 0.125], "texture": "#0"},
				"up": {"uv": [6.375, 8.3125, 6, 8.25], "texture": "#0"},
				"down": {"uv": [8.625, 6, 8.25, 6.0625], "texture": "#0"}
			}
		},
		{
			"from": [23.25, 16, 8.9],
			"to": [23.75, 16.25, 9],
			"faces": {
				"north": {"uv": [2, 8, 2.375, 8.125], "texture": "#0"},
				"east": {"uv": [0, 9, 0.0625, 9.125], "texture": "#0"},
				"south": {"uv": [8, 2, 8.375, 2.125], "texture": "#0"},
				"west": {"uv": [9, 0, 9.0625, 0.125], "texture": "#0"},
				"up": {"uv": [6.375, 8.3125, 6, 8.25], "texture": "#0"},
				"down": {"uv": [8.625, 6, 8.25, 6.0625], "texture": "#0"}
			}
		},
		{
			"from": [24.05, 15.5, 8.9],
			"to": [24.75, 15.75, 9],
			"faces": {
				"north": {"uv": [2, 8, 2.375, 8.125], "texture": "#0"},
				"east": {"uv": [0, 9, 0.0625, 9.125], "texture": "#0"},
				"south": {"uv": [8, 2, 8.375, 2.125], "texture": "#0"},
				"west": {"uv": [9, 0, 9.0625, 0.125], "texture": "#0"},
				"up": {"uv": [6.375, 8.3125, 6, 8.25], "texture": "#0"},
				"down": {"uv": [8.625, 6, 8.25, 6.0625], "texture": "#0"}
			}
		},
		{
			"from": [24.05, 15.5, 8.55],
			"to": [24.75, 15.75, 8.65],
			"faces": {
				"north": {"uv": [2, 8, 2.375, 8.125], "texture": "#0"},
				"east": {"uv": [0, 9, 0.0625, 9.125], "texture": "#0"},
				"south": {"uv": [8, 2, 8.375, 2.125], "texture": "#0"},
				"west": {"uv": [9, 0, 9.0625, 0.125], "texture": "#0"},
				"up": {"uv": [6.375, 8.3125, 6, 8.25], "texture": "#0"},
				"down": {"uv": [8.625, 6, 8.25, 6.0625], "texture": "#0"}
			}
		},
		{
			"from": [24.8, 15, 8.55],
			"to": [25.5, 15.25, 8.65],
			"faces": {
				"north": {"uv": [2, 8, 2.375, 8.125], "texture": "#0"},
				"east": {"uv": [0, 9, 0.0625, 9.125], "texture": "#0"},
				"south": {"uv": [8, 2, 8.375, 2.125], "texture": "#0"},
				"west": {"uv": [9, 0, 9.0625, 0.125], "texture": "#0"},
				"up": {"uv": [6.375, 8.3125, 6, 8.25], "texture": "#0"},
				"down": {"uv": [8.625, 6, 8.25, 6.0625], "texture": "#0"}
			}
		},
		{
			"from": [22, 16.25, 8.55],
			"to": [22.25, 16.75, 8.65],
			"faces": {
				"north": {"uv": [2, 8, 2.375, 8.125], "texture": "#0"},
				"east": {"uv": [0, 9, 0.0625, 9.125], "texture": "#0"},
				"south": {"uv": [8, 2, 8.375, 2.125], "texture": "#0"},
				"west": {"uv": [9, 0, 9.0625, 0.125], "texture": "#0"},
				"up": {"uv": [6.375, 8.3125, 6, 8.25], "texture": "#0"},
				"down": {"uv": [8.625, 6, 8.25, 6.0625], "texture": "#0"}
			}
		},
		{
			"from": [22, 16.25, 8.9],
			"to": [22.25, 16.75, 9],
			"faces": {
				"north": {"uv": [2, 8, 2.375, 8.125], "texture": "#0"},
				"east": {"uv": [0, 9, 0.0625, 9.125], "texture": "#0"},
				"south": {"uv": [8, 2, 8.375, 2.125], "texture": "#0"},
				"west": {"uv": [9, 0, 9.0625, 0.125], "texture": "#0"},
				"up": {"uv": [6.375, 8.3125, 6, 8.25], "texture": "#0"},
				"down": {"uv": [8.625, 6, 8.25, 6.0625], "texture": "#0"}
			}
		},
		{
			"from": [24.8, 15, 8.9],
			"to": [25.5, 15.25, 9],
			"faces": {
				"north": {"uv": [2, 8, 2.375, 8.125], "texture": "#0"},
				"east": {"uv": [0, 9, 0.0625, 9.125], "texture": "#0"},
				"south": {"uv": [8, 2, 8.375, 2.125], "texture": "#0"},
				"west": {"uv": [9, 0, 9.0625, 0.125], "texture": "#0"},
				"up": {"uv": [6.375, 8.3125, 6, 8.25], "texture": "#0"},
				"down": {"uv": [8.625, 6, 8.25, 6.0625], "texture": "#0"}
			}
		},
		{
			"from": [23.25, 16, 8.55],
			"to": [23.75, 16.25, 8.65],
			"faces": {
				"north": {"uv": [2, 8, 2.375, 8.125], "texture": "#0"},
				"east": {"uv": [0, 9, 0.0625, 9.125], "texture": "#0"},
				"south": {"uv": [8, 2, 8.375, 2.125], "texture": "#0"},
				"west": {"uv": [9, 0, 9.0625, 0.125], "texture": "#0"},
				"up": {"uv": [6.375, 8.3125, 6, 8.25], "texture": "#0"},
				"down": {"uv": [8.625, 6, 8.25, 6.0625], "texture": "#0"}
			}
		},
		{
			"from": [23.55, 16, 9],
			"to": [25, 16.5, 9.25],
			"faces": {
				"north": {"uv": [7.75, 6, 8.1875, 6.125], "texture": "#0"},
				"east": {"uv": [8.75, 2.25, 8.875, 2.375], "texture": "#0"},
				"south": {"uv": [6.5, 7.75, 6.9375, 7.875], "texture": "#0"},
				"west": {"uv": [2.5, 8.75, 2.625, 8.875], "texture": "#0"},
				"up": {"uv": [8.1875, 6.875, 7.75, 6.75], "texture": "#0"},
				"down": {"uv": [7.4375, 7.75, 7, 7.875], "texture": "#0"}
			}
		},
		{
			"from": [22.45, 16.5, 9],
			"to": [24.05, 17, 9.25],
			"faces": {
				"north": {"uv": [7.25, 4.75, 7.875, 4.875], "texture": "#0"},
				"east": {"uv": [8.75, 2, 8.875, 2.125], "texture": "#0"},
				"south": {"uv": [7.25, 5, 7.875, 5.125], "texture": "#0"},
				"west": {"uv": [2.25, 8.75, 2.375, 8.875], "texture": "#0"},
				"up": {"uv": [5.875, 7.375, 5.25, 7.25], "texture": "#0"},
				"down": {"uv": [7.875, 5.5, 7.25, 5.625], "texture": "#0"}
			}
		},
		{
			"from": [20.35, 17, 9],
			"to": [23.05, 17.5, 9.25],
			"faces": {
				"north": {"uv": [5, 6.75, 6, 6.875], "texture": "#0"},
				"east": {"uv": [8.75, 1.75, 8.875, 1.875], "texture": "#0"},
				"south": {"uv": [6, 6.75, 7, 6.875], "texture": "#0"},
				"west": {"uv": [2, 8.75, 2.125, 8.875], "texture": "#0"},
				"up": {"uv": [1, 7.125, 0, 7], "texture": "#0"},
				"down": {"uv": [8, 0, 7, 0.125], "texture": "#0"}
			}
		},
		{
			"from": [19.75, 16.75, 8.9],
			"to": [22.25, 17, 9],
			"faces": {
				"north": {"uv": [3.75, 7.25, 4.375, 7.375], "texture": "#0"},
				"east": {"uv": [8.75, 8.5, 8.8125, 8.625], "texture": "#0"},
				"south": {"uv": [4.5, 7.25, 5.125, 7.375], "texture": "#0"},
				"west": {"uv": [8.75, 8.75, 8.8125, 8.875], "texture": "#0"},
				"up": {"uv": [7.875, 8.0625, 7.25, 8], "texture": "#0"},
				"down": {"uv": [8.625, 7.25, 8, 7.3125], "texture": "#0"}
			}
		},
		{
			"from": [16.5, 17.5, 9],
			"to": [21.975, 18, 9.25],
			"faces": {
				"north": {"uv": [1.75, 6, 3.28125, 6.125], "texture": "#0"},
				"east": {"uv": [8.75, 1.5, 8.875, 1.625], "texture": "#0"},
				"south": {"uv": [3.5, 6, 5.03125, 6.125], "texture": "#0"},
				"west": {"uv": [1.75, 8.75, 1.875, 8.875], "texture": "#0"},
				"up": {"uv": [6.78125, 6.125, 5.25, 6], "texture": "#0"},
				"down": {"uv": [1.53125, 6.25, 0, 6.375], "texture": "#0"}
			}
		},
		{
			"from": [16.5, 17.25, 8.9],
			"to": [19.75, 17.5, 9],
			"faces": {
				"north": {"uv": [8, 1.5, 8.375, 1.625], "texture": "#0"},
				"east": {"uv": [8.75, 8.25, 8.8125, 8.375], "texture": "#0"},
				"south": {"uv": [8, 1.75, 8.375, 1.875], "texture": "#0"},
				"west": {"uv": [8.5, 8.75, 8.5625, 8.875], "texture": "#0"},
				"up": {"uv": [5.875, 8.3125, 5.5, 8.25], "texture": "#0"},
				"down": {"uv": [8.625, 5.75, 8.25, 5.8125], "texture": "#0"}
			}
		},
		{
			"from": [12.75, 18, 9],
			"to": [20.875, 18.5, 9.25],
			"faces": {
				"north": {"uv": [4.75, 2.25, 6.96875, 2.375], "texture": "#0"},
				"east": {"uv": [8.75, 1.25, 8.875, 1.375], "texture": "#0"},
				"south": {"uv": [2.5, 4.75, 4.71875, 4.875], "texture": "#0"},
				"west": {"uv": [1.5, 8.75, 1.625, 8.875], "texture": "#0"},
				"up": {"uv": [6.96875, 2.625, 4.75, 2.5], "texture": "#0"},
				"down": {"uv": [6.96875, 2.75, 4.75, 2.875], "texture": "#0"}
			}
		},
		{
			"from": [10.5, 18.5, 9],
			"to": [19.375, 19, 9.25],
			"faces": {
				"north": {"uv": [2, 2, 4.6875, 2.125], "texture": "#0"},
				"east": {"uv": [8.75, 1, 8.875, 1.125], "texture": "#0"},
				"south": {"uv": [2, 2.25, 4.6875, 2.375], "texture": "#0"},
				"west": {"uv": [1.25, 8.75, 1.375, 8.875], "texture": "#0"},
				"up": {"uv": [4.6875, 2.625, 2, 2.5], "texture": "#0"},
				"down": {"uv": [4.6875, 2.75, 2, 2.875], "texture": "#0"}
			}
		},
		{
			"from": [16, 17.5, 8.75],
			"to": [16.5, 18, 9],
			"faces": {
				"north": {"uv": [8.75, 0.75, 8.875, 0.875], "texture": "#0"},
				"east": {"uv": [8.75, 7.75, 8.8125, 7.875], "texture": "#0"},
				"south": {"uv": [1, 8.75, 1.125, 8.875], "texture": "#0"},
				"west": {"uv": [8, 8.75, 8.0625, 8.875], "texture": "#0"},
				"up": {"uv": [8.875, 8.0625, 8.75, 8], "texture": "#0"},
				"down": {"uv": [8.375, 8.75, 8.25, 8.8125], "texture": "#0"}
			}
		},
		{
			"from": [9.5, 19, 9],
			"to": [18.1, 19.5, 9.25],
			"faces": {
				"north": {"uv": [4.5, 4.25, 7, 4.375], "texture": "#0"},
				"east": {"uv": [8.75, 0.5, 8.875, 0.625], "texture": "#0"},
				"south": {"uv": [4.5, 4.5, 7, 4.625], "texture": "#0"},
				"west": {"uv": [0.75, 8.75, 0.875, 8.875], "texture": "#0"},
				"up": {"uv": [2.5, 4.875, 0, 4.75], "texture": "#0"},
				"down": {"uv": [7.25, 1, 4.75, 1.125], "texture": "#0"}
			}
		},
		{
			"from": [10, 19.5, 9],
			"to": [16.55, 20, 9.25],
			"faces": {
				"north": {"uv": [4.5, 5.25, 6.4375, 5.375], "texture": "#0"},
				"east": {"uv": [0.25, 8.75, 0.375, 8.875], "texture": "#0"},
				"south": {"uv": [5.25, 4.75, 7.1875, 4.875], "texture": "#0"},
				"west": {"uv": [0.5, 8.75, 0.625, 8.875], "texture": "#0"},
				"up": {"uv": [7.1875, 5.125, 5.25, 5], "texture": "#0"},
				"down": {"uv": [1.9375, 5.5, 0, 5.625], "texture": "#0"}
			}
		},
		{
			"from": [11.5, 20, 9],
			"to": [15.25, 20.25, 9.25],
			"faces": {
				"north": {"uv": [7, 1.75, 7.9375, 1.875], "texture": "#0"},
				"east": {"uv": [8.5, 8.5, 8.625, 8.625], "texture": "#0"},
				"south": {"uv": [2, 7, 2.9375, 7.125], "texture": "#0"},
				"west": {"uv": [0, 8.75, 0.125, 8.875], "texture": "#0"},
				"up": {"uv": [7.9375, 2.125, 7, 2], "texture": "#0"},
				"down": {"uv": [7.9375, 2.25, 7, 2.375], "texture": "#0"}
			}
		},
		{
			"from": [11, 19.5, 9.25],
			"to": [15.55, 20, 9.5],
			"faces": {
				"north": {"uv": [13.5, 15.125, 15.4375, 15.25], "texture": "#0"},
				"east": {"uv": [7.375, 15.875, 7.5, 16], "texture": "#0"},
				"south": {"uv": [9.59375, 14.625, 11.53125, 14.75], "texture": "#0"},
				"west": {"uv": [5.03125, 15.875, 5.15625, 16], "texture": "#0"},
				"up": {"uv": [16, 12.8125, 14.0625, 12.6875], "texture": "#0"},
				"down": {"uv": [10.6875, 13.3125, 8.75, 13.4375], "texture": "#0"}
			}
		},
		{
			"from": [10.5, 19, 9.25],
			"to": [17.1, 19.5, 9.5],
			"faces": {
				"north": {"uv": [13.5, 14.125, 16, 14.25], "texture": "#0"},
				"east": {"uv": [15.875, 7.625, 16, 7.75], "texture": "#0"},
				"south": {"uv": [8.84375, 14.375, 11.34375, 14.5], "texture": "#0"},
				"west": {"uv": [5.28125, 15.875, 5.40625, 16], "texture": "#0"},
				"up": {"uv": [11.3125, 12.5625, 8.8125, 12.4375], "texture": "#0"},
				"down": {"uv": [16, 8.8125, 13.5, 8.9375], "texture": "#0"}
			}
		},
		{
			"from": [11.5, 18.5, 9.25],
			"to": [18.375, 19, 9.5],
			"faces": {
				"north": {"uv": [11, 11.875, 13.6875, 12], "texture": "#0"},
				"east": {"uv": [15.875, 8.125, 16, 8.25], "texture": "#0"},
				"south": {"uv": [6.34375, 12.125, 9.03125, 12.25], "texture": "#0"},
				"west": {"uv": [5.78125, 15.875, 5.90625, 16], "texture": "#0"},
				"up": {"uv": [13.5, 10.3125, 10.8125, 10.1875], "texture": "#0"},
				"down": {"uv": [13.4375, 10.5625, 10.75, 10.6875], "texture": "#0"}
			}
		},
		{
			"from": [17.5, 17.75, 9.25],
			"to": [20.975, 18, 9.5],
			"faces": {
				"north": {"uv": [10.75, 15.875, 12.28125, 16], "texture": "#0"},
				"east": {"uv": [15.875, 8.625, 16, 8.75], "texture": "#0"},
				"south": {"uv": [7.84375, 15.875, 9.375, 16], "texture": "#0"},
				"west": {"uv": [6.28125, 15.875, 6.40625, 16], "texture": "#0"},
				"up": {"uv": [15.59375, 13.8125, 14.0625, 13.6875], "texture": "#0"},
				"down": {"uv": [10.28125, 14.0625, 8.75, 14.1875], "texture": "#0"}
			}
		},
		{
			"from": [13.75, 18, 9.25],
			"to": [19.875, 18.5, 9.5],
			"faces": {
				"north": {"uv": [13.75, 12.125, 15.96875, 12.25], "texture": "#0"},
				"east": {"uv": [15.875, 8.375, 16, 8.5], "texture": "#0"},
				"south": {"uv": [6.84375, 14.625, 9.0625, 14.75], "texture": "#0"},
				"west": {"uv": [6.03125, 15.875, 6.15625, 16], "texture": "#0"},
				"up": {"uv": [15.78125, 10.3125, 13.5625, 10.1875], "texture": "#0"},
				"down": {"uv": [15.71875, 10.5625, 13.5, 10.6875], "texture": "#0"}
			}
		},
		{
			"from": [11, 19.5, 8],
			"to": [15.55, 20, 8.25],
			"faces": {
				"north": {"uv": [13.5, 15.125, 15.4375, 15.25], "texture": "#0"},
				"east": {"uv": [7.375, 15.875, 7.5, 16], "texture": "#0"},
				"south": {"uv": [9.59375, 14.625, 11.53125, 14.75], "texture": "#0"},
				"west": {"uv": [5.03125, 15.875, 5.15625, 16], "texture": "#0"},
				"up": {"uv": [16, 12.8125, 14.0625, 12.6875], "texture": "#0"},
				"down": {"uv": [10.6875, 13.3125, 8.75, 13.4375], "texture": "#0"}
			}
		},
		{
			"from": [10.5, 19, 8],
			"to": [17.1, 19.5, 8.25],
			"faces": {
				"north": {"uv": [13.5, 14.125, 16, 14.25], "texture": "#0"},
				"east": {"uv": [15.875, 7.625, 16, 7.75], "texture": "#0"},
				"south": {"uv": [8.84375, 14.375, 11.34375, 14.5], "texture": "#0"},
				"west": {"uv": [5.28125, 15.875, 5.40625, 16], "texture": "#0"},
				"up": {"uv": [11.3125, 12.5625, 8.8125, 12.4375], "texture": "#0"},
				"down": {"uv": [16, 8.8125, 13.5, 8.9375], "texture": "#0"}
			}
		},
		{
			"from": [11.5, 18.5, 8],
			"to": [18.375, 19, 8.25],
			"faces": {
				"north": {"uv": [11, 11.875, 13.6875, 12], "texture": "#0"},
				"east": {"uv": [15.875, 8.125, 16, 8.25], "texture": "#0"},
				"south": {"uv": [6.34375, 12.125, 9.03125, 12.25], "texture": "#0"},
				"west": {"uv": [5.78125, 15.875, 5.90625, 16], "texture": "#0"},
				"up": {"uv": [13.5, 10.3125, 10.8125, 10.1875], "texture": "#0"},
				"down": {"uv": [13.4375, 10.5625, 10.75, 10.6875], "texture": "#0"}
			}
		},
		{
			"from": [13.75, 18, 8],
			"to": [19.875, 18.5, 8.25],
			"faces": {
				"north": {"uv": [13.75, 12.125, 15.96875, 12.25], "texture": "#0"},
				"east": {"uv": [15.875, 8.375, 16, 8.5], "texture": "#0"},
				"south": {"uv": [6.84375, 14.625, 9.0625, 14.75], "texture": "#0"},
				"west": {"uv": [6.03125, 15.875, 6.15625, 16], "texture": "#0"},
				"up": {"uv": [15.78125, 10.3125, 13.5625, 10.1875], "texture": "#0"},
				"down": {"uv": [15.71875, 10.5625, 13.5, 10.6875], "texture": "#0"}
			}
		},
		{
			"from": [17.5, 17.75, 8],
			"to": [20.975, 18, 8.25],
			"faces": {
				"north": {"uv": [10.75, 15.875, 12.28125, 16], "texture": "#0"},
				"east": {"uv": [15.875, 8.625, 16, 8.75], "texture": "#0"},
				"south": {"uv": [7.84375, 15.875, 9.375, 16], "texture": "#0"},
				"west": {"uv": [6.28125, 15.875, 6.40625, 16], "texture": "#0"},
				"up": {"uv": [15.59375, 13.8125, 14.0625, 13.6875], "texture": "#0"},
				"down": {"uv": [10.28125, 14.0625, 8.75, 14.1875], "texture": "#0"}
			}
		},
		{
			"from": [11.5, 18, 8.9],
			"to": [12.75, 18.5, 9.15],
			"faces": {
				"north": {"uv": [8, 6.5, 8.3125, 6.625], "texture": "#0"},
				"east": {"uv": [8.75, 7.5, 8.8125, 7.625], "texture": "#0"},
				"south": {"uv": [6.75, 8, 7.0625, 8.125], "texture": "#0"},
				"west": {"uv": [7.75, 8.75, 7.8125, 8.875], "texture": "#0"},
				"up": {"uv": [8.8125, 0.3125, 8.5, 0.25], "texture": "#0"},
				"down": {"uv": [0.8125, 8.5, 0.5, 8.5625], "texture": "#0"}
			}
		},
		{
			"from": [14.7, -8, 7.975],
			"to": [16.3, -6, 9.575],
			"faces": {
				"north": {"uv": [1.75, 6.25, 2.125, 6.75], "texture": "#0"},
				"east": {"uv": [2.25, 6.25, 2.625, 6.75], "texture": "#0"},
				"south": {"uv": [2.75, 6.25, 3.125, 6.75], "texture": "#0"},
				"west": {"uv": [3.25, 6.25, 3.625, 6.75], "texture": "#0"},
				"up": {"uv": [4.125, 6.625, 3.75, 6.25], "texture": "#0"},
				"down": {"uv": [4.625, 6.25, 4.25, 6.625], "texture": "#0"}
			}
		},
		{
			"from": [14.7, 15, 7.975],
			"to": [16.3, 18, 9.575],
			"faces": {
				"north": {"uv": [1.75, 6.25, 2.125, 6.75], "texture": "#0"},
				"east": {"uv": [2.25, 6.25, 2.625, 6.75], "texture": "#0"},
				"south": {"uv": [2.75, 6.25, 3.125, 6.75], "texture": "#0"},
				"west": {"uv": [3.25, 6.25, 3.625, 6.75], "texture": "#0"},
				"up": {"uv": [4.125, 6.625, 3.75, 6.25], "texture": "#0"},
				"down": {"uv": [4.625, 6.25, 4.25, 6.625], "texture": "#0"}
			}
		},
		{
			"from": [14.55, -9, 7.825],
			"to": [16.45, -8, 9.725],
			"faces": {
				"north": {"uv": [0, 6.5, 0.5, 6.75], "texture": "#0"},
				"east": {"uv": [0.5, 6.5, 1, 6.75], "texture": "#0"},
				"south": {"uv": [1, 6.5, 1.5, 6.75], "texture": "#0"},
				"west": {"uv": [4.75, 6.5, 5.25, 6.75], "texture": "#0"},
				"up": {"uv": [5.25, 5.25, 4.75, 4.75], "texture": "#0"},
				"down": {"uv": [0.5, 5, 0, 5.5], "texture": "#0"}
			}
		}
	],
	"display": {
		"thirdperson_righthand": {
			"rotation": [0, 90, 0],
			"translation": [-0.75, 6.5, 9.5]
		},
		"thirdperson_lefthand": {
			"rotation": [0, -90, 0],
			"translation": [0.75, 6.5, 9.5]
		},
		"firstperson_righthand": {
			"rotation": [0, 90, 0],
			"translation": [5, 5.25, 0]
		},
		"firstperson_lefthand": {
			"rotation": [0, -90, 0],
			"translation": [6.5, 5.25, 0]
		},
		"ground": {
			"translation": [-8, 16, -1.5]
		},
		"gui": {
			"rotation": [0, 180, 0],
			"translation": [8, 1.5, 0]
		},
		"fixed": {
			"translation": [-11, 0, -2.25],
			"scale": [1.5, 1.5, 1.5]
		}
	}
}