{"credit":"by Damfler","display":{"firstperson_lefthand":{"rotation":[7,118,15],"scale":[0.47,0.46,0.45],"translation":[5.25,1.5,-3.5]},"firstperson_righthand":{"rotation":[7,118,15],"scale":[0.47,0.46,0.45],"translation":[5.25,1.5,-3.5]},"fixed":{"rotation":[-74.25,0,0],"translation":[0,0.25,0]},"ground":{"scale":[0.47,0.46,0.45]},"gui":{"rotation":[45,133,0],"scale":[0.61,0.62,0.61],"translation":[0.75,0,0]},"head":{"scale":[0.98,0.95,0.92],"translation":[-0.25,-1.25,0]},"thirdperson_lefthand":{"rotation":[-10,128,15],"scale":[0.31,0.3,0.32],"translation":[-1,1,-1.5]},"thirdperson_righthand":{"rotation":[-10,128,15],"scale":[0.31,0.3,0.32],"translation":[0,1,-1.5]}},"elements":[{"faces":{"down":{"texture":"#1_4","uv":[0,0,8.5,0.5]},"east":{"texture":"#1_4","uv":[0,0,0.5,1]},"north":{"texture":"#1_4","uv":[0,0,8.5,1]},"south":{"texture":"#1_4","uv":[0,0,8.5,1]},"up":{"texture":"#1_4","uv":[0,0,8.5,0.5]},"west":{"texture":"#1_4","uv":[0,0,0.5,1]}},"from":[8.5,10,-0.5],"rotation":{"angle":0,"axis":"y","origin":[8,10.5,-0.25]},"to":[17,11,0]},{"faces":{"down":{"texture":"#1_4","uv":[0,0,8.5,0.5]},"east":{"texture":"#1_4","uv":[0,0,0.5,1]},"north":{"texture":"#1_4","uv":[0,0,8.5,1]},"south":{"texture":"#1_4","uv":[0,0,8.5,1]},"up":{"texture":"#1_4","uv":[0,0,8.5,0.5]},"west":{"texture":"#1_4","uv":[0,0,0.5,1]}},"from":[-1,10,-0.5],"rotation":{"angle":0,"axis":"y","origin":[8,10.5,-0.25]},"to":[7.5,11,0]},{"faces":{"down":{"texture":"#1_4","uv":[0,0,0.5,0.5]},"east":{"texture":"#1_4","uv":[0,0,0.5,1]},"north":{"texture":"#1_4","uv":[0,0,0.5,1]},"south":{"texture":"#1_4","uv":[0,0,0.5,1]},"up":{"texture":"#1_4","uv":[0,0,0.5,0.5]},"west":{"texture":"#1_4","uv":[0,0,0.5,1]}},"from":[-0.25,9,-0.5],"rotation":{"angle":0,"axis":"y","origin":[0,9.5,-0.25]},"to":[0.25,10,0]},{"faces":{"down":{"texture":"#1_4","uv":[0.5,0,0,0.5]},"east":{"texture":"#1_4","uv":[0.5,0,0,1]},"north":{"texture":"#1_4","uv":[0.5,0,0,1]},"south":{"texture":"#1_4","uv":[0.5,0,0,1]},"up":{"texture":"#1_4","uv":[0.5,0,0,0.5]},"west":{"texture":"#1_4","uv":[0.5,0,0,1]}},"from":[15.75,9,-0.5],"rotation":{"angle":0,"axis":"y","origin":[16,9.5,-0.25]},"to":[16.25,10,0]},{"faces":{"down":{"texture":"#1_4","uv":[0.5,0,1,0.5]},"east":{"texture":"#1_4","uv":[0.5,0,1,1]},"north":{"texture":"#1_4","uv":[0.5,0,1,1]},"south":{"texture":"#1_4","uv":[0.5,0,1,1]},"up":{"texture":"#1_4","uv":[0.5,0,1,0.5]},"west":{"texture":"#1_4","uv":[0.5,0,1,1]}},"from":[7,9,-0.5],"rotation":{"angle":0,"axis":"y","origin":[7.25,9.5,-0.25]},"to":[7.5,10,0]},{"faces":{"down":{"texture":"#1_4","uv":[1,0,0.5,0.5]},"east":{"texture":"#1_4","uv":[1,0,0.5,1]},"north":{"texture":"#1_4","uv":[1,0,0.5,1]},"south":{"texture":"#1_4","uv":[1,0,0.5,1]},"up":{"texture":"#1_4","uv":[1,0,0.5,0.5]},"west":{"texture":"#1_4","uv":[1,0,0.5,1]}},"from":[8.5,9,-0.5],"rotation":{"angle":0,"axis":"y","origin":[8.75,9.5,-0.25]},"to":[9,10,0]},{"faces":{"down":{"texture":"#1_4","uv":[0,0,0.5,0.5]},"east":{"texture":"#1_4","uv":[0,0,0.5,1]},"north":{"texture":"#1_4","uv":[0,0,0.5,1]},"south":{"texture":"#1_4","uv":[0,0,0.5,1]},"up":{"texture":"#1_4","uv":[0,0,0.5,0.5]},"west":{"texture":"#1_4","uv":[0,0,0.5,1]}},"from":[0.07622,9.03457,-0.5],"rotation":{"angle":-22.5,"axis":"z","origin":[0.22622,9.33457,-0.35]},"to":[0.37622,9.63457,0]},{"faces":{"down":{"texture":"#1_4","uv":[0.5,0,0,0.5]},"east":{"texture":"#1_4","uv":[0.5,0,0,1]},"north":{"texture":"#1_4","uv":[0.5,0,0,1]},"south":{"texture":"#1_4","uv":[0.5,0,0,1]},"up":{"texture":"#1_4","uv":[0.5,0,0,0.5]},"west":{"texture":"#1_4","uv":[0.5,0,0,1]}},"from":[15.62378,9.03457,-0.5],"rotation":{"angle":22.5,"axis":"z","origin":[15.77378,9.33457,-0.35]},"to":[15.92378,9.63457,0]},{"faces":{"down":{"texture":"#1_4","uv":[0.5,0,0,0.5]},"east":{"texture":"#1_4","uv":[0.5,0,0,1]},"north":{"texture":"#1_4","uv":[0.5,0,0,1]},"south":{"texture":"#1_4","uv":[0.5,0,0,1]},"up":{"texture":"#1_4","uv":[0.5,0,0,0.5]},"west":{"texture":"#1_4","uv":[0.5,0,0,1]}},"from":[6.87378,9.03457,-0.5],"rotation":{"angle":22.5,"axis":"z","origin":[7.02378,9.33457,-0.35]},"to":[7.17378,9.63457,0]},{"faces":{"down":{"texture":"#1_4","uv":[0,0,0.5,0.5]},"east":{"texture":"#1_4","uv":[0,0,0.5,1]},"north":{"texture":"#1_4","uv":[0,0,0.5,1]},"south":{"texture":"#1_4","uv":[0,0,0.5,1]},"up":{"texture":"#1_4","uv":[0,0,0.5,0.5]},"west":{"texture":"#1_4","uv":[0,0,0.5,1]}},"from":[8.82622,9.03457,-0.5],"rotation":{"angle":-22.5,"axis":"z","origin":[8.97622,9.33457,-0.35]},"to":[9.12622,9.63457,0]},{"faces":{"down":{"texture":"#1_4","uv":[0,0,0.5,0.5]},"east":{"texture":"#1_4","uv":[0,0,0.5,1]},"north":{"texture":"#1_4","uv":[0,0,0.5,1]},"south":{"texture":"#1_4","uv":[0,0,0.5,1]},"up":{"texture":"#1_4","uv":[0,0,0.5,0.5]},"west":{"texture":"#1_4","uv":[0,0,0.5,1]}},"from":[0.07064,9.4752,-0.5],"rotation":{"angle":-45,"axis":"z","origin":[0.52064,9.7752,-0.35]},"to":[0.67064,10.0752,0]},{"faces":{"down":{"texture":"#1_4","uv":[0.5,0,0,0.5]},"east":{"texture":"#1_4","uv":[0.5,0,0,1]},"north":{"texture":"#1_4","uv":[0.5,0,0,1]},"south":{"texture":"#1_4","uv":[0.5,0,0,1]},"up":{"texture":"#1_4","uv":[0.5,0,0,0.5]},"west":{"texture":"#1_4","uv":[0.5,0,0,1]}},"from":[15.32936,9.4752,-0.5],"rotation":{"angle":45,"axis":"z","origin":[15.47936,9.7752,-0.35]},"to":[15.92936,10.0752,0]},{"faces":{"down":{"texture":"#1_4","uv":[0.5,0,0,0.5]},"east":{"texture":"#1_4","uv":[0.5,0,0,1]},"north":{"texture":"#1_4","uv":[0.5,0,0,1]},"south":{"texture":"#1_4","uv":[0.5,0,0,1]},"up":{"texture":"#1_4","uv":[0.5,0,0,0.5]},"west":{"texture":"#1_4","uv":[0.5,0,0,1]}},"from":[6.57936,9.4752,-0.5],"rotation":{"angle":45,"axis":"z","origin":[6.72936,9.7752,-0.35]},"to":[7.17936,10.0752,0]},{"faces":{"down":{"texture":"#1_4","uv":[0,0,0.5,0.5]},"east":{"texture":"#1_4","uv":[0,0,0.5,1]},"north":{"texture":"#1_4","uv":[0,0,0.5,1]},"south":{"texture":"#1_4","uv":[0,0,0.5,1]},"up":{"texture":"#1_4","uv":[0,0,0.5,0.5]},"west":{"texture":"#1_4","uv":[0,0,0.5,1]}},"from":[8.82064,9.4752,-0.5],"rotation":{"angle":-45,"axis":"z","origin":[9.27064,9.7752,-0.35]},"to":[9.42064,10.0752,0]},{"faces":{"down":{"rotation":90,"texture":"#1_4","uv":[0,0,0.5,1]},"east":{"rotation":90,"texture":"#1_4","uv":[0,0,0.5,0.5]},"north":{"rotation":270,"texture":"#1_4","uv":[0,0,0.5,1]},"south":{"rotation":90,"texture":"#1_4","uv":[0,0,0.5,1]},"up":{"rotation":90,"texture":"#1_4","uv":[0,0,0.5,1]},"west":{"rotation":90,"texture":"#1_4","uv":[0,0,0.5,0.5]}},"from":[0.66128,9.91962,-0.5],"rotation":{"angle":22.5,"axis":"z","origin":[0.96128,10.06962,-0.35]},"to":[1.26128,10.21962,0]},{"faces":{"down":{"rotation":90,"texture":"#1_4","uv":[0,1,0.5,0]},"east":{"rotation":90,"texture":"#1_4","uv":[0,0.5,0.5,0]},"north":{"rotation":270,"texture":"#1_4","uv":[0,1,0.5,0]},"south":{"rotation":90,"texture":"#1_4","uv":[0,1,0.5,0]},"up":{"rotation":90,"texture":"#1_4","uv":[0,1,0.5,0]},"west":{"rotation":90,"texture":"#1_4","uv":[0,0.5,0.5,0]}},"from":[14.73872,9.91962,-0.5],"rotation":{"angle":-22.5,"axis":"z","origin":[15.03872,10.06962,-0.35]},"to":[15.33872,10.21962,0]},{"faces":{"down":{"rotation":90,"texture":"#1_4","uv":[0,1,0.5,0]},"east":{"rotation":90,"texture":"#1_4","uv":[0,0.5,0.5,0]},"north":{"rotation":270,"texture":"#1_4","uv":[0,1,0.5,0]},"south":{"rotation":90,"texture":"#1_4","uv":[0,1,0.5,0]},"up":{"rotation":90,"texture":"#1_4","uv":[0,1,0.5,0]},"west":{"rotation":90,"texture":"#1_4","uv":[0,0.5,0.5,0]}},"from":[5.98872,9.91962,-0.5],"rotation":{"angle":-22.5,"axis":"z","origin":[6.28872,10.06962,-0.35]},"to":[6.58872,10.21962,0]},{"faces":{"down":{"rotation":90,"texture":"#1_4","uv":[0,0,0.5,1]},"east":{"rotation":90,"texture":"#1_4","uv":[0,0,0.5,0.5]},"north":{"rotation":270,"texture":"#1_4","uv":[0,0,0.5,1]},"south":{"rotation":90,"texture":"#1_4","uv":[0,0,0.5,1]},"up":{"rotation":90,"texture":"#1_4","uv":[0,0,0.5,1]},"west":{"rotation":90,"texture":"#1_4","uv":[0,0,0.5,0.5]}},"from":[9.41128,9.91962,-0.5],"rotation":{"angle":22.5,"axis":"z","origin":[9.71128,10.06962,-0.35]},"to":[10.01128,10.21962,0]},{"faces":{"down":{"texture":"#1_4","uv":[0,0,0.25,0.5]},"east":{"texture":"#1_4","uv":[0,0,0.5,0.5]},"north":{"texture":"#1_4","uv":[0,0,0.25,0.5]},"south":{"texture":"#1_4","uv":[0,0,0.25,0.5]},"up":{"texture":"#1_4","uv":[0,0,0.25,0.5]},"west":{"texture":"#1_4","uv":[0,0,0.5,0.5]}},"from":[-0.225,9.675,-0.5],"rotation":{"angle":22.5,"axis":"z","origin":[0.15,9.675,-0.25]},"to":[0.025,10.175,0]},{"faces":{"down":{"texture":"#1_4","uv":[0.25,0,0,0.5]},"east":{"texture":"#1_4","uv":[0.5,0,0,0.5]},"north":{"texture":"#1_4","uv":[0.25,0,0,0.5]},"south":{"texture":"#1_4","uv":[0.25,0,0,0.5]},"up":{"texture":"#1_4","uv":[0.25,0,0,0.5]},"west":{"texture":"#1_4","uv":[0.5,0,0,0.5]}},"from":[15.975,9.675,-0.5],"rotation":{"angle":-22.5,"axis":"z","origin":[15.85,9.675,-0.25]},"to":[16.225,10.175,0]},{"faces":{"down":{"texture":"#1_4","uv":[0,0,0.25,0.5]},"east":{"texture":"#1_4","uv":[0,0,0.5,0.5]},"north":{"texture":"#1_4","uv":[0,0,0.25,0.5]},"south":{"texture":"#1_4","uv":[0,0,0.25,0.5]},"up":{"texture":"#1_4","uv":[0,0,0.25,0.5]},"west":{"texture":"#1_4","uv":[0,0,0.5,0.5]}},"from":[-0.68861,9.86883,-0.5],"rotation":{"angle":45,"axis":"z","origin":[-0.31361,10.36883,-0.25]},"to":[-0.43861,10.36883,0]},{"faces":{"down":{"texture":"#1_4","uv":[0.25,0,0,0.5]},"east":{"texture":"#1_4","uv":[0.5,0,0,0.5]},"north":{"texture":"#1_4","uv":[0.25,0,0,0.5]},"south":{"texture":"#1_4","uv":[0.25,0,0,0.5]},"up":{"texture":"#1_4","uv":[0.25,0,0,0.5]},"west":{"texture":"#1_4","uv":[0.5,0,0,0.5]}},"from":[16.43861,9.86883,-0.5],"rotation":{"angle":-45,"axis":"z","origin":[16.31361,10.36883,-0.25]},"to":[16.68861,10.36883,0]},{"faces":{"down":{"texture":"#1_4","uv":[0,0,1,0.15]},"east":{"texture":"#1_4","uv":[0,0,0.15,0.25]},"north":{"texture":"#1_4","uv":[0,0,1,0.25]},"south":{"texture":"#1_4","uv":[0,0,1,0.25]},"up":{"texture":"#1_4","uv":[0,0,1,0.15]},"west":{"texture":"#1_4","uv":[0,0,0.15,0.25]}},"from":[7.5,10.65,-0.25],"rotation":{"angle":0,"axis":"y","origin":[9,10.4,0]},"to":[8.5,10.9,-0.1]},{"faces":{"down":{"rotation":270,"texture":"#1_4","uv":[0,0,0.5,0.25]},"east":{"texture":"#1_4","uv":[0,0,0.5,0.29289]},"north":{"texture":"#1_4","uv":[0,0,0.25,0.29289]},"south":{"texture":"#1_4","uv":[0,0,0.25,0.29289]},"up":{"rotation":90,"texture":"#1_4","uv":[0,0,0.5,0.25]},"west":{"texture":"#1_4","uv":[0,0,0.5,0.29289]}},"from":[-0.25,11.13562,13.69752],"rotation":{"angle":45,"axis":"x","origin":[-0.125,9.79667,8.47795]},"to":[0,11.42851,14.19752]},{"faces":{"down":{"rotation":270,"texture":"#1_4","uv":[0,0,0.25,0.25]},"east":{"texture":"#1_4","uv":[0,0,0.25,0.5]},"north":{"texture":"#1_4","uv":[0,0,0.25,0.5]},"south":{"texture":"#1_4","uv":[0,0,0.25,0.5]},"up":{"rotation":90,"texture":"#1_4","uv":[0,0,0.25,0.25]},"west":{"texture":"#1_4","uv":[0,0,0.25,0.5]}},"from":[-0.25,6.90621,13.42619],"rotation":{"angle":0,"axis":"x","origin":[-0.125,7.15621,13.55119]},"to":[0,7.40621,13.67619]},{"faces":{"down":{"texture":"#1_4","uv":[0,0,0.25,0.5]},"east":{"rotation":270,"texture":"#1_4","uv":[0,0,0.25,0.5]},"north":{"rotation":90,"texture":"#1_4","uv":[0,0,0.25,0.25]},"south":{"rotation":90,"texture":"#1_4","uv":[0,0,0.25,0.25]},"up":{"rotation":180,"texture":"#1_4","uv":[0,0,0.25,0.5]},"west":{"rotation":90,"texture":"#1_4","uv":[0,0,0.25,0.5]}},"from":[-0.25,6.6991,12.96908],"rotation":{"angle":0,"axis":"x","origin":[-0.125,6.8241,13.21908]},"to":[0,6.9491,13.46908]},{"faces":{"down":{"rotation":270,"texture":"#1_4","uv":[0,0,9,0.25]},"east":{"texture":"#1_4","uv":[0,0,9,1]},"north":{"texture":"#1_4","uv":[0,0,0.25,1]},"south":{"texture":"#1_4","uv":[0,0,0.25,1]},"up":{"rotation":90,"texture":"#1_4","uv":[0,0,9,0.25]},"west":{"texture":"#1_4","uv":[0,0,9,1]}},"from":[-0.25,10,0],"rotation":{"angle":0,"axis":"y","origin":[-0.125,9.94312,8.47795]},"to":[0,11,9]},{"faces":{"down":{"rotation":270,"texture":"#1_4","uv":[0,0,2,0.25]},"east":{"texture":"#1_4","uv":[0,0,2,1]},"north":{"texture":"#1_4","uv":[0,0,0.25,1]},"south":{"texture":"#1_4","uv":[0,0,0.25,1]},"up":{"rotation":90,"texture":"#1_4","uv":[0,0,2,0.25]},"west":{"texture":"#1_4","uv":[0,0,2,1]}},"from":[-0.25,10.11933,8.55581],"rotation":{"angle":22.5,"axis":"x","origin":[-0.125,9.94312,8.47795]},"to":[0,11.11933,10.55581]},{"faces":{"down":{"rotation":270,"texture":"#1_4","uv":[0,0,4,0.25]},"east":{"texture":"#1_4","uv":[0,0,4,1]},"north":{"texture":"#1_4","uv":[0,0,0.25,1]},"south":{"texture":"#1_4","uv":[0,0,0.25,1]},"up":{"rotation":90,"texture":"#1_4","uv":[0,0,4,0.25]},"west":{"texture":"#1_4","uv":[0,0,4,1]}},"from":[-0.25,10.82496,9.94752],"rotation":{"angle":45,"axis":"x","origin":[-0.125,9.94312,8.47795]},"to":[0,11.82496,13.94752]},{"faces":{"down":{"rotation":270,"texture":"#1_4","uv":[0,0,0.5,0.25]},"east":{"texture":"#1_4","uv":[0,0,0.5,0.29289]},"north":{"texture":"#1_4","uv":[0,0,0.25,0.29289]},"south":{"texture":"#1_4","uv":[0,0,0.25,0.29289]},"up":{"rotation":90,"texture":"#1_4","uv":[0,0,0.5,0.25]},"west":{"texture":"#1_4","uv":[0,0,0.5,0.29289]}},"from":[16,11.13562,13.69752],"rotation":{"angle":45,"axis":"x","origin":[16.125,9.79667,8.47795]},"to":[16.25,11.42851,14.19752]},{"faces":{"down":{"rotation":270,"texture":"#1_4","uv":[0,0,0.25,0.25]},"east":{"texture":"#1_4","uv":[0,0,0.25,0.5]},"north":{"texture":"#1_4","uv":[0,0,0.25,0.5]},"south":{"texture":"#1_4","uv":[0,0,0.25,0.5]},"up":{"rotation":90,"texture":"#1_4","uv":[0,0,0.25,0.25]},"west":{"texture":"#1_4","uv":[0,0,0.25,0.5]}},"from":[16,6.90621,13.42619],"rotation":{"angle":0,"axis":"x","origin":[16.125,7.15621,13.55119]},"to":[16.25,7.40621,13.67619]},{"faces":{"down":{"texture":"#1_4","uv":[0,0,0.25,0.5]},"east":{"rotation":270,"texture":"#1_4","uv":[0,0,0.25,0.5]},"north":{"rotation":90,"texture":"#1_4","uv":[0,0,0.25,0.25]},"south":{"rotation":90,"texture":"#1_4","uv":[0,0,0.25,0.25]},"up":{"rotation":180,"texture":"#1_4","uv":[0,0,0.25,0.5]},"west":{"rotation":90,"texture":"#1_4","uv":[0,0,0.25,0.5]}},"from":[16,6.6991,12.96908],"rotation":{"angle":0,"axis":"x","origin":[16.125,6.8241,13.21908]},"to":[16.25,6.9491,13.46908]},{"faces":{"down":{"rotation":270,"texture":"#1_4","uv":[0,0,9,0.25]},"east":{"texture":"#1_4","uv":[0,0,9,1]},"north":{"texture":"#1_4","uv":[0,0,0.25,1]},"south":{"texture":"#1_4","uv":[0,0,0.25,1]},"up":{"rotation":90,"texture":"#1_4","uv":[0,0,9,0.25]},"west":{"texture":"#1_4","uv":[0,0,9,1]}},"from":[16,10,0],"rotation":{"angle":0,"axis":"y","origin":[16.125,9.94312,8.47795]},"to":[16.25,11,9]},{"faces":{"down":{"rotation":270,"texture":"#1_4","uv":[0,0,2,0.25]},"east":{"texture":"#1_4","uv":[0,0,2,1]},"north":{"texture":"#1_4","uv":[0,0,0.25,1]},"south":{"texture":"#1_4","uv":[0,0,0.25,1]},"up":{"rotation":90,"texture":"#1_4","uv":[0,0,2,0.25]},"west":{"texture":"#1_4","uv":[0,0,2,1]}},"from":[16,10.11933,8.55581],"rotation":{"angle":22.5,"axis":"x","origin":[16.125,9.94312,8.47795]},"to":[16.25,11.11933,10.55581]},{"faces":{"down":{"rotation":270,"texture":"#1_4","uv":[0,0,4,0.25]},"east":{"texture":"#1_4","uv":[0,0,4,1]},"north":{"texture":"#1_4","uv":[0,0,0.25,1]},"south":{"texture":"#1_4","uv":[0,0,0.25,1]},"up":{"rotation":90,"texture":"#1_4","uv":[0,0,4,0.25]},"west":{"texture":"#1_4","uv":[0,0,4,1]}},"from":[16,10.82496,9.94752],"rotation":{"angle":45,"axis":"x","origin":[16.125,9.94312,8.47795]},"to":[16.25,11.82496,13.94752]},{"faces":{"down":{"texture":"#2","uv":[0,0,0.4,0.1]},"east":{"texture":"#2","uv":[0,0,0.1,0.2]},"north":{"texture":"#2","uv":[0,0,0.4,0.2]},"south":{"texture":"#2","uv":[0,0,0.4,0.2]},"up":{"texture":"#2","uv":[0,0,0.4,0.1]},"west":{"texture":"#2","uv":[0,0,0.1,0.2]}},"from":[-0.325,10.45,-0.6],"rotation":{"angle":0,"axis":"y","origin":[7.875,10.6,-0.75]},"to":[0.075,10.65,-0.5]},{"faces":{"down":{"rotation":270,"texture":"#2","uv":[0,0,0.1,0.14142]},"east":{"rotation":270,"texture":"#2","uv":[0,0,0.14142,0.1]},"north":{"rotation":90,"texture":"#2","uv":[0,0,0.14142,0.14142]},"south":{"rotation":270,"texture":"#2","uv":[0,0,0.14142,0.14142]},"up":{"rotation":270,"texture":"#2","uv":[0,0,0.1,0.14142]},"west":{"rotation":270,"texture":"#2","uv":[0,0,0.14142,0.1]}},"from":[-0.49571,10.49645,-0.6],"rotation":{"angle":-45,"axis":"z","origin":[-0.39571,10.43787,-0.55]},"to":[-0.35429,10.63787,-0.5]},{"faces":{"down":{"rotation":270,"texture":"#2","uv":[0,0,0.1,0.14142]},"east":{"rotation":270,"texture":"#2","uv":[0,0,0.14142,0.1]},"north":{"rotation":90,"texture":"#2","uv":[0,0,0.14142,0.14142]},"south":{"rotation":270,"texture":"#2","uv":[0,0,0.14142,0.14142]},"up":{"rotation":270,"texture":"#2","uv":[0,0,0.1,0.14142]},"west":{"rotation":270,"texture":"#2","uv":[0,0,0.14142,0.1]}},"from":[-0.09571,10.49645,-0.6],"rotation":{"angle":-45,"axis":"z","origin":[0.00429,10.43787,-0.55]},"to":[0.04571,10.63787,-0.5]},{"faces":{"down":{"texture":"#2","uv":[0.4,0,0,0.1]},"east":{"texture":"#2","uv":[0.1,0,0,0.2]},"north":{"texture":"#2","uv":[0.4,0,0,0.2]},"south":{"texture":"#2","uv":[0.4,0,0,0.2]},"up":{"texture":"#2","uv":[0.4,0,0,0.1]},"west":{"texture":"#2","uv":[0.1,0,0,0.2]}},"from":[15.925,10.45,-0.6],"rotation":{"angle":0,"axis":"y","origin":[8.125,10.6,-0.75]},"to":[16.325,10.65,-0.5]},{"faces":{"down":{"rotation":270,"texture":"#2","uv":[0,0.14142,0.1,0]},"east":{"rotation":270,"texture":"#2","uv":[0,0.1,0.14142,0]},"north":{"rotation":90,"texture":"#2","uv":[0,0.14142,0.14142,0]},"south":{"rotation":270,"texture":"#2","uv":[0,0.14142,0.14142,0]},"up":{"rotation":270,"texture":"#2","uv":[0,0.14142,0.1,0]},"west":{"rotation":270,"texture":"#2","uv":[0,0.1,0.14142,0]}},"from":[16.35429,10.49645,-0.6],"rotation":{"angle":45,"axis":"z","origin":[16.39571,10.43787,-0.55]},"to":[16.49571,10.63787,-0.5]},{"faces":{"down":{"rotation":270,"texture":"#2","uv":[0,0.14142,0.1,0]},"east":{"rotation":270,"texture":"#2","uv":[0,0.1,0.14142,0]},"north":{"rotation":90,"texture":"#2","uv":[0,0.14142,0.14142,0]},"south":{"rotation":270,"texture":"#2","uv":[0,0.14142,0.14142,0]},"up":{"rotation":270,"texture":"#2","uv":[0,0.14142,0.1,0]},"west":{"rotation":270,"texture":"#2","uv":[0,0.1,0.14142,0]}},"from":[15.95429,10.49645,-0.6],"rotation":{"angle":45,"axis":"z","origin":[15.99571,10.43787,-0.55]},"to":[16.09571,10.63787,-0.5]},{"faces":{"down":{"texture":"#1_4","uv":[0,0,8.5,0.5]},"east":{"texture":"#1_4","uv":[0,0,0.5,1]},"north":{"texture":"#1_4","uv":[0,0,8.5,1]},"south":{"texture":"#1_4","uv":[0,0,8.5,1]},"up":{"texture":"#1_4","uv":[0,0,8.5,0.5]},"west":{"texture":"#1_4","uv":[0,0,0.5,1]}},"from":[11.00844,5.24564,-0.39],"rotation":{"angle":0,"axis":"y","origin":[8.17844,5.90064,-0.25]},"to":[13.86844,5.30564,-0.11]},{"faces":{"down":{"texture":"#1_4","uv":[0,0,8.5,0.5]},"east":{"texture":"#1_4","uv":[0,0,0.5,1]},"north":{"texture":"#1_4","uv":[0,0,8.5,1]},"south":{"texture":"#1_4","uv":[0,0,8.5,1]},"up":{"texture":"#1_4","uv":[0,0,8.5,0.5]},"west":{"texture":"#1_4","uv":[0,0,0.5,1]}},"from":[10.70844,5.34564,-0.39],"rotation":{"angle":0,"axis":"y","origin":[8.17844,6.00064,-0.25]},"to":[14.16844,5.40564,-0.11]},{"faces":{"down":{"texture":"#1_4","uv":[0,0,8.5,0.5]},"east":{"texture":"#1_4","uv":[0,0,0.5,1]},"north":{"texture":"#1_4","uv":[0,0,8.5,1]},"south":{"texture":"#1_4","uv":[0,0,8.5,1]},"up":{"texture":"#1_4","uv":[0,0,8.5,0.5]},"west":{"texture":"#1_4","uv":[0,0,0.5,1]}},"from":[10.90844,5.29564,-0.39],"rotation":{"angle":0,"axis":"y","origin":[8.17844,5.95064,-0.25]},"to":[13.96844,5.35564,-0.11]},{"faces":{"down":{"texture":"#1_4","uv":[0,0,8.5,0.5]},"east":{"texture":"#1_4","uv":[0,0,0.5,1]},"north":{"texture":"#1_4","uv":[0,0,8.5,1]},"south":{"texture":"#1_4","uv":[0,0,8.5,1]},"up":{"texture":"#1_4","uv":[0,0,8.5,0.5]},"west":{"texture":"#1_4","uv":[0,0,0.5,1]}},"from":[10.55844,5.44564,-0.39],"rotation":{"angle":0,"axis":"y","origin":[8.17844,6.10064,-0.25]},"to":[14.31844,5.50564,-0.11]},{"faces":{"down":{"texture":"#1_4","uv":[0,0,8.5,0.5]},"east":{"texture":"#1_4","uv":[0,0,0.5,1]},"north":{"texture":"#1_4","uv":[0,0,8.5,1]},"south":{"texture":"#1_4","uv":[0,0,8.5,1]},"up":{"texture":"#1_4","uv":[0,0,8.5,0.5]},"west":{"texture":"#1_4","uv":[0,0,0.5,1]}},"from":[10.55844,5.39564,-0.39],"rotation":{"angle":0,"axis":"y","origin":[8.17844,6.05064,-0.25]},"to":[14.31844,5.45564,-0.11]},{"faces":{"down":{"texture":"#1_4","uv":[0,0,8.5,0.5]},"east":{"texture":"#1_4","uv":[0,0,0.5,1]},"north":{"texture":"#1_4","uv":[0,0,8.5,1]},"south":{"texture":"#1_4","uv":[0,0,8.5,1]},"up":{"texture":"#1_4","uv":[0,0,8.5,0.5]},"west":{"texture":"#1_4","uv":[0,0,0.5,1]}},"from":[10.28344,5.49564,-0.39],"rotation":{"angle":0,"axis":"y","origin":[8.17844,6.27564,-0.25]},"to":[14.46844,5.68064,-0.11]},{"faces":{"down":{"texture":"#1_4","uv":[0,0,8.5,0.5]},"east":{"texture":"#1_4","uv":[0,0,0.5,1]},"north":{"texture":"#1_4","uv":[0,0,8.5,1]},"south":{"texture":"#1_4","uv":[0,0,8.5,1]},"up":{"texture":"#1_4","uv":[0,0,8.5,0.5]},"west":{"texture":"#1_4","uv":[0,0,0.5,1]}},"from":[10.15844,5.67064,-0.39],"rotation":{"angle":0,"axis":"y","origin":[8.17844,6.45064,-0.25]},"to":[14.59344,5.85564,-0.11]},{"faces":{"down":{"texture":"#1_4","uv":[0,0,8.5,0.5]},"east":{"texture":"#1_4","uv":[0,0,0.5,1]},"north":{"texture":"#1_4","uv":[0,0,8.5,1]},"south":{"texture":"#1_4","uv":[0,0,8.5,1]},"up":{"texture":"#1_4","uv":[0,0,8.5,0.5]},"west":{"texture":"#1_4","uv":[0,0,0.5,1]}},"from":[9.98344,5.84564,-0.39],"rotation":{"angle":0,"axis":"y","origin":[8.17844,6.62564,-0.25]},"to":[14.76844,6.03064,-0.11]},{"faces":{"down":{"texture":"#1_4","uv":[0,0,8.5,0.5]},"east":{"texture":"#1_4","uv":[0,0,0.5,1]},"north":{"texture":"#1_4","uv":[0,0,8.5,1]},"south":{"texture":"#1_4","uv":[0,0,8.5,1]},"up":{"texture":"#1_4","uv":[0,0,8.5,0.5]},"west":{"texture":"#1_4","uv":[0,0,0.5,1]}},"from":[9.80844,6.02064,-0.39],"rotation":{"angle":0,"axis":"y","origin":[8.17844,6.80064,-0.25]},"to":[14.96844,6.20564,-0.11]},{"faces":{"down":{"texture":"#1_4","uv":[0,0,8.5,0.5]},"east":{"texture":"#1_4","uv":[0,0,0.5,1]},"north":{"texture":"#1_4","uv":[0,0,8.5,1]},"south":{"texture":"#1_4","uv":[0,0,8.5,1]},"up":{"texture":"#1_4","uv":[0,0,8.5,0.5]},"west":{"texture":"#1_4","uv":[0,0,0.5,1]}},"from":[9.65844,6.19564,-0.39],"rotation":{"angle":0,"axis":"y","origin":[8.17844,6.97564,-0.25]},"to":[15.14344,6.38064,-0.11]},{"faces":{"down":{"texture":"#1_4","uv":[0,0,8.5,0.5]},"east":{"texture":"#1_4","uv":[0,0,0.5,1]},"north":{"texture":"#1_4","uv":[0,0,8.5,1]},"south":{"texture":"#1_4","uv":[0,0,8.5,1]},"up":{"texture":"#1_4","uv":[0,0,8.5,0.5]},"west":{"texture":"#1_4","uv":[0,0,0.5,1]}},"from":[9.60844,6.37064,-0.39],"rotation":{"angle":0,"axis":"y","origin":[13.57844,6.97564,-0.25]},"to":[15.33344,6.50564,-0.11]},{"faces":{"down":{"texture":"#1_4","uv":[0,0,8.5,0.5]},"east":{"texture":"#1_4","uv":[0,0,0.5,1]},"north":{"texture":"#1_4","uv":[0,0,8.5,1]},"south":{"texture":"#1_4","uv":[0,0,8.5,1]},"up":{"texture":"#1_4","uv":[0,0,8.5,0.5]},"west":{"texture":"#1_4","uv":[0,0,0.5,1]}},"from":[9.55844,6.49564,-0.39],"rotation":{"angle":0,"axis":"y","origin":[8.17844,7.27564,-0.25]},"to":[15.39344,6.80564,-0.11]},{"faces":{"down":{"texture":"#1_4","uv":[0,0,8.5,0.5]},"east":{"texture":"#1_4","uv":[0,0,0.5,1]},"north":{"texture":"#1_4","uv":[0,0,8.5,1]},"south":{"texture":"#1_4","uv":[0,0,8.5,1]},"up":{"texture":"#1_4","uv":[0,0,8.5,0.5]},"west":{"texture":"#1_4","uv":[0,0,0.5,1]}},"from":[9.45844,6.79564,-0.39],"rotation":{"angle":0,"axis":"y","origin":[8.17844,7.57564,-0.25]},"to":[15.46844,7.10564,-0.11]},{"faces":{"down":{"texture":"#1_4","uv":[0,0,8.5,0.5]},"east":{"texture":"#1_4","uv":[0,0,0.5,1]},"north":{"texture":"#1_4","uv":[0,0,8.5,1]},"south":{"texture":"#1_4","uv":[0,0,8.5,1]},"up":{"texture":"#1_4","uv":[0,0,8.5,0.5]},"west":{"texture":"#1_4","uv":[0,0,0.5,1]}},"from":[9.30844,7.09564,-0.39],"rotation":{"angle":0,"axis":"y","origin":[8.17844,7.87564,-0.25]},"to":[15.61844,7.40564,-0.11]},{"faces":{"down":{"texture":"#1_4","uv":[0,0,8.5,0.5]},"east":{"texture":"#1_4","uv":[0,0,0.5,1]},"north":{"texture":"#1_4","uv":[0,0,8.5,1]},"south":{"texture":"#1_4","uv":[0,0,8.5,1]},"up":{"texture":"#1_4","uv":[0,0,8.5,0.5]},"west":{"texture":"#1_4","uv":[0,0,0.5,1]}},"from":[9.20844,7.39564,-0.39],"rotation":{"angle":0,"axis":"y","origin":[8.17844,8.17564,-0.25]},"to":[15.71844,7.70564,-0.11]},{"faces":{"down":{"texture":"#1_4","uv":[0,0,8.5,0.5]},"east":{"texture":"#1_4","uv":[0,0,0.5,1]},"north":{"texture":"#1_4","uv":[0,0,8.5,1]},"south":{"texture":"#1_4","uv":[0,0,8.5,1]},"up":{"texture":"#1_4","uv":[0,0,8.5,0.5]},"west":{"texture":"#1_4","uv":[0,0,0.5,1]}},"from":[9.05844,7.69564,-0.39],"rotation":{"angle":0,"axis":"y","origin":[8.17844,10.37564,-0.25]},"to":[15.71844,9.90564,-0.11]},{"faces":{"down":{"texture":"#2","uv":[0,0,8.5,0.5]},"east":{"texture":"#2","uv":[0,0,0.5,1]},"north":{"texture":"#2","uv":[0,0,8.5,1]},"south":{"texture":"#2","uv":[0,0,8.5,1]},"up":{"texture":"#2","uv":[0,0,8.5,0.5]},"west":{"texture":"#2","uv":[0,0,0.5,1]}},"from":[9.65844,9.89564,-0.49],"rotation":{"angle":0,"axis":"y","origin":[8.17844,10.37564,-0.25]},"to":[14.81844,10.10564,-0.01]},{"faces":{"down":{"rotation":90,"texture":"#2","uv":[0,0,0.5,1]},"east":{"rotation":90,"texture":"#2","uv":[0,0,0.5,0.5]},"north":{"rotation":270,"texture":"#2","uv":[0,0,0.5,1]},"south":{"rotation":90,"texture":"#2","uv":[0,0,0.5,1]},"up":{"rotation":90,"texture":"#2","uv":[0,0,0.5,1]},"west":{"rotation":90,"texture":"#2","uv":[0,0,0.5,0.5]}},"from":[9.53326,9.81847,-0.49],"rotation":{"angle":22.5,"axis":"z","origin":[9.82126,9.96247,-0.346]},"to":[10.10926,10.10647,-0.01]},{"faces":{"down":{"texture":"#2","uv":[0,0,0.5,0.5]},"east":{"texture":"#2","uv":[0,0,0.5,1]},"north":{"texture":"#2","uv":[0,0,0.5,1]},"south":{"texture":"#2","uv":[0,0,0.5,1]},"up":{"texture":"#2","uv":[0,0,0.5,0.5]},"west":{"texture":"#2","uv":[0,0,0.5,1]}},"from":[9.21625,9.39183,-0.49],"rotation":{"angle":-45,"axis":"z","origin":[9.39825,9.67983,-0.346]},"to":[9.54225,9.96783,-0.01]},{"faces":{"down":{"texture":"#2","uv":[0,0,0.5,0.5]},"east":{"texture":"#2","uv":[0,0,0.5,1]},"north":{"texture":"#2","uv":[0,0,0.5,1]},"south":{"texture":"#2","uv":[0,0,0.5,1]},"up":{"texture":"#2","uv":[0,0,0.5,0.5]},"west":{"texture":"#2","uv":[0,0,0.5,1]}},"from":[8.97161,8.96882,-0.49],"rotation":{"angle":-22.5,"axis":"z","origin":[9.11561,9.25682,-0.346]},"to":[9.25961,9.54482,-0.01]},{"faces":{"down":{"texture":"#2","uv":[0.5,0,0,0.5]},"east":{"texture":"#2","uv":[0.5,0,0,1]},"north":{"texture":"#2","uv":[0.5,0,0,1]},"south":{"texture":"#2","uv":[0.5,0,0,1]},"up":{"texture":"#2","uv":[0.5,0,0,0.5]},"west":{"texture":"#2","uv":[0.5,0,0,1]}},"from":[8.98344,7.87564,-0.49],"rotation":{"angle":0,"axis":"z","origin":[9.14844,8.35564,-0.25]},"to":[9.13844,9.03564,-0.01]},{"faces":{"down":{"texture":"#2","uv":[0.5,0,0,0.5]},"east":{"texture":"#2","uv":[0.5,0,0,1]},"north":{"texture":"#2","uv":[0.5,0,0,1]},"south":{"texture":"#2","uv":[0.5,0,0,1]},"up":{"texture":"#2","uv":[0.5,0,0,0.5]},"west":{"texture":"#2","uv":[0.5,0,0,1]}},"from":[9.2311,6.08054,-0.49],"rotation":{"angle":22.5,"axis":"z","origin":[9.3961,7.31054,-0.25]},"to":[9.3861,7.99054,-0.01]},{"faces":{"down":{"texture":"#2","uv":[0.5,0,0,0.5]},"east":{"texture":"#2","uv":[0.5,0,0,1]},"north":{"texture":"#2","uv":[0.5,0,0,1]},"south":{"texture":"#2","uv":[0.5,0,0,1]},"up":{"texture":"#2","uv":[0.5,0,0,0.5]},"west":{"texture":"#2","uv":[0.5,0,0,1]}},"from":[10.14687,5.51687,-0.49],"rotation":{"angle":45,"axis":"z","origin":[10.31187,5.74687,-0.25]},"to":[10.30187,6.42687,-0.01]},{"faces":{"down":{"rotation":270,"texture":"#2","uv":[0.5,0,0,1]},"east":{"rotation":270,"texture":"#2","uv":[0.5,0,0,0.5]},"north":{"rotation":90,"texture":"#2","uv":[0.5,0,0,1]},"south":{"rotation":270,"texture":"#2","uv":[0.5,0,0,1]},"up":{"rotation":270,"texture":"#2","uv":[0.5,0,0,1]},"west":{"rotation":270,"texture":"#2","uv":[0.5,0,0,0.5]}},"from":[10.36921,5.19477,-0.49],"rotation":{"angle":-22.5,"axis":"z","origin":[11.04921,5.35977,-0.25]},"to":[11.25421,5.34977,-0.01]},{"faces":{"down":{"rotation":90,"texture":"#2","uv":[0.5,0,0,1]},"east":{"rotation":90,"texture":"#2","uv":[0.5,0,0,0.5]},"north":{"rotation":270,"texture":"#2","uv":[0.5,0,0,1]},"south":{"rotation":90,"texture":"#2","uv":[0.5,0,0,1]},"up":{"rotation":90,"texture":"#2","uv":[0.5,0,0,1]},"west":{"rotation":90,"texture":"#2","uv":[0.5,0,0,0.5]}},"from":[11.17546,5.12888,-0.49],"rotation":{"angle":0,"axis":"z","origin":[13.04898,5.1174,-0.25]},"to":[13.72898,5.2824,-0.01]},{"faces":{"down":{"rotation":90,"texture":"#2","uv":[0.5,0,0,1]},"east":{"rotation":90,"texture":"#2","uv":[0.5,0,0,0.5]},"north":{"rotation":270,"texture":"#2","uv":[0.5,0,0,1]},"south":{"rotation":90,"texture":"#2","uv":[0.5,0,0,1]},"up":{"rotation":90,"texture":"#2","uv":[0.5,0,0,1]},"west":{"rotation":90,"texture":"#2","uv":[0.5,0,0,0.5]}},"from":[13.73433,5.1205,-0.49],"rotation":{"angle":22.5,"axis":"z","origin":[13.71433,5.1105,-0.25]},"to":[14.39433,5.2755,-0.01]},{"faces":{"down":{"texture":"#2","uv":[0.5,0,0,0.5]},"east":{"texture":"#2","uv":[0.5,0,0,1]},"north":{"texture":"#2","uv":[0.5,0,0,1]},"south":{"texture":"#2","uv":[0.5,0,0,1]},"up":{"texture":"#2","uv":[0.5,0,0,0.5]},"west":{"texture":"#2","uv":[0.5,0,0,1]}},"from":[14.697,5.15908,-0.49],"rotation":{"angle":-45,"axis":"z","origin":[14.862,5.88908,-0.25]},"to":[14.852,6.56908,-0.01]},{"faces":{"down":{"texture":"#2","uv":[0.5,0,0,0.5]},"east":{"texture":"#2","uv":[0.5,0,0,1]},"north":{"texture":"#2","uv":[0.5,0,0,1]},"south":{"texture":"#2","uv":[0.5,0,0,1]},"up":{"texture":"#2","uv":[0.5,0,0,0.5]},"west":{"texture":"#2","uv":[0.5,0,0,1]}},"from":[15.36369,6.33662,-0.49],"rotation":{"angle":-22.5,"axis":"z","origin":[15.52869,6.81662,-0.25]},"to":[15.51869,7.49662,-0.01]},{"faces":{"down":{"texture":"#2","uv":[0.5,0,0,0.5]},"east":{"texture":"#2","uv":[0.5,0,0,1]},"north":{"texture":"#2","uv":[0.5,0,0,1]},"south":{"texture":"#2","uv":[0.5,0,0,1]},"up":{"texture":"#2","uv":[0.5,0,0,0.5]},"west":{"texture":"#2","uv":[0.5,0,0,1]}},"from":[15.62468,7.44869,-0.49],"rotation":{"angle":0,"axis":"z","origin":[15.78968,8.42869,-0.25]},"to":[15.77968,9.00869,-0.01]},{"faces":{"down":{"texture":"#2","uv":[0.5,0,0,0.5]},"east":{"texture":"#2","uv":[0.5,0,0,1]},"north":{"texture":"#2","uv":[0.5,0,0,1]},"south":{"texture":"#2","uv":[0.5,0,0,1]},"up":{"texture":"#2","uv":[0.5,0,0,0.5]},"west":{"texture":"#2","uv":[0.5,0,0,1]}},"from":[15.63157,9.01404,-0.49],"rotation":{"angle":22.5,"axis":"z","origin":[15.79657,8.99404,-0.25]},"to":[15.78657,9.57404,-0.01]},{"faces":{"down":{"texture":"#2","uv":[0.5,0,0,0.5]},"east":{"texture":"#2","uv":[0.5,0,0,1]},"north":{"texture":"#2","uv":[0.5,0,0,1]},"south":{"texture":"#2","uv":[0.5,0,0,1]},"up":{"texture":"#2","uv":[0.5,0,0,0.5]},"west":{"texture":"#2","uv":[0.5,0,0,1]}},"from":[15.21462,9.39183,-0.49],"rotation":{"angle":45,"axis":"z","origin":[15.35862,9.67983,-0.346]},"to":[15.54062,9.96783,-0.01]},{"faces":{"down":{"rotation":90,"texture":"#2","uv":[0,1,0.5,0]},"east":{"rotation":90,"texture":"#2","uv":[0,0.5,0.5,0]},"north":{"rotation":270,"texture":"#2","uv":[0,1,0.5,0]},"south":{"rotation":90,"texture":"#2","uv":[0,1,0.5,0]},"up":{"rotation":90,"texture":"#2","uv":[0,1,0.5,0]},"west":{"rotation":90,"texture":"#2","uv":[0,0.5,0.5,0]}},"from":[14.64761,9.81847,-0.49],"rotation":{"angle":-22.5,"axis":"z","origin":[14.93561,9.96247,-0.346]},"to":[15.22361,10.10647,-0.01]},{"faces":{"down":{"texture":"#2","uv":[8.5,0,0,0.5]},"east":{"texture":"#2","uv":[0.5,0,0,1]},"north":{"texture":"#2","uv":[8.5,0,0,1]},"south":{"texture":"#2","uv":[8.5,0,0,1]},"up":{"texture":"#2","uv":[8.5,0,0,0.5]},"west":{"texture":"#2","uv":[0.5,0,0,1]}},"from":[1.18156,9.89564,-0.49],"rotation":{"angle":0,"axis":"y","origin":[7.82156,10.37564,-0.25]},"to":[6.34156,10.10564,-0.01]},{"faces":{"down":{"rotation":90,"texture":"#2","uv":[0,1,0.5,0]},"east":{"rotation":90,"texture":"#2","uv":[0,0.5,0.5,0]},"north":{"rotation":270,"texture":"#2","uv":[0,1,0.5,0]},"south":{"rotation":90,"texture":"#2","uv":[0,1,0.5,0]},"up":{"rotation":90,"texture":"#2","uv":[0,1,0.5,0]},"west":{"rotation":90,"texture":"#2","uv":[0,0.5,0.5,0]}},"from":[5.89074,9.81847,-0.49],"rotation":{"angle":-22.5,"axis":"z","origin":[6.17874,9.96247,-0.346]},"to":[6.46674,10.10647,-0.01]},{"faces":{"down":{"texture":"#2","uv":[0.5,0,0,0.5]},"east":{"texture":"#2","uv":[0.5,0,0,1]},"north":{"texture":"#2","uv":[0.5,0,0,1]},"south":{"texture":"#2","uv":[0.5,0,0,1]},"up":{"texture":"#2","uv":[0.5,0,0,0.5]},"west":{"texture":"#2","uv":[0.5,0,0,1]}},"from":[6.45775,9.39183,-0.49],"rotation":{"angle":45,"axis":"z","origin":[6.60175,9.67983,-0.346]},"to":[6.78375,9.96783,-0.01]},{"faces":{"down":{"texture":"#2","uv":[0.5,0,0,0.5]},"east":{"texture":"#2","uv":[0.5,0,0,1]},"north":{"texture":"#2","uv":[0.5,0,0,1]},"south":{"texture":"#2","uv":[0.5,0,0,1]},"up":{"texture":"#2","uv":[0.5,0,0,0.5]},"west":{"texture":"#2","uv":[0.5,0,0,1]}},"from":[6.74039,8.96882,-0.49],"rotation":{"angle":22.5,"axis":"z","origin":[6.88439,9.25682,-0.346]},"to":[7.02839,9.54482,-0.01]},{"faces":{"down":{"texture":"#2","uv":[0,0,0.5,0.5]},"east":{"texture":"#2","uv":[0,0,0.5,1]},"north":{"texture":"#2","uv":[0,0,0.5,1]},"south":{"texture":"#2","uv":[0,0,0.5,1]},"up":{"texture":"#2","uv":[0,0,0.5,0.5]},"west":{"texture":"#2","uv":[0,0,0.5,1]}},"from":[6.86156,7.87564,-0.49],"rotation":{"angle":0,"axis":"z","origin":[6.85156,8.35564,-0.25]},"to":[7.01656,9.03564,-0.01]},{"faces":{"down":{"texture":"#2","uv":[0,0,0.5,0.5]},"east":{"texture":"#2","uv":[0,0,0.5,1]},"north":{"texture":"#2","uv":[0,0,0.5,1]},"south":{"texture":"#2","uv":[0,0,0.5,1]},"up":{"texture":"#2","uv":[0,0,0.5,0.5]},"west":{"texture":"#2","uv":[0,0,0.5,1]}},"from":[6.6139,6.08054,-0.49],"rotation":{"angle":-22.5,"axis":"z","origin":[6.6039,7.31054,-0.25]},"to":[6.7689,7.99054,-0.01]},{"faces":{"down":{"texture":"#2","uv":[0,0,0.5,0.5]},"east":{"texture":"#2","uv":[0,0,0.5,1]},"north":{"texture":"#2","uv":[0,0,0.5,1]},"south":{"texture":"#2","uv":[0,0,0.5,1]},"up":{"texture":"#2","uv":[0,0,0.5,0.5]},"west":{"texture":"#2","uv":[0,0,0.5,1]}},"from":[5.69813,5.51687,-0.49],"rotation":{"angle":-45,"axis":"z","origin":[5.68813,5.74687,-0.25]},"to":[5.85313,6.42687,-0.01]},{"faces":{"down":{"rotation":270,"texture":"#2","uv":[0.5,1,0,0]},"east":{"rotation":270,"texture":"#2","uv":[0.5,0.5,0,0]},"north":{"rotation":90,"texture":"#2","uv":[0.5,1,0,0]},"south":{"rotation":270,"texture":"#2","uv":[0.5,1,0,0]},"up":{"rotation":270,"texture":"#2","uv":[0.5,1,0,0]},"west":{"rotation":270,"texture":"#2","uv":[0.5,0.5,0,0]}},"from":[4.74579,5.19477,-0.49],"rotation":{"angle":22.5,"axis":"z","origin":[4.95079,5.35977,-0.25]},"to":[5.63079,5.34977,-0.01]},{"faces":{"down":{"rotation":90,"texture":"#2","uv":[0.5,1,0,0]},"east":{"rotation":90,"texture":"#2","uv":[0.5,0.5,0,0]},"north":{"rotation":270,"texture":"#2","uv":[0.5,1,0,0]},"south":{"rotation":90,"texture":"#2","uv":[0.5,1,0,0]},"up":{"rotation":90,"texture":"#2","uv":[0.5,1,0,0]},"west":{"rotation":90,"texture":"#2","uv":[0.5,0.5,0,0]}},"from":[2.27102,5.12888,-0.49],"rotation":{"angle":0,"axis":"z","origin":[2.95102,5.1174,-0.25]},"to":[4.82454,5.2824,-0.01]},{"faces":{"down":{"rotation":90,"texture":"#2","uv":[0.5,1,0,0]},"east":{"rotation":90,"texture":"#2","uv":[0.5,0.5,0,0]},"north":{"rotation":270,"texture":"#2","uv":[0.5,1,0,0]},"south":{"rotation":90,"texture":"#2","uv":[0.5,1,0,0]},"up":{"rotation":90,"texture":"#2","uv":[0.5,1,0,0]},"west":{"rotation":90,"texture":"#2","uv":[0.5,0.5,0,0]}},"from":[1.60567,5.1205,-0.49],"rotation":{"angle":-22.5,"axis":"z","origin":[2.28567,5.1105,-0.25]},"to":[2.26567,5.2755,-0.01]},{"faces":{"down":{"texture":"#2","uv":[0,0,0.5,0.5]},"east":{"texture":"#2","uv":[0,0,0.5,1]},"north":{"texture":"#2","uv":[0,0,0.5,1]},"south":{"texture":"#2","uv":[0,0,0.5,1]},"up":{"texture":"#2","uv":[0,0,0.5,0.5]},"west":{"texture":"#2","uv":[0,0,0.5,1]}},"from":[1.148,5.15908,-0.49],"rotation":{"angle":45,"axis":"z","origin":[1.138,5.88908,-0.25]},"to":[1.303,6.56908,-0.01]},{"faces":{"down":{"texture":"#2","uv":[0,0,0.5,0.5]},"east":{"texture":"#2","uv":[0,0,0.5,1]},"north":{"texture":"#2","uv":[0,0,0.5,1]},"south":{"texture":"#2","uv":[0,0,0.5,1]},"up":{"texture":"#2","uv":[0,0,0.5,0.5]},"west":{"texture":"#2","uv":[0,0,0.5,1]}},"from":[0.48131,6.33662,-0.49],"rotation":{"angle":22.5,"axis":"z","origin":[0.47131,6.81662,-0.25]},"to":[0.63631,7.49662,-0.01]},{"faces":{"down":{"texture":"#2","uv":[0,0,0.5,0.5]},"east":{"texture":"#2","uv":[0,0,0.5,1]},"north":{"texture":"#2","uv":[0,0,0.5,1]},"south":{"texture":"#2","uv":[0,0,0.5,1]},"up":{"texture":"#2","uv":[0,0,0.5,0.5]},"west":{"texture":"#2","uv":[0,0,0.5,1]}},"from":[0.22032,7.44869,-0.49],"rotation":{"angle":0,"axis":"z","origin":[0.21032,8.42869,-0.25]},"to":[0.37532,9.00869,-0.01]},{"faces":{"down":{"texture":"#2","uv":[0,0,0.5,0.5]},"east":{"texture":"#2","uv":[0,0,0.5,1]},"north":{"texture":"#2","uv":[0,0,0.5,1]},"south":{"texture":"#2","uv":[0,0,0.5,1]},"up":{"texture":"#2","uv":[0,0,0.5,0.5]},"west":{"texture":"#2","uv":[0,0,0.5,1]}},"from":[0.21343,9.01404,-0.49],"rotation":{"angle":-22.5,"axis":"z","origin":[0.20343,8.99404,-0.25]},"to":[0.36843,9.57404,-0.01]},{"faces":{"down":{"texture":"#2","uv":[0,0,0.5,0.5]},"east":{"texture":"#2","uv":[0,0,0.5,1]},"north":{"texture":"#2","uv":[0,0,0.5,1]},"south":{"texture":"#2","uv":[0,0,0.5,1]},"up":{"texture":"#2","uv":[0,0,0.5,0.5]},"west":{"texture":"#2","uv":[0,0,0.5,1]}},"from":[0.45938,9.39183,-0.49],"rotation":{"angle":-45,"axis":"z","origin":[0.64138,9.67983,-0.346]},"to":[0.78538,9.96783,-0.01]},{"faces":{"down":{"rotation":90,"texture":"#2","uv":[0,0,0.5,1]},"east":{"rotation":90,"texture":"#2","uv":[0,0,0.5,0.5]},"north":{"rotation":270,"texture":"#2","uv":[0,0,0.5,1]},"south":{"rotation":90,"texture":"#2","uv":[0,0,0.5,1]},"up":{"rotation":90,"texture":"#2","uv":[0,0,0.5,1]},"west":{"rotation":90,"texture":"#2","uv":[0,0,0.5,0.5]}},"from":[0.77639,9.81847,-0.49],"rotation":{"angle":22.5,"axis":"z","origin":[1.06439,9.96247,-0.346]},"to":[1.35239,10.10647,-0.01]},{"faces":{"down":{"texture":"#1_4","uv":[8.5,0,0,0.5]},"east":{"texture":"#1_4","uv":[0.5,0,0,1]},"north":{"texture":"#1_4","uv":[8.5,0,0,1]},"south":{"texture":"#1_4","uv":[8.5,0,0,1]},"up":{"texture":"#1_4","uv":[8.5,0,0,0.5]},"west":{"texture":"#1_4","uv":[0.5,0,0,1]}},"from":[2.13156,5.24564,-0.39],"rotation":{"angle":0,"axis":"y","origin":[7.82156,5.90064,-0.25]},"to":[4.99156,5.30564,-0.11]},{"faces":{"down":{"texture":"#1_4","uv":[8.5,0,0,0.5]},"east":{"texture":"#1_4","uv":[0.5,0,0,1]},"north":{"texture":"#1_4","uv":[8.5,0,0,1]},"south":{"texture":"#1_4","uv":[8.5,0,0,1]},"up":{"texture":"#1_4","uv":[8.5,0,0,0.5]},"west":{"texture":"#1_4","uv":[0.5,0,0,1]}},"from":[1.83156,5.34564,-0.39],"rotation":{"angle":0,"axis":"y","origin":[7.82156,6.00064,-0.25]},"to":[5.29156,5.40564,-0.11]},{"faces":{"down":{"texture":"#1_4","uv":[8.5,0,0,0.5]},"east":{"texture":"#1_4","uv":[0.5,0,0,1]},"north":{"texture":"#1_4","uv":[8.5,0,0,1]},"south":{"texture":"#1_4","uv":[8.5,0,0,1]},"up":{"texture":"#1_4","uv":[8.5,0,0,0.5]},"west":{"texture":"#1_4","uv":[0.5,0,0,1]}},"from":[2.03156,5.29564,-0.39],"rotation":{"angle":0,"axis":"y","origin":[7.82156,5.95064,-0.25]},"to":[5.09156,5.35564,-0.11]},{"faces":{"down":{"texture":"#1_4","uv":[8.5,0,0,0.5]},"east":{"texture":"#1_4","uv":[0.5,0,0,1]},"north":{"texture":"#1_4","uv":[8.5,0,0,1]},"south":{"texture":"#1_4","uv":[8.5,0,0,1]},"up":{"texture":"#1_4","uv":[8.5,0,0,0.5]},"west":{"texture":"#1_4","uv":[0.5,0,0,1]}},"from":[1.68156,5.44564,-0.39],"rotation":{"angle":0,"axis":"y","origin":[7.82156,6.10064,-0.25]},"to":[5.44156,5.50564,-0.11]},{"faces":{"down":{"texture":"#1_4","uv":[8.5,0,0,0.5]},"east":{"texture":"#1_4","uv":[0.5,0,0,1]},"north":{"texture":"#1_4","uv":[8.5,0,0,1]},"south":{"texture":"#1_4","uv":[8.5,0,0,1]},"up":{"texture":"#1_4","uv":[8.5,0,0,0.5]},"west":{"texture":"#1_4","uv":[0.5,0,0,1]}},"from":[1.68156,5.39564,-0.39],"rotation":{"angle":0,"axis":"y","origin":[7.82156,6.05064,-0.25]},"to":[5.44156,5.45564,-0.11]},{"faces":{"down":{"texture":"#1_4","uv":[8.5,0,0,0.5]},"east":{"texture":"#1_4","uv":[0.5,0,0,1]},"north":{"texture":"#1_4","uv":[8.5,0,0,1]},"south":{"texture":"#1_4","uv":[8.5,0,0,1]},"up":{"texture":"#1_4","uv":[8.5,0,0,0.5]},"west":{"texture":"#1_4","uv":[0.5,0,0,1]}},"from":[1.53156,5.49564,-0.39],"rotation":{"angle":0,"axis":"y","origin":[7.82156,6.27564,-0.25]},"to":[5.71656,5.68064,-0.11]},{"faces":{"down":{"texture":"#1_4","uv":[8.5,0,0,0.5]},"east":{"texture":"#1_4","uv":[0.5,0,0,1]},"north":{"texture":"#1_4","uv":[8.5,0,0,1]},"south":{"texture":"#1_4","uv":[8.5,0,0,1]},"up":{"texture":"#1_4","uv":[8.5,0,0,0.5]},"west":{"texture":"#1_4","uv":[0.5,0,0,1]}},"from":[1.40656,5.67064,-0.39],"rotation":{"angle":0,"axis":"y","origin":[7.82156,6.45064,-0.25]},"to":[5.84156,5.85564,-0.11]},{"faces":{"down":{"texture":"#1_4","uv":[8.5,0,0,0.5]},"east":{"texture":"#1_4","uv":[0.5,0,0,1]},"north":{"texture":"#1_4","uv":[8.5,0,0,1]},"south":{"texture":"#1_4","uv":[8.5,0,0,1]},"up":{"texture":"#1_4","uv":[8.5,0,0,0.5]},"west":{"texture":"#1_4","uv":[0.5,0,0,1]}},"from":[1.23156,5.84564,-0.39],"rotation":{"angle":0,"axis":"y","origin":[7.82156,6.62564,-0.25]},"to":[6.01656,6.03064,-0.11]},{"faces":{"down":{"texture":"#1_4","uv":[8.5,0,0,0.5]},"east":{"texture":"#1_4","uv":[0.5,0,0,1]},"north":{"texture":"#1_4","uv":[8.5,0,0,1]},"south":{"texture":"#1_4","uv":[8.5,0,0,1]},"up":{"texture":"#1_4","uv":[8.5,0,0,0.5]},"west":{"texture":"#1_4","uv":[0.5,0,0,1]}},"from":[1.03156,6.02064,-0.39],"rotation":{"angle":0,"axis":"y","origin":[7.82156,6.80064,-0.25]},"to":[6.19156,6.20564,-0.11]},{"faces":{"down":{"texture":"#1_4","uv":[8.5,0,0,0.5]},"east":{"texture":"#1_4","uv":[0.5,0,0,1]},"north":{"texture":"#1_4","uv":[8.5,0,0,1]},"south":{"texture":"#1_4","uv":[8.5,0,0,1]},"up":{"texture":"#1_4","uv":[8.5,0,0,0.5]},"west":{"texture":"#1_4","uv":[0.5,0,0,1]}},"from":[0.85656,6.19564,-0.39],"rotation":{"angle":0,"axis":"y","origin":[7.82156,6.97564,-0.25]},"to":[6.34156,6.38064,-0.11]},{"faces":{"down":{"texture":"#1_4","uv":[8.5,0,0,0.5]},"east":{"texture":"#1_4","uv":[0.5,0,0,1]},"north":{"texture":"#1_4","uv":[8.5,0,0,1]},"south":{"texture":"#1_4","uv":[8.5,0,0,1]},"up":{"texture":"#1_4","uv":[8.5,0,0,0.5]},"west":{"texture":"#1_4","uv":[0.5,0,0,1]}},"from":[0.66656,6.37064,-0.39],"rotation":{"angle":0,"axis":"y","origin":[2.42156,6.97564,-0.25]},"to":[6.39156,6.50564,-0.11]},{"faces":{"down":{"texture":"#1_4","uv":[8.5,0,0,0.5]},"east":{"texture":"#1_4","uv":[0.5,0,0,1]},"north":{"texture":"#1_4","uv":[8.5,0,0,1]},"south":{"texture":"#1_4","uv":[8.5,0,0,1]},"up":{"texture":"#1_4","uv":[8.5,0,0,0.5]},"west":{"texture":"#1_4","uv":[0.5,0,0,1]}},"from":[0.60656,6.49564,-0.39],"rotation":{"angle":0,"axis":"y","origin":[7.82156,7.27564,-0.25]},"to":[6.44156,6.80564,-0.11]},{"faces":{"down":{"texture":"#1_4","uv":[8.5,0,0,0.5]},"east":{"texture":"#1_4","uv":[0.5,0,0,1]},"north":{"texture":"#1_4","uv":[8.5,0,0,1]},"south":{"texture":"#1_4","uv":[8.5,0,0,1]},"up":{"texture":"#1_4","uv":[8.5,0,0,0.5]},"west":{"texture":"#1_4","uv":[0.5,0,0,1]}},"from":[0.53156,6.79564,-0.39],"rotation":{"angle":0,"axis":"y","origin":[7.82156,7.57564,-0.25]},"to":[6.54156,7.10564,-0.11]},{"faces":{"down":{"texture":"#1_4","uv":[8.5,0,0,0.5]},"east":{"texture":"#1_4","uv":[0.5,0,0,1]},"north":{"texture":"#1_4","uv":[8.5,0,0,1]},"south":{"texture":"#1_4","uv":[8.5,0,0,1]},"up":{"texture":"#1_4","uv":[8.5,0,0,0.5]},"west":{"texture":"#1_4","uv":[0.5,0,0,1]}},"from":[0.38156,7.09564,-0.39],"rotation":{"angle":0,"axis":"y","origin":[7.82156,7.87564,-0.25]},"to":[6.69156,7.40564,-0.11]},{"faces":{"down":{"texture":"#1_4","uv":[8.5,0,0,0.5]},"east":{"texture":"#1_4","uv":[0.5,0,0,1]},"north":{"texture":"#1_4","uv":[8.5,0,0,1]},"south":{"texture":"#1_4","uv":[8.5,0,0,1]},"up":{"texture":"#1_4","uv":[8.5,0,0,0.5]},"west":{"texture":"#1_4","uv":[0.5,0,0,1]}},"from":[0.28156,7.39564,-0.39],"rotation":{"angle":0,"axis":"y","origin":[7.82156,8.17564,-0.25]},"to":[6.79156,7.70564,-0.11]},{"faces":{"down":{"texture":"#1_4","uv":[8.5,0,0,0.5]},"east":{"texture":"#1_4","uv":[0.5,0,0,1]},"north":{"texture":"#1_4","uv":[8.5,0,0,1]},"south":{"texture":"#1_4","uv":[8.5,0,0,1]},"up":{"texture":"#1_4","uv":[8.5,0,0,0.5]},"west":{"texture":"#1_4","uv":[0.5,0,0,1]}},"from":[0.28156,7.69564,-0.39],"rotation":{"angle":0,"axis":"y","origin":[7.82156,10.37564,-0.25]},"to":[6.94156,9.90564,-0.11]}],"groups":[0,1,2,3,4,5,6,7,8,9,10,11,12,13,14,15,16,17,18,19,20,21,22,{"children":[23,24,25,26,27,28],"name":"ucho","origin":[-0.125,9.94312,8.47795]},{"children":[29,30,31,32,33,34],"name":"ucho","origin":[-0.125,9.94312,8.47795]},{"children":[35,36,37],"name":"decor","origin":[0.12929,10.33787,-0.55]},{"children":[38,39,40],"name":"decor","origin":[0.12929,10.33787,-0.55]},{"children":[41,42,43,44,45,46,47,48,49,50,51,52,53,54,55,56],"name":"glass","origin":[8.17844,10.37564,-0.25]},{"children":[57,58,59,60,61,62,63,64,65,66,67,68,69,70,71,72],"name":"obod","origin":[14.93561,9.96247,-0.346]},{"children":[73,74,75,76,77,78,79,80,81,82,83,84,85,86,87,88],"name":"obod","origin":[14.93561,9.96247,-0.346]},{"children":[89,90,91,92,93,94,95,96,97,98,99,100,101,102,103,104],"name":"glass","origin":[8.17844,10.37564,-0.25]}],"textures":{"1_4":"block/black_concrete","2":"block/yellow_concrete"}}