{"credit":"","display":{"firstperson_lefthand":{"rotation":[-10,128,15],"scale":[0.47,0.46,0.45],"translation":[3.5,1.5,-3.5]},"firstperson_righthand":{"rotation":[-10,128,15],"scale":[0.47,0.46,0.45],"translation":[3.5,1.5,-3.5]},"fixed":{"rotation":[-90,0,0],"translation":[0,0,-8]},"ground":{"scale":[0.47,0.46,0.45]},"gui":{"rotation":[45,133,0],"scale":[0.61,0.62,0.61]},"head":{"scale":[1.2,1.2,1.2],"translation":[0,16,0]},"thirdperson_lefthand":{"rotation":[-10,128,15],"scale":[0.31,0.3,0.32],"translation":[-1,1,-1.5]},"thirdperson_righthand":{"rotation":[-10,128,15],"scale":[0.31,0.3,0.32],"translation":[0,1,-1.5]}},"elements":[{"faces":{"down":{"rotation":270,"texture":"#0","uv":[0,0,8,1]},"east":{"texture":"#0","uv":[0,0,1,1]},"north":{"texture":"#0","uv":[0,0,8,1]},"south":{"texture":"#0","uv":[0,0,8,1]},"up":{"rotation":90,"texture":"#0","uv":[4,3,5,11]},"west":{"texture":"#0","uv":[0,0,1,1]}},"from":[4,0,16],"to":[12,1,17]},{"faces":{"down":{"rotation":270,"texture":"#0","uv":[0,0,1,8]},"east":{"texture":"#0","uv":[0,0,8,1]},"north":{"texture":"#0","uv":[0,0,1,1]},"south":{"texture":"#0","uv":[0,0,1,1]},"up":{"rotation":90,"texture":"#0","uv":[3,5,10.999,6]},"west":{"texture":"#0","uv":[0,0,8,1]}},"from":[16,0,4],"to":[17,1,12]},{"faces":{"down":{"rotation":270,"texture":"#0","uv":[0,0,12,2]},"east":{"texture":"#0","uv":[0,0,2,1]},"north":{"texture":"#0","uv":[0,0,12,1]},"south":{"texture":"#0","uv":[0,0,12,1]},"up":{"rotation":90,"texture":"#0","uv":[2,1,3.999,9]},"west":{"texture":"#0","uv":[0,0,2,1]}},"from":[2,0,14],"to":[14,1,16]},{"faces":{"down":{"rotation":270,"texture":"#0","uv":[0,0,16,12]},"east":{"texture":"#0","uv":[0,0,12,1]},"north":{"texture":"#0","uv":[0,0,16,1]},"south":{"texture":"#0","uv":[0,0,16,1]},"up":{"rotation":90,"texture":"#0","uv":[0,0,16,12]},"west":{"texture":"#0","uv":[0,0,12,1]}},"from":[0,0,2],"to":[16,1,14]},{"faces":{"down":{"rotation":270,"texture":"#0","uv":[0,0,1,8]},"east":{"texture":"#0","uv":[0,0,8,1]},"north":{"texture":"#0","uv":[0,0,1,1]},"south":{"texture":"#0","uv":[0,0,1,1]},"up":{"rotation":90,"texture":"#0","uv":[3,2,10.999,3]},"west":{"texture":"#0","uv":[0,0,8,1]}},"from":[-1,0,4],"to":[0,1,12]},{"faces":{"down":{"rotation":270,"texture":"#0","uv":[0,0,8,1]},"east":{"texture":"#0","uv":[0,0,1,1]},"north":{"texture":"#0","uv":[0,0,8,1]},"south":{"texture":"#0","uv":[0,0,8,1]},"up":{"rotation":90,"texture":"#0","uv":[0,0,1,8]},"west":{"texture":"#0","uv":[0,0,1,1]}},"from":[4,0,-1],"to":[12,1,0]},{"faces":{"down":{"rotation":270,"texture":"#0","uv":[0,0,8,9.1]},"east":{"texture":"#0","uv":[0,0,9.1,2]},"north":{"texture":"#0","uv":[0,0,8,2]},"south":{"texture":"#0","uv":[0,0,8,2]},"up":{"rotation":90,"texture":"#0","uv":[0,0,8,9.1]},"west":{"texture":"#0","uv":[0,0,9.1,2]}},"from":[4,1,3.15],"to":[12,3,12.25]},{"faces":{"down":{"rotation":270,"texture":"#0","uv":[0,0,9.175,8]},"east":{"texture":"#0","uv":[0,0,8,2]},"north":{"texture":"#0","uv":[0,0,9.175,2]},"south":{"texture":"#0","uv":[0,0,9.175,2]},"up":{"rotation":90,"texture":"#0","uv":[0,0,9.175,8]},"west":{"texture":"#0","uv":[0,0,8,2]}},"from":[3.425,1,3.75],"to":[12.6,3,11.75]},{"faces":{"down":{"rotation":270,"texture":"#0","uv":[0,0,8,8]},"east":{"texture":"#0","uv":[0,0,8,4]},"north":{"texture":"#0","uv":[0,0,8,4]},"south":{"texture":"#0","uv":[0,0,8,4]},"up":{"rotation":90,"texture":"#0","uv":[0,0,8,8]},"west":{"texture":"#0","uv":[0,0,8,4]}},"from":[4,1,3.75],"to":[12,5,11.75]},{"faces":{"down":{"rotation":270,"texture":"#0","uv":[6,5.25,10,11.25]},"east":{"texture":"#0","uv":[5.25,8,11.25,13]},"north":{"texture":"#0","uv":[6,8,10,13]},"south":{"texture":"#0","uv":[6,8,10,13]},"up":{"rotation":90,"texture":"#0","uv":[6,4.75,10,10.75]},"west":{"texture":"#0","uv":[4.75,8,10.75,13]}},"from":[6,3,4.75],"to":[10,8,10.75]},{"faces":{"down":{"rotation":270,"texture":"#0","uv":[5,6.25,11,10.25]},"east":{"texture":"#0","uv":[6.25,8,10.25,13]},"north":{"texture":"#0","uv":[5,8,11,13]},"south":{"texture":"#0","uv":[5,8,11,13]},"up":{"rotation":90,"texture":"#0","uv":[5,5.75,11,9.75]},"west":{"texture":"#0","uv":[5.75,8,9.75,13]}},"from":[5,3,5.75],"to":[11,8,9.75]},{"faces":{"down":{"texture":"#0","uv":[4.75,6.25,10,10.25]},"east":{"texture":"#0","uv":[4.75,5,10,8]},"north":{"texture":"#0","uv":[6.25,5,10.25,8]},"south":{"texture":"#0","uv":[5.75,5,9.75,8]},"up":{"texture":"#0","uv":[4.75,5.75,10,9.75]},"west":{"texture":"#0","uv":[6,5,11.25,8]}},"from":[6,8,7.25],"rotation":{"angle":0,"axis":"y","origin":[8.25,8,9]},"to":[10,11,12.25]},{"faces":{"down":{"texture":"#0","uv":[4.75,6.25,6.75,7.75]},"east":{"texture":"#0","uv":[4.75,5,6.25,7]},"north":{"texture":"#0","uv":[6.25,5,8.25,7]},"south":{"texture":"#0","uv":[5.75,5,7.75,7]},"up":{"texture":"#0","uv":[4.75,5.75,6.75,7.25]},"west":{"texture":"#0","uv":[6,5,7.5,7]}},"from":[7,8,5.75],"rotation":{"angle":0,"axis":"y","origin":[8.25,8,4]},"to":[9,10,7.25]},{"faces":{"down":{"texture":"#0","uv":[4.75,6.25,7.75,9.25]},"east":{"texture":"#0","uv":[4.75,5,7.75,8]},"north":{"texture":"#0","uv":[6.25,5,9.25,8]},"south":{"texture":"#0","uv":[5.75,5,8.75,8]},"up":{"texture":"#0","uv":[4.75,5.75,7.75,8.75]},"west":{"texture":"#0","uv":[6,5,9,8]}},"from":[6.5,7.5,11.75],"rotation":{"angle":0,"axis":"y","origin":[8.25,7.5,13.5]},"to":[9.5,10.5,14.75]},{"faces":{"down":{"texture":"#0","uv":[4.75,6.25,6.75,8.25]},"east":{"texture":"#0","uv":[4.75,5,6.75,8]},"north":{"texture":"#0","uv":[6.25,5,8.25,8]},"south":{"texture":"#0","uv":[5.75,5,7.75,8]},"up":{"texture":"#0","uv":[4.75,5.75,6.75,7.75]},"west":{"texture":"#0","uv":[6,5,8,8]}},"from":[7,6.75,14],"rotation":{"angle":0,"axis":"y","origin":[8.25,6.75,15.75]},"to":[9,9.75,16]},{"faces":{"down":{"texture":"#0","uv":[0,0,1.9,1]},"east":{"texture":"#0","uv":[0,0,1.9,3]},"north":{"texture":"#0","uv":[0,0,1,3]},"south":{"texture":"#0","uv":[0,0,1,3]},"up":{"texture":"#0","uv":[0,0,1.9,1]},"west":{"texture":"#0","uv":[0,0,1.9,3]}},"from":[7.6,4.5,15.2],"rotation":{"angle":0,"axis":"y","origin":[8.25,2.5,10.5]},"to":[8.6,7.5,17.1]},{"faces":{"down":{"rotation":270,"texture":"#0","uv":[0,0,12,2]},"east":{"texture":"#0","uv":[0,0,2,1]},"north":{"texture":"#0","uv":[0,0,12,1]},"south":{"texture":"#0","uv":[0,0,12,1]},"up":{"rotation":90,"texture":"#0","uv":[2,1,3.999,9]},"west":{"texture":"#0","uv":[0,0,2,1]}},"from":[2,0,0],"to":[14,1,2]},{"faces":{"down":{"texture":"#1","uv":[3.175,4,12.85,12.5]},"east":{"texture":"#1","uv":[4,13.5,12.5,15]},"north":{"texture":"#1","uv":[3.15,13.5,12.825,15]},"south":{"texture":"#1","uv":[3.175,13.5,12.85,15]},"up":{"texture":"#1","uv":[3.175,3.5,12.85,12]},"west":{"texture":"#1","uv":[3.5,13.5,12,15]}},"from":[3.175,1,3.5],"to":[12.85,2.5,12]},{"faces":{"down":{"texture":"#1","uv":[3.75,3.5,12.25,13.1]},"east":{"texture":"#1","uv":[3.5,13.5,13.1,15]},"north":{"texture":"#1","uv":[3.75,13.5,12.25,15]},"south":{"texture":"#1","uv":[3.75,13.5,12.25,15]},"up":{"texture":"#1","uv":[3.75,2.9,12.25,12.5]},"west":{"texture":"#1","uv":[2.9,13.5,12.5,15]}},"from":[3.75,1,2.9],"to":[12.25,2.5,12.5]}],"textures":{"0":"block/light_gray_wool","1":"block/white_wool","particle":"block/black_wool"}}