{
	"credit": "Made with Blockbench",
	"textures": {
		"0": "block/black_wool",
		"1": "block/white_terracotta",
		"2": "block/white_wool",
		"particle": "block/black_wool"
	},
	"elements": [
		{
			"from": [0, -2, 8],
			"to": [1, 5, 9],
			"rotation": {"angle": 0, "axis": "y", "origin": [8, 8, 16]},
			"faces": {
				"north": {"uv": [0, 0, 1, 7], "texture": "#2"},
				"east": {"uv": [0, 0, 1, 7], "texture": "#2"},
				"south": {"uv": [0, 0, 1, 7], "texture": "#2"},
				"west": {"uv": [0, 0, 1, 7], "texture": "#2"},
				"up": {"uv": [0, 0, 3, 1], "texture": "#2"},
				"down": {"uv": [0, 0, 1, 1], "texture": "#2"}
			}
		},
		{
			"from": [1, -2, 8],
			"to": [6, -1, 9],
			"rotation": {"angle": 0, "axis": "y", "origin": [9, 8, 16]},
			"faces": {
				"north": {"uv": [0, 0, 5, 1], "texture": "#2"},
				"east": {"uv": [0, 0, 1, 1], "texture": "#2"},
				"south": {"uv": [0, 0, 5, 1], "texture": "#2"},
				"west": {"uv": [0, 0, 1, 1], "texture": "#2"},
				"up": {"uv": [0, 0, 3, 1], "texture": "#2"},
				"down": {"uv": [0, 0, 5, 1], "texture": "#2"}
			}
		},
		{
			"from": [1, -1, 9],
			"to": [5, 2, 10],
			"rotation": {"angle": 0, "axis": "y", "origin": [11, 8, 17]},
			"faces": {
				"north": {"uv": [0, 0, 4, 3], "texture": "#1"},
				"east": {"uv": [0, 0, 1, 3], "texture": "#2"},
				"south": {"uv": [0, 0, 4, 3], "texture": "#2"},
				"west": {"uv": [0, 0, 1, 3], "texture": "#2"},
				"up": {"uv": [0, 0, 3, 1], "texture": "#2"},
				"down": {"uv": [0, 0, 4, 1], "texture": "#2"}
			}
		},
		{
			"from": [3, 2, 9],
			"to": [4, 4, 10],
			"rotation": {"angle": 0, "axis": "y", "origin": [12, 11, 17]},
			"faces": {
				"north": {"uv": [0, 0, 1, 2], "texture": "#1"},
				"east": {"uv": [0, 0, 1, 2], "texture": "#2"},
				"south": {"uv": [0, 0, 1, 2], "texture": "#2"},
				"west": {"uv": [0, 0, 1, 2], "texture": "#2"},
				"up": {"uv": [0, 0, 3, 1], "texture": "#2"},
				"down": {"uv": [0, 0, 1, 1], "texture": "#2"}
			}
		},
		{
			"from": [1, 2, 9],
			"to": [3, 5, 10],
			"rotation": {"angle": 0, "axis": "y", "origin": [11, 11, 17]},
			"faces": {
				"north": {"uv": [0, 0, 2, 3], "texture": "#1"},
				"east": {"uv": [0, 0, 1, 3], "texture": "#2"},
				"south": {"uv": [0, 0, 2, 3], "texture": "#2"},
				"west": {"uv": [0, 0, 1, 3], "texture": "#2"},
				"up": {"uv": [0, 0, 3, 1], "texture": "#2"},
				"down": {"uv": [0, 0, 2, 1], "texture": "#2"}
			}
		},
		{
			"from": [0, 5, 8],
			"to": [3, 6, 9],
			"rotation": {"angle": 0, "axis": "y", "origin": [10, 13, 16]},
			"faces": {
				"north": {"uv": [0, 0, 3, 1], "texture": "#2"},
				"east": {"uv": [0, 0, 1, 1], "texture": "#2"},
				"south": {"uv": [0, 0, 3, 1], "texture": "#2"},
				"west": {"uv": [0, 0, 1, 1], "texture": "#2"},
				"up": {"uv": [0, 0, 3, 1], "texture": "#2"},
				"down": {"uv": [0, 0, 3, 1], "texture": "#2"}
			}
		},
		{
			"from": [3, 4, 8],
			"to": [4, 5, 9],
			"rotation": {"angle": 0, "axis": "y", "origin": [11, 12, 16]},
			"faces": {
				"north": {"uv": [0, 0, 1, 1], "texture": "#2"},
				"east": {"uv": [0, 0, 1, 1], "texture": "#2"},
				"south": {"uv": [0, 0, 1, 1], "texture": "#2"},
				"west": {"uv": [0, 0, 1, 1], "texture": "#2"},
				"up": {"uv": [0, 0, 3, 1], "texture": "#2"},
				"down": {"uv": [0, 0, 1, 1], "texture": "#2"}
			}
		},
		{
			"from": [4, 2, 8],
			"to": [5, 4, 9],
			"rotation": {"angle": 0, "axis": "y", "origin": [12, 10, 16]},
			"faces": {
				"north": {"uv": [0, 0, 1, 2], "texture": "#2"},
				"east": {"uv": [0, 0, 1, 2], "texture": "#2"},
				"south": {"uv": [0, 0, 1, 2], "texture": "#2"},
				"west": {"uv": [0, 0, 1, 2], "texture": "#2"},
				"up": {"uv": [0, 0, 3, 1], "texture": "#2"},
				"down": {"uv": [0, 0, 1, 1], "texture": "#2"}
			}
		},
		{
			"from": [5, -1, 8],
			"to": [6, 2, 9],
			"rotation": {"angle": 0, "axis": "y", "origin": [13, 8, 16]},
			"faces": {
				"north": {"uv": [0, 0, 1, 3], "texture": "#2"},
				"east": {"uv": [0, 0, 1, 3], "texture": "#2"},
				"south": {"uv": [0, 0, 1, 3], "texture": "#2"},
				"west": {"uv": [0, 0, 1, 3], "texture": "#2"},
				"up": {"uv": [0, 0, 3, 1], "texture": "#2"},
				"down": {"uv": [0, 0, 1, 1], "texture": "#2"}
			}
		},
		{
			"from": [2.25, 9.25, 8.1],
			"to": [2.5, 10.75, 8.35],
			"rotation": {"angle": 22.5, "axis": "z", "origin": [10.25, 2.25, 16.1]},
			"faces": {
				"north": {"uv": [3, 0.25, 4.5, 0], "rotation": 90, "texture": "#2"},
				"east": {"uv": [3, 0.25, 4.5, 0], "rotation": 270, "texture": "#2"},
				"south": {"uv": [3, 0.25, 4.5, 0], "rotation": 270, "texture": "#2"},
				"west": {"uv": [3, 0.25, 4.5, 0], "rotation": 270, "texture": "#2"},
				"up": {"uv": [1, 0.25, 1.25, 0], "rotation": 270, "texture": "#2"},
				"down": {"uv": [1, 0.25, 1.25, 0], "rotation": 270, "texture": "#2"}
			}
		},
		{
			"from": [1.25, 2, 8.1],
			"to": [2.75, 2.25, 8.35],
			"rotation": {"angle": -22.5, "axis": "z", "origin": [9.75, 10, 16.1]},
			"faces": {
				"north": {"uv": [4.5, 0, 3, 0.25], "texture": "#2"},
				"east": {"uv": [1.25, 0, 1, 0.25], "texture": "#2"},
				"south": {"uv": [4.5, 0, 3, 0.25], "texture": "#2"},
				"west": {"uv": [1.25, 0, 1, 0.25], "texture": "#2"},
				"up": {"uv": [4.5, 0, 3, 0.25], "texture": "#2"},
				"down": {"uv": [4.5, 0, 3, 0.25], "texture": "#2"}
			}
		},
		{
			"from": [2.25, -1.75, 8.1],
			"to": [3.75, -1.5, 8.35],
			"rotation": {"angle": -45, "axis": "z", "origin": [10.75, 6.25, 16.1]},
			"faces": {
				"north": {"uv": [4.5, 0, 3, 0.25], "texture": "#2"},
				"east": {"uv": [1.25, 0, 1, 0.25], "texture": "#2"},
				"south": {"uv": [4.5, 0, 3, 0.25], "texture": "#2"},
				"west": {"uv": [1.25, 0, 1, 0.25], "texture": "#2"},
				"up": {"uv": [4.5, 0, 3, 0.25], "texture": "#2"},
				"down": {"uv": [4.5, 0, 3, 0.25], "texture": "#2"}
			}
		},
		{
			"from": [7, 2.75, 8.1],
			"to": [7.25, 4.25, 8.35],
			"rotation": {"angle": 22.5, "axis": "z", "origin": [15, -4.25, 16.1]},
			"faces": {
				"north": {"uv": [3, 0.25, 4.5, 0], "rotation": 90, "texture": "#2"},
				"east": {"uv": [3, 0.25, 4.5, 0], "rotation": 270, "texture": "#2"},
				"south": {"uv": [3, 0.25, 4.5, 0], "rotation": 270, "texture": "#2"},
				"west": {"uv": [3, 0.25, 4.5, 0], "rotation": 270, "texture": "#2"},
				"up": {"uv": [1, 0.25, 1.25, 0], "rotation": 270, "texture": "#2"},
				"down": {"uv": [1, 0.25, 1.25, 0], "rotation": 270, "texture": "#2"}
			}
		},
		{
			"from": [6, -4.5, 8.1],
			"to": [7.5, -4.25, 8.35],
			"rotation": {"angle": -22.5, "axis": "z", "origin": [14.5, 3.5, 16.1]},
			"faces": {
				"north": {"uv": [3, 0.25, 4.5, 0], "rotation": 90, "texture": "#2"},
				"east": {"uv": [1.25, 0, 1, 0.25], "texture": "#2"},
				"south": {"uv": [4.5, 0, 3, 0.25], "texture": "#2"},
				"west": {"uv": [1.25, 0, 1, 0.25], "texture": "#2"},
				"up": {"uv": [4.5, 0, 3, 0.25], "texture": "#2"},
				"down": {"uv": [4.5, 0, 3, 0.25], "texture": "#2"}
			}
		},
		{
			"from": [7, -8.25, 8.1],
			"to": [8.5, -8, 8.35],
			"rotation": {"angle": -45, "axis": "z", "origin": [15.5, -0.25, 16.1]},
			"faces": {
				"north": {"uv": [3, 0.25, 4.5, 0], "rotation": 90, "texture": "#2"},
				"east": {"uv": [1.25, 0, 1, 0.25], "texture": "#2"},
				"south": {"uv": [4.5, 0, 3, 0.25], "texture": "#2"},
				"west": {"uv": [1.25, 0, 1, 0.25], "texture": "#2"},
				"up": {"uv": [4.5, 0, 3, 0.25], "texture": "#2"},
				"down": {"uv": [4.5, 0, 3, 0.25], "texture": "#2"}
			}
		},
		{
			"from": [15, -2, 8],
			"to": [16, 5, 9],
			"rotation": {"angle": 0, "axis": "y", "origin": [8, 8, 16]},
			"faces": {
				"north": {"uv": [1, 0, 2, 7], "texture": "#0"},
				"east": {"uv": [1, 0, 2, 7], "texture": "#0"},
				"south": {"uv": [1, 0, 2, 7], "texture": "#0"},
				"west": {"uv": [1, 0, 2, 7], "texture": "#0"},
				"up": {"uv": [1, 0, 2, 1], "texture": "#0"},
				"down": {"uv": [1, 0, 2, 1], "texture": "#0"}
			}
		},
		{
			"from": [10, -2, 8],
			"to": [15, -1, 9],
			"rotation": {"angle": 0, "axis": "y", "origin": [7, 8, 16]},
			"faces": {
				"north": {"uv": [5, 0, 10, 1], "texture": "#0"},
				"east": {"uv": [1, 0, 2, 1], "texture": "#0"},
				"south": {"uv": [5, 0, 10, 1], "texture": "#0"},
				"west": {"uv": [1, 0, 2, 1], "texture": "#0"},
				"up": {"uv": [5, 0, 10, 1], "texture": "#0"},
				"down": {"uv": [5, 0, 10, 1], "texture": "#0"}
			}
		},
		{
			"from": [11, -1, 9],
			"to": [15, 2, 10],
			"rotation": {"angle": 0, "axis": "y", "origin": [5, 8, 17]},
			"faces": {
				"north": {"uv": [4, 0, 8, 3], "texture": "#1"},
				"east": {"uv": [1, 0, 2, 3], "texture": "#0"},
				"south": {"uv": [4, 0, 8, 3], "texture": "#0"},
				"west": {"uv": [1, 0, 2, 3], "texture": "#0"},
				"up": {"uv": [4, 0, 8, 1], "texture": "#0"},
				"down": {"uv": [4, 0, 8, 1], "texture": "#0"}
			}
		},
		{
			"from": [12, 2, 9],
			"to": [13, 4, 10],
			"rotation": {"angle": 0, "axis": "y", "origin": [4, 11, 17]},
			"faces": {
				"north": {"uv": [1, 0, 2, 2], "texture": "#1"},
				"east": {"uv": [1, 0, 2, 2], "texture": "#0"},
				"south": {"uv": [1, 0, 2, 2], "texture": "#0"},
				"west": {"uv": [1, 0, 2, 2], "texture": "#0"},
				"up": {"uv": [1, 0, 2, 1], "texture": "#0"},
				"down": {"uv": [1, 0, 2, 1], "texture": "#0"}
			}
		},
		{
			"from": [13, 2, 9],
			"to": [15, 5, 10],
			"rotation": {"angle": 0, "axis": "y", "origin": [5, 11, 17]},
			"faces": {
				"north": {"uv": [2, 0, 4, 3], "texture": "#1"},
				"east": {"uv": [1, 0, 2, 3], "texture": "#0"},
				"south": {"uv": [2, 0, 4, 3], "texture": "#0"},
				"west": {"uv": [1, 0, 2, 3], "texture": "#0"},
				"up": {"uv": [2, 0, 4, 1], "texture": "#0"},
				"down": {"uv": [2, 0, 4, 1], "texture": "#0"}
			}
		},
		{
			"from": [13, 5, 8],
			"to": [16, 6, 9],
			"rotation": {"angle": 0, "axis": "y", "origin": [6, 13, 16]},
			"faces": {
				"north": {"uv": [3, 0, 6, 1], "texture": "#0"},
				"east": {"uv": [1, 0, 2, 1], "texture": "#0"},
				"south": {"uv": [3, 0, 6, 1], "texture": "#0"},
				"west": {"uv": [1, 0, 2, 1], "texture": "#0"},
				"up": {"uv": [3, 0, 6, 1], "texture": "#0"},
				"down": {"uv": [3, 0, 6, 1], "texture": "#0"}
			}
		},
		{
			"from": [13.5, 9.25, 8.1],
			"to": [13.75, 10.75, 8.35],
			"rotation": {"angle": -22.5, "axis": "z", "origin": [5.75, 2.25, 16.1]},
			"faces": {
				"north": {"uv": [3, 0, 4.5, 0.25], "rotation": 90, "texture": "#0"},
				"east": {"uv": [3, 0, 4.5, 0.25], "rotation": 270, "texture": "#0"},
				"south": {"uv": [3, 0, 4.5, 0.25], "rotation": 270, "texture": "#0"},
				"west": {"uv": [3, 0, 4.5, 0.25], "rotation": 270, "texture": "#0"},
				"up": {"uv": [1, 0, 1.25, 0.25], "rotation": 270, "texture": "#0"},
				"down": {"uv": [1, 0, 1.25, 0.25], "rotation": 270, "texture": "#0"}
			}
		},
		{
			"from": [13.25, 2, 8.1],
			"to": [14.75, 2.25, 8.35],
			"rotation": {"angle": 22.5, "axis": "z", "origin": [6.25, 10, 16.1]},
			"faces": {
				"north": {"uv": [3, 0, 4.5, 0.25], "rotation": 90, "texture": "#0"},
				"east": {"uv": [1, 0, 1.25, 0.25], "texture": "#0"},
				"south": {"uv": [3, 0, 4.5, 0.25], "texture": "#0"},
				"west": {"uv": [1, 0, 1.25, 0.25], "texture": "#0"},
				"up": {"uv": [3, 0, 4.5, 0.25], "texture": "#0"},
				"down": {"uv": [3, 0, 4.5, 0.25], "texture": "#0"}
			}
		},
		{
			"from": [12.25, -1.75, 8.1],
			"to": [13.75, -1.5, 8.35],
			"rotation": {"angle": 45, "axis": "z", "origin": [5.25, 6.25, 16.1]},
			"faces": {
				"north": {"uv": [3, 0, 4.5, 0.25], "rotation": 90, "texture": "#0"},
				"east": {"uv": [1, 0, 1.25, 0.25], "texture": "#0"},
				"south": {"uv": [3, 0, 4.5, 0.25], "texture": "#0"},
				"west": {"uv": [1, 0, 1.25, 0.25], "texture": "#0"},
				"up": {"uv": [3, 0, 4.5, 0.25], "texture": "#0"},
				"down": {"uv": [3, 0, 4.5, 0.25], "texture": "#0"}
			}
		},
		{
			"from": [8.75, 2.75, 8.1],
			"to": [9, 4.25, 8.35],
			"rotation": {"angle": -22.5, "axis": "z", "origin": [1, -4.25, 16.1]},
			"faces": {
				"north": {"uv": [3, 0, 4.5, 0.25], "rotation": 90, "texture": "#0"},
				"east": {"uv": [3, 0, 4.5, 0.25], "rotation": 270, "texture": "#0"},
				"south": {"uv": [3, 0, 4.5, 0.25], "rotation": 270, "texture": "#0"},
				"west": {"uv": [3, 0, 4.5, 0.25], "rotation": 270, "texture": "#0"},
				"up": {"uv": [1, 0, 1.25, 0.25], "rotation": 270, "texture": "#0"},
				"down": {"uv": [1, 0, 1.25, 0.25], "rotation": 270, "texture": "#0"}
			}
		},
		{
			"from": [8.5, -4.5, 8.1],
			"to": [10, -4.25, 8.35],
			"rotation": {"angle": 22.5, "axis": "z", "origin": [1.5, 3.5, 16.1]},
			"faces": {
				"north": {"uv": [3, 0, 4.5, 0.25], "rotation": 90, "texture": "#0"},
				"east": {"uv": [1, 0, 1.25, 0.25], "texture": "#0"},
				"south": {"uv": [3, 0, 4.5, 0.25], "texture": "#0"},
				"west": {"uv": [1, 0, 1.25, 0.25], "texture": "#0"},
				"up": {"uv": [3, 0, 4.5, 0.25], "texture": "#0"},
				"down": {"uv": [3, 0, 4.5, 0.25], "texture": "#0"}
			}
		},
		{
			"from": [7.5, -8.25, 8.1],
			"to": [9, -8, 8.35],
			"rotation": {"angle": 45, "axis": "z", "origin": [0.5, -0.25, 16.1]},
			"faces": {
				"north": {"uv": [3, 0, 4.5, 0.25], "rotation": 90, "texture": "#0"},
				"east": {"uv": [1, 0, 1.25, 0.25], "texture": "#0"},
				"south": {"uv": [3, 0, 4.5, 0.25], "texture": "#0"},
				"west": {"uv": [1, 0, 1.25, 0.25], "texture": "#0"},
				"up": {"uv": [3, 0, 4.5, 0.25], "texture": "#0"},
				"down": {"uv": [3, 0, 4.5, 0.25], "texture": "#0"}
			}
		},
		{
			"from": [12, 4, 8],
			"to": [13, 5, 9],
			"rotation": {"angle": 0, "axis": "y", "origin": [5, 12, 16]},
			"faces": {
				"north": {"uv": [1, 0, 2, 1], "texture": "#0"},
				"east": {"uv": [1, 0, 2, 1], "texture": "#0"},
				"south": {"uv": [1, 0, 2, 1], "texture": "#0"},
				"west": {"uv": [1, 0, 2, 1], "texture": "#0"},
				"up": {"uv": [1, 0, 2, 1], "texture": "#0"},
				"down": {"uv": [1, 0, 2, 1], "texture": "#0"}
			}
		},
		{
			"from": [11, 2, 8],
			"to": [12, 4, 9],
			"rotation": {"angle": 0, "axis": "y", "origin": [4, 10, 16]},
			"faces": {
				"north": {"uv": [1, 0, 2, 2], "texture": "#0"},
				"east": {"uv": [1, 0, 2, 2], "texture": "#0"},
				"south": {"uv": [1, 0, 2, 2], "texture": "#0"},
				"west": {"uv": [1, 0, 2, 2], "texture": "#0"},
				"up": {"uv": [1, 0, 2, 1], "texture": "#0"},
				"down": {"uv": [1, 0, 2, 1], "texture": "#0"}
			}
		},
		{
			"from": [10, -1, 8],
			"to": [11, 2, 9],
			"rotation": {"angle": 0, "axis": "y", "origin": [3, 8, 16]},
			"faces": {
				"north": {"uv": [1, 0, 2, 3], "texture": "#0"},
				"east": {"uv": [1, 0, 2, 3], "texture": "#0"},
				"south": {"uv": [1, 0, 2, 3], "texture": "#0"},
				"west": {"uv": [1, 0, 2, 3], "texture": "#0"},
				"up": {"uv": [1, 0, 2, 1], "texture": "#0"},
				"down": {"uv": [1, 0, 2, 1], "texture": "#0"}
			}
		}
	],
	"display": {
		"thirdperson_righthand": {
			"translation": [0, 2.5, 1.5],
			"scale": [0.2707, 0.2707, 0.2707]
		},
		"thirdperson_lefthand": {
			"translation": [0, 2.5, 1.5],
			"scale": [0.2707, 0.2707, 0.2707]
		},
		"firstperson_righthand": {
			"translation": [2, 2.5, 1.5],
			"scale": [0.2707, 0.2707, 0.2707]
		},
		"firstperson_lefthand": {
			"translation": [2, 2.5, 1.5],
			"scale": [0.2707, 0.2707, 0.2707]
		},
		"ground": {
			"rotation": [90, 0, 0],
			"translation": [1.25, -2.75, 6.25],
			"scale": [0.4, 0.4, 0.4]
		},
		"gui": {
			"rotation": [21.5, 128, 0],
			"translation": [-0.75, 5.75, 0]
		},
		"head": {
			"translation": [0, 14.25, -1.25]
		},
		"fixed": {
			"translation": [0.75, 7, -1.5]
		}
	},
	"groups": [
		{
			"name": "group",
			"origin": [13, 8, 16],
			"children": [0, 1, 2, 3, 4, 5, 6, 7, 8,
				{
					"name": "group",
					"origin": [4.25, 6.25, 16.1],
					"children": [9, 10, 11]
				},
				{
					"name": "group",
					"origin": [4.25, 6.25, 16.1],
					"children": [12, 13, 14]
				}
			]
		},
		{
			"name": "group",
			"origin": [13, 8, 16],
			"children": [15, 16, 17, 18, 19, 20,
				{
					"name": "group",
					"origin": [4.25, 6.25, 16.1],
					"children": [21, 22, 23,
						{
							"name": "group",
							"origin": [4.25, 6.25, 16.1],
							"children": [24, 25, 26]
						}
					]
				}, 27, 28, 29]
		}
	]
}