{"credit":"","display":{"firstperson_lefthand":{"scale":[0.2707,0.2707,0.2707],"translation":[2,2.5,1.5]},"firstperson_righthand":{"scale":[0.2707,0.2707,0.2707],"translation":[2,2.5,1.5]},"fixed":{"translation":[0.75,7,-1.5]},"ground":{"rotation":[90,0,0],"scale":[0.4,0.4,0.4],"translation":[1.25,-2.75,6.25]},"gui":{"rotation":[21.5,128,0],"translation":[-0.75,5.75,0]},"head":{"translation":[0,14.25,-1.25]},"thirdperson_lefthand":{"scale":[0.2707,0.2707,0.2707],"translation":[0,2.5,1.5]},"thirdperson_righthand":{"scale":[0.2707,0.2707,0.2707],"translation":[0,2.5,1.5]}},"elements":[{"faces":{"down":{"texture":"#0","uv":[0,0,1,1]},"east":{"texture":"#0","uv":[0,0,1,7]},"north":{"texture":"#0","uv":[0,0,1,7]},"south":{"texture":"#0","uv":[0,0,1,7]},"up":{"texture":"#0","uv":[0,0,1,1]},"west":{"texture":"#0","uv":[0,0,1,7]}},"from":[0,-2,8],"rotation":{"angle":0,"axis":"y","origin":[8,8,16]},"to":[1,5,9]},{"faces":{"down":{"texture":"#0","uv":[0,0,5,1]},"east":{"texture":"#0","uv":[0,0,1,1]},"north":{"texture":"#0","uv":[0,0,5,1]},"south":{"texture":"#0","uv":[0,0,5,1]},"up":{"texture":"#0","uv":[0,0,5,1]},"west":{"texture":"#0","uv":[0,0,1,1]}},"from":[1,-2,8],"rotation":{"angle":0,"axis":"y","origin":[9,8,16]},"to":[6,-1,9]},{"faces":{"down":{"texture":"#0","uv":[0,0,4,1]},"east":{"texture":"#0","uv":[0,0,1,3]},"north":{"texture":"#1","uv":[0,0,4,3]},"south":{"texture":"#0","uv":[0,0,4,3]},"up":{"texture":"#0","uv":[0,0,4,1]},"west":{"texture":"#0","uv":[0,0,1,3]}},"from":[1,-1,9],"rotation":{"angle":0,"axis":"y","origin":[11,8,17]},"to":[5,2,10]},{"faces":{"down":{"texture":"#0","uv":[0,0,1,1]},"east":{"texture":"#0","uv":[0,0,1,2]},"north":{"texture":"#1","uv":[0,0,1,2]},"south":{"texture":"#0","uv":[0,0,1,2]},"up":{"texture":"#0","uv":[0,0,1,1]},"west":{"texture":"#0","uv":[0,0,1,2]}},"from":[3,2,9],"rotation":{"angle":0,"axis":"y","origin":[12,11,17]},"to":[4,4,10]},{"faces":{"down":{"texture":"#0","uv":[0,0,2,1]},"east":{"texture":"#0","uv":[0,0,1,3]},"north":{"texture":"#1","uv":[0,0,2,3]},"south":{"texture":"#0","uv":[0,0,2,3]},"up":{"texture":"#0","uv":[0,0,2,1]},"west":{"texture":"#0","uv":[0,0,1,3]}},"from":[1,2,9],"rotation":{"angle":0,"axis":"y","origin":[11,11,17]},"to":[3,5,10]},{"faces":{"down":{"texture":"#0","uv":[0,0,3,1]},"east":{"texture":"#0","uv":[0,0,1,1]},"north":{"texture":"#0","uv":[0,0,3,1]},"south":{"texture":"#0","uv":[0,0,3,1]},"up":{"texture":"#0","uv":[0,0,3,1]},"west":{"texture":"#0","uv":[0,0,1,1]}},"from":[0,5,8],"rotation":{"angle":0,"axis":"y","origin":[10,13,16]},"to":[3,6,9]},{"faces":{"down":{"texture":"#0","uv":[0,0,1,1]},"east":{"texture":"#0","uv":[0,0,1,1]},"north":{"texture":"#0","uv":[0,0,1,1]},"south":{"texture":"#0","uv":[0,0,1,1]},"up":{"texture":"#0","uv":[0,0,1,1]},"west":{"texture":"#0","uv":[0,0,1,1]}},"from":[3,4,8],"rotation":{"angle":0,"axis":"y","origin":[11,12,16]},"to":[4,5,9]},{"faces":{"down":{"texture":"#0","uv":[0,0,1,1]},"east":{"texture":"#0","uv":[0,0,1,2]},"north":{"texture":"#0","uv":[0,0,1,2]},"south":{"texture":"#0","uv":[0,0,1,2]},"up":{"texture":"#0","uv":[0,0,1,1]},"west":{"texture":"#0","uv":[0,0,1,2]}},"from":[4,2,8],"rotation":{"angle":0,"axis":"y","origin":[12,10,16]},"to":[5,4,9]},{"faces":{"down":{"texture":"#0","uv":[0,0,1,1]},"east":{"texture":"#0","uv":[0,0,1,3]},"north":{"texture":"#0","uv":[0,0,1,3]},"south":{"texture":"#0","uv":[0,0,1,3]},"up":{"texture":"#0","uv":[0,0,1,1]},"west":{"texture":"#0","uv":[0,0,1,3]}},"from":[5,-1,8],"rotation":{"angle":0,"axis":"y","origin":[13,8,16]},"to":[6,2,9]},{"faces":{"down":{"rotation":270,"texture":"#0","uv":[1,0.25,1.25,0]},"east":{"rotation":270,"texture":"#0","uv":[3,0.25,4.5,0]},"north":{"rotation":90,"texture":"#0","uv":[3,0.25,4.5,0]},"south":{"rotation":270,"texture":"#0","uv":[3,0.25,4.5,0]},"up":{"rotation":270,"texture":"#0","uv":[1,0.25,1.25,0]},"west":{"rotation":270,"texture":"#0","uv":[3,0.25,4.5,0]}},"from":[2.25,9.25,8.1],"rotation":{"angle":22.5,"axis":"z","origin":[10.25,2.25,16.1]},"to":[2.5,10.75,8.35]},{"faces":{"down":{"texture":"#0","uv":[4.5,0,3,0.25]},"east":{"texture":"#0","uv":[1.25,0,1,0.25]},"north":{"texture":"#0","uv":[4.5,0,3,0.25]},"south":{"texture":"#0","uv":[4.5,0,3,0.25]},"up":{"texture":"#0","uv":[4.5,0,3,0.25]},"west":{"texture":"#0","uv":[1.25,0,1,0.25]}},"from":[1.25,2,8.1],"rotation":{"angle":-22.5,"axis":"z","origin":[9.75,10,16.1]},"to":[2.75,2.25,8.35]},{"faces":{"down":{"texture":"#0","uv":[4.5,0,3,0.25]},"east":{"texture":"#0","uv":[1.25,0,1,0.25]},"north":{"texture":"#0","uv":[4.5,0,3,0.25]},"south":{"texture":"#0","uv":[4.5,0,3,0.25]},"up":{"texture":"#0","uv":[4.5,0,3,0.25]},"west":{"texture":"#0","uv":[1.25,0,1,0.25]}},"from":[2.25,-1.75,8.1],"rotation":{"angle":-45,"axis":"z","origin":[10.75,6.25,16.1]},"to":[3.75,-1.5,8.35]},{"faces":{"down":{"rotation":270,"texture":"#0","uv":[1,0.25,1.25,0]},"east":{"rotation":270,"texture":"#0","uv":[3,0.25,4.5,0]},"north":{"rotation":90,"texture":"#0","uv":[3,0.25,4.5,0]},"south":{"rotation":270,"texture":"#0","uv":[3,0.25,4.5,0]},"up":{"rotation":270,"texture":"#0","uv":[1,0.25,1.25,0]},"west":{"rotation":270,"texture":"#0","uv":[3,0.25,4.5,0]}},"from":[7,2.75,8.1],"rotation":{"angle":22.5,"axis":"z","origin":[15,-4.25,16.1]},"to":[7.25,4.25,8.35]},{"faces":{"down":{"texture":"#0","uv":[4.5,0,3,0.25]},"east":{"texture":"#0","uv":[1.25,0,1,0.25]},"north":{"rotation":90,"texture":"#0","uv":[3,0.25,4.5,0]},"south":{"texture":"#0","uv":[4.5,0,3,0.25]},"up":{"texture":"#0","uv":[4.5,0,3,0.25]},"west":{"texture":"#0","uv":[1.25,0,1,0.25]}},"from":[6,-4.5,8.1],"rotation":{"angle":-22.5,"axis":"z","origin":[14.5,3.5,16.1]},"to":[7.5,-4.25,8.35]},{"faces":{"down":{"texture":"#0","uv":[4.5,0,3,0.25]},"east":{"texture":"#0","uv":[1.25,0,1,0.25]},"north":{"rotation":90,"texture":"#0","uv":[3,0.25,4.5,0]},"south":{"texture":"#0","uv":[4.5,0,3,0.25]},"up":{"texture":"#0","uv":[4.5,0,3,0.25]},"west":{"texture":"#0","uv":[1.25,0,1,0.25]}},"from":[7,-8.25,8.1],"rotation":{"angle":-45,"axis":"z","origin":[15.5,-0.25,16.1]},"to":[8.5,-8,8.35]},{"faces":{"down":{"texture":"#0","uv":[1,0,2,1]},"east":{"texture":"#0","uv":[1,0,2,7]},"north":{"texture":"#0","uv":[1,0,2,7]},"south":{"texture":"#0","uv":[1,0,2,7]},"up":{"texture":"#0","uv":[1,0,2,1]},"west":{"texture":"#0","uv":[1,0,2,7]}},"from":[15,-2,8],"rotation":{"angle":0,"axis":"y","origin":[8,8,16]},"to":[16,5,9]},{"faces":{"down":{"texture":"#0","uv":[5,0,10,1]},"east":{"texture":"#0","uv":[1,0,2,1]},"north":{"texture":"#0","uv":[5,0,10,1]},"south":{"texture":"#0","uv":[5,0,10,1]},"up":{"texture":"#0","uv":[5,0,10,1]},"west":{"texture":"#0","uv":[1,0,2,1]}},"from":[10,-2,8],"rotation":{"angle":0,"axis":"y","origin":[7,8,16]},"to":[15,-1,9]},{"faces":{"down":{"texture":"#0","uv":[4,0,8,1]},"east":{"texture":"#0","uv":[1,0,2,3]},"north":{"texture":"#1","uv":[4,0,8,3]},"south":{"texture":"#0","uv":[4,0,8,3]},"up":{"texture":"#0","uv":[4,0,8,1]},"west":{"texture":"#0","uv":[1,0,2,3]}},"from":[11,-1,9],"rotation":{"angle":0,"axis":"y","origin":[5,8,17]},"to":[15,2,10]},{"faces":{"down":{"texture":"#0","uv":[1,0,2,1]},"east":{"texture":"#0","uv":[1,0,2,2]},"north":{"texture":"#1","uv":[1,0,2,2]},"south":{"texture":"#0","uv":[1,0,2,2]},"up":{"texture":"#0","uv":[1,0,2,1]},"west":{"texture":"#0","uv":[1,0,2,2]}},"from":[12,2,9],"rotation":{"angle":0,"axis":"y","origin":[4,11,17]},"to":[13,4,10]},{"faces":{"down":{"texture":"#0","uv":[2,0,4,1]},"east":{"texture":"#0","uv":[1,0,2,3]},"north":{"texture":"#1","uv":[2,0,4,3]},"south":{"texture":"#0","uv":[2,0,4,3]},"up":{"texture":"#0","uv":[2,0,4,1]},"west":{"texture":"#0","uv":[1,0,2,3]}},"from":[13,2,9],"rotation":{"angle":0,"axis":"y","origin":[5,11,17]},"to":[15,5,10]},{"faces":{"down":{"texture":"#0","uv":[3,0,6,1]},"east":{"texture":"#0","uv":[1,0,2,1]},"north":{"texture":"#0","uv":[3,0,6,1]},"south":{"texture":"#0","uv":[3,0,6,1]},"up":{"texture":"#0","uv":[3,0,6,1]},"west":{"texture":"#0","uv":[1,0,2,1]}},"from":[13,5,8],"rotation":{"angle":0,"axis":"y","origin":[6,13,16]},"to":[16,6,9]},{"faces":{"down":{"rotation":270,"texture":"#0","uv":[1,0,1.25,0.25]},"east":{"rotation":270,"texture":"#0","uv":[3,0,4.5,0.25]},"north":{"rotation":90,"texture":"#0","uv":[3,0,4.5,0.25]},"south":{"rotation":270,"texture":"#0","uv":[3,0,4.5,0.25]},"up":{"rotation":270,"texture":"#0","uv":[1,0,1.25,0.25]},"west":{"rotation":270,"texture":"#0","uv":[3,0,4.5,0.25]}},"from":[13.5,9.25,8.1],"rotation":{"angle":-22.5,"axis":"z","origin":[5.75,2.25,16.1]},"to":[13.75,10.75,8.35]},{"faces":{"down":{"texture":"#0","uv":[3,0,4.5,0.25]},"east":{"texture":"#0","uv":[1,0,1.25,0.25]},"north":{"rotation":90,"texture":"#0","uv":[3,0,4.5,0.25]},"south":{"texture":"#0","uv":[3,0,4.5,0.25]},"up":{"texture":"#0","uv":[3,0,4.5,0.25]},"west":{"texture":"#0","uv":[1,0,1.25,0.25]}},"from":[13.25,2,8.1],"rotation":{"angle":22.5,"axis":"z","origin":[6.25,10,16.1]},"to":[14.75,2.25,8.35]},{"faces":{"down":{"texture":"#0","uv":[3,0,4.5,0.25]},"east":{"texture":"#0","uv":[1,0,1.25,0.25]},"north":{"rotation":90,"texture":"#0","uv":[3,0,4.5,0.25]},"south":{"texture":"#0","uv":[3,0,4.5,0.25]},"up":{"texture":"#0","uv":[3,0,4.5,0.25]},"west":{"texture":"#0","uv":[1,0,1.25,0.25]}},"from":[12.25,-1.75,8.1],"rotation":{"angle":45,"axis":"z","origin":[5.25,6.25,16.1]},"to":[13.75,-1.5,8.35]},{"faces":{"down":{"rotation":270,"texture":"#0","uv":[1,0,1.25,0.25]},"east":{"rotation":270,"texture":"#0","uv":[3,0,4.5,0.25]},"north":{"rotation":90,"texture":"#0","uv":[3,0,4.5,0.25]},"south":{"rotation":270,"texture":"#0","uv":[3,0,4.5,0.25]},"up":{"rotation":270,"texture":"#0","uv":[1,0,1.25,0.25]},"west":{"rotation":270,"texture":"#0","uv":[3,0,4.5,0.25]}},"from":[8.75,2.75,8.1],"rotation":{"angle":-22.5,"axis":"z","origin":[1,-4.25,16.1]},"to":[9,4.25,8.35]},{"faces":{"down":{"texture":"#0","uv":[3,0,4.5,0.25]},"east":{"texture":"#0","uv":[1,0,1.25,0.25]},"north":{"rotation":90,"texture":"#0","uv":[3,0,4.5,0.25]},"south":{"texture":"#0","uv":[3,0,4.5,0.25]},"up":{"texture":"#0","uv":[3,0,4.5,0.25]},"west":{"texture":"#0","uv":[1,0,1.25,0.25]}},"from":[8.5,-4.5,8.1],"rotation":{"angle":22.5,"axis":"z","origin":[1.5,3.5,16.1]},"to":[10,-4.25,8.35]},{"faces":{"down":{"texture":"#0","uv":[3,0,4.5,0.25]},"east":{"texture":"#0","uv":[1,0,1.25,0.25]},"north":{"rotation":90,"texture":"#0","uv":[3,0,4.5,0.25]},"south":{"texture":"#0","uv":[3,0,4.5,0.25]},"up":{"texture":"#0","uv":[3,0,4.5,0.25]},"west":{"texture":"#0","uv":[1,0,1.25,0.25]}},"from":[7.5,-8.25,8.1],"rotation":{"angle":45,"axis":"z","origin":[0.5,-0.25,16.1]},"to":[9,-8,8.35]},{"faces":{"down":{"texture":"#0","uv":[1,0,2,1]},"east":{"texture":"#0","uv":[1,0,2,1]},"north":{"texture":"#0","uv":[1,0,2,1]},"south":{"texture":"#0","uv":[1,0,2,1]},"up":{"texture":"#0","uv":[1,0,2,1]},"west":{"texture":"#0","uv":[1,0,2,1]}},"from":[12,4,8],"rotation":{"angle":0,"axis":"y","origin":[5,12,16]},"to":[13,5,9]},{"faces":{"down":{"texture":"#0","uv":[1,0,2,1]},"east":{"texture":"#0","uv":[1,0,2,2]},"north":{"texture":"#0","uv":[1,0,2,2]},"south":{"texture":"#0","uv":[1,0,2,2]},"up":{"texture":"#0","uv":[1,0,2,1]},"west":{"texture":"#0","uv":[1,0,2,2]}},"from":[11,2,8],"rotation":{"angle":0,"axis":"y","origin":[4,10,16]},"to":[12,4,9]},{"faces":{"down":{"texture":"#0","uv":[1,0,2,1]},"east":{"texture":"#0","uv":[1,0,2,3]},"north":{"texture":"#0","uv":[1,0,2,3]},"south":{"texture":"#0","uv":[1,0,2,3]},"up":{"texture":"#0","uv":[1,0,2,1]},"west":{"texture":"#0","uv":[1,0,2,3]}},"from":[10,-1,8],"rotation":{"angle":0,"axis":"y","origin":[3,8,16]},"to":[11,2,9]}],"groups":[{"children":[0,1,2,3,4,5,6,7,8,{"children":[9,10,11],"name":"group","origin":[4.25,6.25,16.1]},{"children":[12,13,14],"name":"group","origin":[4.25,6.25,16.1]}],"name":"group","origin":[13,8,16]},{"children":[15,16,17,18,19,20,{"children":[21,22,23,{"children":[24,25,26],"name":"group","origin":[4.25,6.25,16.1]}],"name":"group","origin":[4.25,6.25,16.1]},27,28,29],"name":"group","origin":[13,8,16]}],"textures":{"0":"block/light_blue_wool","1":"block/white_terracotta","particle":"block/light_blue_wool"}}