{"credit":"Made with Blockbench","display":{"firstperson_lefthand":{"rotation":[0,-82.5,55.25],"translation":[0,7,0]},"firstperson_righthand":{"rotation":[0,-80.5,57.25],"translation":[0,7.5,0]},"fixed":{"rotation":[-64,1,-1],"scale":[2.20313,2.20313,2.20313],"translation":[-1.75,0,-14]},"ground":{"rotation":[-50.75,-40.5,-20.25],"translation":[0,5.5,-3.75]},"gui":{"rotation":[-61,5,64],"scale":[1.29297,1.29297,1.29297],"translation":[-6,-1.75,0]},"head":{"rotation":[-58.75,0,0],"scale":[2,2,2],"translation":[-2,10.75,-18.75]},"thirdperson_lefthand":{"rotation":[-170.25,271.25,283],"scale":[0.80664,0.80664,0.80664],"translation":[0,-2,-5]},"thirdperson_righthand":{"rotation":[-92.25,-85,0],"scale":[0.80664,0.80664,0.80664],"translation":[1.25,-3,-4.75]}},"elements":[{"faces":{"down":{"texture":"#0","uv":[11,11,13,13]},"east":{"texture":"#0","uv":[12,11,14,13]},"north":{"texture":"#0","uv":[6,9,8,11]},"south":{"texture":"#0","uv":[11,10,13,12]},"up":{"texture":"#0","uv":[10,11,12,13]},"west":{"texture":"#0","uv":[12,12,14,14]}},"from":[5.5001,0,7],"to":[7.5001,2,9]},{"faces":{"down":{"texture":"#0","uv":[11,12,13,13.75]},"east":{"texture":"#0","uv":[12,11,13.75,13]},"north":{"texture":"#0","uv":[7,4,9,6]},"south":{"texture":"#0","uv":[5,9,7,11]},"up":{"texture":"#0","uv":[8,9,10,10.75]},"west":{"texture":"#0","uv":[6,7,7.75,9]}},"from":[5.5,1,6.55],"to":[7.5,3,8.3]},{"faces":{"down":{"rotation":180,"texture":"#1","uv":[0,0,0.3,0.2]},"east":{"rotation":90,"texture":"#1","uv":[0,0,1.75,0.2]},"north":{"rotation":180,"texture":"#1","uv":[0,0,0.3,1.75]},"south":{"texture":"#1","uv":[0,0,0.3,1.75]},"up":{"texture":"#1","uv":[0,0,0.3,0.2]},"west":{"rotation":270,"texture":"#1","uv":[2,5,3.75,5.2]}},"from":[5.4,0.25,7.45],"rotation":{"angle":45,"axis":"x","origin":[5,1,8]},"to":[5.7,2,7.65]},{"faces":{"down":{"rotation":180,"texture":"#1","uv":[0,0,0.3,0.2]},"east":{"rotation":90,"texture":"#1","uv":[4,5,5.75,5.2]},"north":{"rotation":180,"texture":"#1","uv":[0,0,0.3,1.75]},"south":{"texture":"#1","uv":[0,0,0.3,1.75]},"up":{"texture":"#1","uv":[0,0,0.3,0.2]},"west":{"rotation":270,"texture":"#1","uv":[0,0,1.75,0.2]}},"from":[7.35,0.25,7.45],"rotation":{"angle":45,"axis":"x","origin":[5,1,8]},"to":[7.65,2,7.65]},{"faces":{"down":{"texture":"#1","uv":[0,0,2.25,0.2]},"east":{"rotation":270,"texture":"#1","uv":[4,5,4.05,5.2]},"north":{"rotation":270,"texture":"#1","uv":[4,5,4.05,7.25]},"south":{"rotation":270,"texture":"#1","uv":[5,5,5.05,7.25]},"up":{"rotation":180,"texture":"#1","uv":[2,5,4.25,5.2]},"west":{"rotation":90,"texture":"#1","uv":[5,6,5.05,6.2]}},"from":[5.39838,0.82946,6.87217],"rotation":{"angle":-22.5,"axis":"x","origin":[6.52338,0.90446,6.97217]},"to":[7.64838,0.92946,7.07217]},{"faces":{"down":{"texture":"#1","uv":[0,0,0.1,0.3]},"east":{"texture":"#1","uv":[3,5,3.3,5.3]},"north":{"texture":"#1","uv":[0,0,0.1,0.3]},"south":{"texture":"#1","uv":[0,0,0.1,0.3]},"up":{"texture":"#1","uv":[0,0,0.1,0.3]},"west":{"texture":"#1","uv":[0,0,0.3,0.3]}},"from":[7.55,0.8,6.8],"rotation":{"angle":22.5,"axis":"y","origin":[7.5,1,7]},"to":[7.65,1.1,7.1]},{"faces":{"down":{"texture":"#1","uv":[0,0,0.1,0.3]},"east":{"texture":"#1","uv":[0,0,0.3,0.3]},"north":{"texture":"#1","uv":[0,0,0.1,0.3]},"south":{"texture":"#1","uv":[0,0,0.1,0.3]},"up":{"texture":"#1","uv":[0,0,0.1,0.3]},"west":{"texture":"#1","uv":[6,15,6.3,15.3]}},"from":[5.35,0.8,6.8],"rotation":{"angle":-22.5,"axis":"y","origin":[5.4,0.95,6.95]},"to":[5.45,1.1,7.1]},{"faces":{"down":{"texture":"#0","uv":[8,9,9.5,10.25]},"east":{"texture":"#0","uv":[0,13,1.25,15]},"north":{"texture":"#0","uv":[14,14,15.5,16]},"south":{"texture":"#0","uv":[5,5,6.5,7]},"up":{"texture":"#0","uv":[2,12,3.5,13.25]},"west":{"texture":"#0","uv":[3,4,4.25,6]}},"from":[5.75,3,7.05],"rotation":{"angle":22.5,"axis":"x","origin":[6.5,4,7.425]},"to":[7.25,5,8.55]},{"faces":{"down":{"texture":"#0","uv":[8,9,9.5,10.25]},"east":{"texture":"#0","uv":[0,13,1.25,15]},"north":{"texture":"#0","uv":[14,14,15.5,16]},"south":{"texture":"#0","uv":[5,5,6.5,7]},"up":{"texture":"#0","uv":[2,12,3.5,13.25]},"west":{"texture":"#0","uv":[3,4,4.25,6]}},"from":[5.74925,4.65427,8.2802],"rotation":{"angle":45,"axis":"x","origin":[6.49925,5.65427,8.6552]},"to":[7.24925,6.65427,9.5302]},{"faces":{"down":{"rotation":90,"texture":"#1","uv":[0,0,0.05,2.25]},"east":{"texture":"#1","uv":[0,0,0.05,0.2]},"north":{"texture":"#1","uv":[2,5,4.25,5.2]},"south":{"texture":"#1","uv":[0,0,2.25,0.2]},"up":{"rotation":270,"texture":"#1","uv":[0,0,0.05,2.25]},"west":{"texture":"#1","uv":[0,0,0.05,0.2]}},"from":[5.39856,2.0521,8.19935],"rotation":{"angle":45,"axis":"x","origin":[6.52356,2.1521,8.32435]},"to":[7.64856,2.2521,8.44935]},{"faces":{"down":{"texture":"#1","uv":[2,12,3.5,12.25]},"east":{"texture":"#1","uv":[1,10,1.25,10.25]},"north":{"texture":"#1","uv":[9,14,10.5,14.25]},"south":{"texture":"#1","uv":[5,2,6.5,2.25]},"up":{"texture":"#1","uv":[6,9,7.5,9.25]},"west":{"texture":"#1","uv":[3,3,3.25,3.25]}},"from":[5.75611,2.99979,6.49409],"rotation":{"angle":22.5,"axis":"x","origin":[6.50611,3.12479,6.61909]},"to":[7.25611,3.24979,6.74409]},{"faces":{"down":{"rotation":270,"texture":"#1","uv":[5,11,5.75,11.329]},"east":{"texture":"#1","uv":[9,9,9.75,9.25]},"north":{"texture":"#1","uv":[4,5,4.329,5.25]},"south":{"texture":"#1","uv":[13,5,13.329,5.25]},"up":{"rotation":90,"texture":"#1","uv":[7,9,7.75,9.329]},"west":{"texture":"#1","uv":[6,13,6.75,13.25]}},"from":[7.00655,3.00089,6.49257],"rotation":{"angle":22.5,"axis":"y","origin":[7.38155,3.12589,6.86757]},"to":[7.33655,3.25089,7.24257]},{"faces":{"down":{"rotation":270,"texture":"#1","uv":[2,12,2.75,12.25]},"east":{"texture":"#1","uv":[7,14,7.75,14.25]},"north":{"texture":"#1","uv":[9,5,9.25,5.25]},"south":{"texture":"#1","uv":[8,5,8.25,5.25]},"up":{"rotation":90,"texture":"#1","uv":[5,12,5.75,12.25]},"west":{"texture":"#1","uv":[12,5,12.75,5.25]}},"from":[5.50699,2.99739,6.49562],"rotation":{"angle":-22.5,"axis":"y","origin":[5.63199,3.12239,7.12062]},"to":[5.75699,3.24739,7.24562]},{"faces":{"down":{"texture":"#1","uv":[11,10,12.5,10.25]},"east":{"texture":"#1","uv":[5,8,6.25,7]},"north":{"texture":"#1","uv":[3,5,4.5,5.25]},"south":{"texture":"#1","uv":[6,9,7.5,9.25]},"up":{"texture":"#1","uv":[12,10,13.5,10.25]},"west":{"texture":"#1","uv":[4,5,4.25,5.25]}},"from":[5.75917,2.99674,8.24409],"rotation":{"angle":-22.5,"axis":"x","origin":[6.50917,3.12174,8.36909]},"to":[7.25917,3.24674,8.49409]},{"faces":{"down":{"rotation":270,"texture":"#1","uv":[12,10,13,10.25]},"east":{"texture":"#1","uv":[11,6,12,6.25]},"north":{"texture":"#1","uv":[6,4,6.25,4.25]},"south":{"texture":"#1","uv":[5,5,5.25,5.25]},"up":{"rotation":90,"texture":"#1","uv":[13,10,14,10.25]},"west":{"texture":"#1","uv":[13,5,14,5.25]}},"from":[5.50699,2.99739,6.99562],"to":[5.75699,3.24739,7.99562]},{"faces":{"down":{"rotation":270,"texture":"#1","uv":[7,9,7.5,9.25]},"east":{"texture":"#1","uv":[5,11,5.5,11.25]},"north":{"texture":"#1","uv":[10,6,10.25,6.25]},"south":{"texture":"#1","uv":[5,6,5.25,6.25]},"up":{"rotation":90,"texture":"#1","uv":[5,10,5.5,10.25]},"west":{"texture":"#1","uv":[4,11,4.5,11.25]}},"from":[5.50873,2.99564,7.99561],"rotation":{"angle":22.5,"axis":"y","origin":[5.63373,3.12064,8.12061]},"to":[5.75873,3.24564,8.49561]},{"faces":{"down":{"rotation":270,"texture":"#1","uv":[8,13,8.75,13.19]},"east":{"texture":"#1","uv":[10,6,10.75,6.25]},"north":{"texture":"#1","uv":[6,2,6.19,2.25]},"south":{"texture":"#1","uv":[5,2,5.19,2.25]},"up":{"rotation":90,"texture":"#1","uv":[4,12,4.75,12.19]},"west":{"texture":"#1","uv":[7,9,7.75,9.25]}},"from":[7.25873,2.9987,7.74257],"rotation":{"angle":-22.5,"axis":"y","origin":[7.38373,3.1237,8.11757]},"to":[7.44873,3.2487,8.49257]},{"faces":{"down":{"rotation":270,"texture":"#1","uv":[7,9,7.75,9.25]},"east":{"texture":"#1","uv":[6,9,6.75,9.25]},"north":{"texture":"#1","uv":[1,11,1.25,11.25]},"south":{"texture":"#1","uv":[4,5,4.25,5.25]},"up":{"rotation":90,"texture":"#1","uv":[8,8,8.75,8.25]},"west":{"texture":"#1","uv":[11,10,11.75,10.25]}},"from":[7.25655,3.00089,7.24257],"to":[7.50655,3.25089,7.99257]},{"faces":{"down":{"rotation":90,"texture":"#1","uv":[6,8,7.5,10.149]},"east":{"texture":"#1","uv":[3,5,4.5,5.25]},"north":{"texture":"#1","uv":[6,3,6.15,3.25]},"south":{"texture":"#1","uv":[4,5,4.15,5.25]},"up":{"rotation":270,"texture":"#1","uv":[5,2,6.5,2.15]},"west":{"texture":"#1","uv":[3,5,4.5,5.25]}},"from":[5.70616,4.86374,7.37353],"rotation":{"angle":22.5,"axis":"x","origin":[5.58116,4.73874,7.62353]},"to":[5.85616,5.11374,8.87353]},{"faces":{"down":{"texture":"#1","uv":[9,13,10.5,13.25]},"east":{"texture":"#1","uv":[4,5,4.25,5.25]},"north":{"texture":"#1","uv":[3,5,4.5,5.25]},"south":{"texture":"#1","uv":[9,6,10.5,6.25]},"up":{"texture":"#1","uv":[8,14,9.5,14.25]},"west":{"texture":"#1","uv":[4,6,4.25,6.25]}},"from":[5.75437,3.99804,8.49759],"rotation":{"angle":-22.5,"axis":"x","origin":[6.50437,5.12304,7.62259]},"to":[7.25437,4.24804,8.74759]},{"faces":{"down":{"texture":"#1","uv":[10,14,11.5,14.25]},"east":{"texture":"#1","uv":[6,8,6.25,8.25]},"north":{"texture":"#1","uv":[2,1,3.5,1.25]},"south":{"texture":"#1","uv":[6,9,7.5,9.25]},"up":{"texture":"#1","uv":[5,8,6.5,8.25]},"west":{"texture":"#1","uv":[5,7,5.25,7.25]}},"from":[5.75437,4.99804,7.49759],"rotation":{"angle":-22.5,"axis":"x","origin":[6.50437,5.12304,7.62259]},"to":[7.25437,5.24804,7.74759]},{"faces":{"down":{"rotation":90,"texture":"#1","uv":[6,8,7.5,10.149]},"east":{"texture":"#1","uv":[3,5,4.5,5.25]},"north":{"texture":"#1","uv":[6,3,6.15,3.25]},"south":{"texture":"#1","uv":[4,5,4.15,5.25]},"up":{"rotation":270,"texture":"#1","uv":[5,2,6.5,2.15]},"west":{"texture":"#1","uv":[3,5,4.5,5.25]}},"from":[7.20616,4.86374,7.37353],"rotation":{"angle":22.5,"axis":"x","origin":[5.58116,4.73874,7.62353]},"to":[7.35616,5.11374,8.87353]},{"faces":{"down":{"texture":"#0","uv":[5,5,6.5,7]},"east":{"rotation":270,"texture":"#0","uv":[0,13,1.25,15]},"north":{"rotation":180,"texture":"#0","uv":[8,9,9.5,10.25]},"south":{"texture":"#0","uv":[2,12,3.5,13.25]},"up":{"rotation":180,"texture":"#0","uv":[14,14,15.5,16]},"west":{"rotation":90,"texture":"#0","uv":[3,4,4.25,6]}},"from":[5.99987,6.01393,9.24835],"rotation":{"angle":-22.5,"axis":"x","origin":[6.49987,6.88893,10.24835]},"to":[6.99987,7.01393,11.24835]},{"faces":{"down":{"texture":"#1","uv":[6,6,7.5,6.75]},"east":{"texture":"#1","uv":[6,7,6.75,7.25]},"north":{"texture":"#1","uv":[6,8,7.5,8.25]},"south":{"texture":"#1","uv":[5,4,6.5,4.25]},"up":{"texture":"#1","uv":[7,6,8.5,6.75]},"west":{"texture":"#1","uv":[6,7,6.75,7.25]}},"from":[6.00655,5.74455,9.24889],"rotation":{"angle":22.5,"axis":"x","origin":[6.50655,5.86955,9.62389]},"to":[7.00655,5.99455,9.99889]},{"faces":{"down":{"rotation":270,"texture":"#1","uv":[6,6,7.5,6.75]},"east":{"texture":"#1","uv":[6,8,7.5,8.25]},"north":{"texture":"#1","uv":[6,7,6.75,7.25]},"south":{"texture":"#1","uv":[6,7,6.75,7.25]},"up":{"rotation":90,"texture":"#1","uv":[7,6,8.5,6.75]},"west":{"texture":"#1","uv":[5,4,6.5,4.25]}},"from":[6.87993,6.39961,9.35313],"rotation":{"angle":45,"axis":"x","origin":[7.25493,6.52461,9.35313]},"to":[7.12993,6.64961,10.10313]},{"faces":{"down":{"texture":"#1","uv":[6,6,7.5,6.75]},"east":{"texture":"#1","uv":[6,7,6.75,7.25]},"north":{"texture":"#1","uv":[6,8,7.5,8.25]},"south":{"texture":"#1","uv":[5,4,6.5,4.25]},"up":{"texture":"#1","uv":[7,6,8.5,6.75]},"west":{"texture":"#1","uv":[6,7,6.75,7.25]}},"from":[6.00494,6.3983,9.22944],"rotation":{"angle":45,"axis":"x","origin":[6.50494,6.5233,9.35444]},"to":[7.00494,6.6483,9.47944]},{"faces":{"down":{"rotation":270,"texture":"#1","uv":[6,6,7.5,6.75]},"east":{"texture":"#1","uv":[6,8,7.5,8.25]},"north":{"texture":"#1","uv":[6,7,6.75,7.25]},"south":{"texture":"#1","uv":[6,7,6.75,7.25]},"up":{"rotation":90,"texture":"#1","uv":[7,6,8.5,6.75]},"west":{"texture":"#1","uv":[5,4,6.5,4.25]}},"from":[5.87993,6.39961,9.35313],"rotation":{"angle":45,"axis":"x","origin":[7.25493,6.52461,9.35313]},"to":[6.12993,6.64961,10.10313]},{"faces":{"down":{"rotation":270,"texture":"#1","uv":[7,6,8.5,6.75]},"east":{"rotation":180,"texture":"#1","uv":[5,4,6.5,4.25]},"north":{"texture":"#1","uv":[6,7,6.75,7.25]},"south":{"texture":"#1","uv":[6,7,6.75,7.25]},"up":{"texture":"#1","uv":[6,6,7.5,6.75]},"west":{"texture":"#1","uv":[6,8,7.5,8.25]}},"from":[5.88025,6.30888,9.06854],"rotation":{"angle":22.5,"axis":"x","origin":[6.00525,6.43388,9.44354]},"to":[6.13025,6.55888,9.56854]},{"faces":{"down":{"rotation":270,"texture":"#1","uv":[7,6,8.5,6.75]},"east":{"rotation":180,"texture":"#1","uv":[5,4,6.5,4.25]},"north":{"texture":"#1","uv":[6,7,6.75,7.25]},"south":{"texture":"#1","uv":[6,7,6.75,7.25]},"up":{"texture":"#1","uv":[6,6,7.5,6.75]},"west":{"texture":"#1","uv":[6,8,7.5,8.25]}},"from":[6.88025,6.30888,9.06854],"rotation":{"angle":22.5,"axis":"x","origin":[6.00525,6.43388,9.44354]},"to":[7.13025,6.55888,9.56854]},{"faces":{"down":{"texture":"#1","uv":[6,7,6.75,7.25]},"east":{"rotation":90,"texture":"#1","uv":[5,4,6.5,4.25]},"north":{"rotation":90,"texture":"#1","uv":[7,6,8.5,6.75]},"south":{"texture":"#1","uv":[6,6,7.5,6.75]},"up":{"rotation":180,"texture":"#1","uv":[6,7,6.75,7.25]},"west":{"rotation":90,"texture":"#1","uv":[6,8,7.5,8.25]}},"from":[6.88191,5.71464,9.79773],"rotation":{"angle":-22.5,"axis":"x","origin":[7.00691,5.96464,9.92273]},"to":[7.13191,6.21464,10.04773]},{"faces":{"down":{"texture":"#1","uv":[6,7,6.75,7.25]},"east":{"rotation":90,"texture":"#1","uv":[5,4,6.5,4.25]},"north":{"rotation":90,"texture":"#1","uv":[7,6,8.5,6.75]},"south":{"texture":"#1","uv":[6,6,7.5,6.75]},"up":{"rotation":180,"texture":"#1","uv":[6,7,6.75,7.25]},"west":{"rotation":90,"texture":"#1","uv":[6,8,7.5,8.25]}},"from":[5.88191,5.71464,9.79773],"rotation":{"angle":-22.5,"axis":"x","origin":[7.00691,5.96464,9.92273]},"to":[6.13191,6.21464,10.04773]},{"faces":{"down":{"texture":"#0","uv":[5,5,6.5,7]},"east":{"rotation":270,"texture":"#0","uv":[0,13,1.25,15]},"north":{"rotation":180,"texture":"#0","uv":[8,9,9.5,10.25]},"south":{"texture":"#0","uv":[2,12,3.5,13.25]},"up":{"rotation":180,"texture":"#0","uv":[14,14,15.5,16]},"west":{"rotation":90,"texture":"#0","uv":[3,4,4.25,6]}},"from":[6.25261,6.55436,11.24034],"to":[6.75261,7.30436,13.24034]},{"faces":{"down":{"texture":"#1","uv":[11,10,12.5,10.25]},"east":{"texture":"#1","uv":[5,8,6.25,7]},"north":{"texture":"#1","uv":[3,5,4.5,5.25]},"south":{"texture":"#1","uv":[6,9,7.5,9.25]},"up":{"texture":"#1","uv":[12,10,13.5,10.25]},"west":{"texture":"#1","uv":[4,5,4.25,5.25]}},"from":[10.75917,2.99674,8.24409],"rotation":{"angle":-22.5,"axis":"x","origin":[11.50917,3.12174,8.36909]},"to":[12.25917,3.24674,8.49409]},{"faces":{"down":{"rotation":270,"texture":"#1","uv":[2,12,2.75,12.25]},"east":{"texture":"#1","uv":[7,14,7.75,14.25]},"north":{"texture":"#1","uv":[9,5,9.25,5.25]},"south":{"texture":"#1","uv":[8,5,8.25,5.25]},"up":{"rotation":90,"texture":"#1","uv":[5,12,5.75,12.25]},"west":{"texture":"#1","uv":[12,5,12.75,5.25]}},"from":[10.50699,2.99739,6.49562],"rotation":{"angle":-22.5,"axis":"y","origin":[10.63199,3.12239,7.12062]},"to":[10.75699,3.24739,7.24562]},{"faces":{"down":{"rotation":270,"texture":"#1","uv":[5,11,5.75,11.329]},"east":{"texture":"#1","uv":[9,9,9.75,9.25]},"north":{"texture":"#1","uv":[4,5,4.329,5.25]},"south":{"texture":"#1","uv":[13,5,13.329,5.25]},"up":{"rotation":90,"texture":"#1","uv":[7,9,7.75,9.329]},"west":{"texture":"#1","uv":[6,13,6.75,13.25]}},"from":[12.00655,3.00089,6.49257],"rotation":{"angle":22.5,"axis":"y","origin":[12.38155,3.12589,6.86757]},"to":[12.33655,3.25089,7.24257]},{"faces":{"down":{"texture":"#1","uv":[2,12,3.5,12.25]},"east":{"texture":"#1","uv":[1,10,1.25,10.25]},"north":{"texture":"#1","uv":[9,14,10.5,14.25]},"south":{"texture":"#1","uv":[5,2,6.5,2.25]},"up":{"texture":"#1","uv":[6,9,7.5,9.25]},"west":{"texture":"#1","uv":[3,3,3.25,3.25]}},"from":[10.75611,2.99979,6.49409],"rotation":{"angle":22.5,"axis":"x","origin":[11.50611,3.12479,6.61909]},"to":[12.25611,3.24979,6.74409]},{"faces":{"down":{"rotation":90,"texture":"#1","uv":[0,0,0.05,2.25]},"east":{"texture":"#1","uv":[0,0,0.05,0.2]},"north":{"texture":"#1","uv":[2,5,4.25,5.2]},"south":{"texture":"#1","uv":[0,0,2.25,0.2]},"up":{"rotation":270,"texture":"#1","uv":[0,0,0.05,2.25]},"west":{"texture":"#1","uv":[0,0,0.05,0.2]}},"from":[10.39856,2.0521,8.19935],"rotation":{"angle":45,"axis":"x","origin":[11.52356,2.1521,8.32435]},"to":[12.64856,2.2521,8.44935]},{"faces":{"down":{"texture":"#0","uv":[8,9,9.5,10.25]},"east":{"texture":"#0","uv":[0,13,1.25,15]},"north":{"texture":"#0","uv":[14,14,15.5,16]},"south":{"texture":"#0","uv":[5,5,6.5,7]},"up":{"texture":"#0","uv":[2,12,3.5,13.25]},"west":{"texture":"#0","uv":[3,4,4.25,6]}},"from":[10.74925,4.65427,8.2802],"rotation":{"angle":45,"axis":"x","origin":[11.49925,5.65427,8.6552]},"to":[12.24925,6.65427,9.5302]},{"faces":{"down":{"texture":"#0","uv":[8,9,9.5,10.25]},"east":{"texture":"#0","uv":[0,13,1.25,15]},"north":{"texture":"#0","uv":[14,14,15.5,16]},"south":{"texture":"#0","uv":[5,5,6.5,7]},"up":{"texture":"#0","uv":[2,12,3.5,13.25]},"west":{"texture":"#0","uv":[3,4,4.25,6]}},"from":[10.75,3,7.05],"rotation":{"angle":22.5,"axis":"x","origin":[11.5,4,7.425]},"to":[12.25,5,8.55]},{"faces":{"down":{"texture":"#1","uv":[0,0,0.1,0.3]},"east":{"texture":"#1","uv":[0,0,0.3,0.3]},"north":{"texture":"#1","uv":[0,0,0.1,0.3]},"south":{"texture":"#1","uv":[0,0,0.1,0.3]},"up":{"texture":"#1","uv":[0,0,0.1,0.3]},"west":{"texture":"#1","uv":[6,15,6.3,15.3]}},"from":[10.35,0.8,6.8],"rotation":{"angle":-22.5,"axis":"y","origin":[10.4,0.95,6.95]},"to":[10.45,1.1,7.1]},{"faces":{"down":{"texture":"#1","uv":[0,0,0.1,0.3]},"east":{"texture":"#1","uv":[3,5,3.3,5.3]},"north":{"texture":"#1","uv":[0,0,0.1,0.3]},"south":{"texture":"#1","uv":[0,0,0.1,0.3]},"up":{"texture":"#1","uv":[0,0,0.1,0.3]},"west":{"texture":"#1","uv":[0,0,0.3,0.3]}},"from":[12.55,0.8,6.8],"rotation":{"angle":22.5,"axis":"y","origin":[12.5,1,7]},"to":[12.65,1.1,7.1]},{"faces":{"down":{"texture":"#1","uv":[0,0,2.25,0.2]},"east":{"rotation":270,"texture":"#1","uv":[4,5,4.05,5.2]},"north":{"rotation":270,"texture":"#1","uv":[4,5,4.05,7.25]},"south":{"rotation":270,"texture":"#1","uv":[5,5,5.05,7.25]},"up":{"rotation":180,"texture":"#1","uv":[2,5,4.25,5.2]},"west":{"rotation":90,"texture":"#1","uv":[5,6,5.05,6.2]}},"from":[10.39838,0.82946,6.87217],"rotation":{"angle":-22.5,"axis":"x","origin":[11.52338,0.90446,6.97217]},"to":[12.64838,0.92946,7.07217]},{"faces":{"down":{"rotation":180,"texture":"#1","uv":[0,0,0.3,0.2]},"east":{"rotation":90,"texture":"#1","uv":[4,5,5.75,5.2]},"north":{"rotation":180,"texture":"#1","uv":[0,0,0.3,1.75]},"south":{"texture":"#1","uv":[0,0,0.3,1.75]},"up":{"texture":"#1","uv":[0,0,0.3,0.2]},"west":{"rotation":270,"texture":"#1","uv":[0,0,1.75,0.2]}},"from":[12.35,0.25,7.45],"rotation":{"angle":45,"axis":"x","origin":[10,1,8]},"to":[12.65,2,7.65]},{"faces":{"down":{"rotation":180,"texture":"#1","uv":[0,0,0.3,0.2]},"east":{"rotation":90,"texture":"#1","uv":[0,0,1.75,0.2]},"north":{"rotation":180,"texture":"#1","uv":[0,0,0.3,1.75]},"south":{"texture":"#1","uv":[0,0,0.3,1.75]},"up":{"texture":"#1","uv":[0,0,0.3,0.2]},"west":{"rotation":270,"texture":"#1","uv":[2,5,3.75,5.2]}},"from":[10.4,0.25,7.45],"rotation":{"angle":45,"axis":"x","origin":[10,1,8]},"to":[10.7,2,7.65]},{"faces":{"down":{"texture":"#0","uv":[11,12,13,13.75]},"east":{"texture":"#0","uv":[12,11,13.75,13]},"north":{"texture":"#0","uv":[7,4,9,6]},"south":{"texture":"#0","uv":[5,9,7,11]},"up":{"texture":"#0","uv":[8,9,10,10.75]},"west":{"texture":"#0","uv":[6,7,7.75,9]}},"from":[10.5,1,6.55],"to":[12.5,3,8.3]},{"faces":{"down":{"texture":"#0","uv":[11,11,13,13]},"east":{"texture":"#0","uv":[12,11,14,13]},"north":{"texture":"#0","uv":[6,9,8,11]},"south":{"texture":"#0","uv":[11,10,13,12]},"up":{"texture":"#0","uv":[10,11,12,13]},"west":{"texture":"#0","uv":[12,12,14,14]}},"from":[10.5001,0,7],"to":[12.5001,2,9]},{"faces":{"down":{"rotation":270,"texture":"#1","uv":[7,6,8.5,6.75]},"east":{"rotation":180,"texture":"#1","uv":[5,4,6.5,4.25]},"north":{"texture":"#1","uv":[6,7,6.75,7.25]},"south":{"texture":"#1","uv":[6,7,6.75,7.25]},"up":{"texture":"#1","uv":[6,6,7.5,6.75]},"west":{"texture":"#1","uv":[6,8,7.5,8.25]}},"from":[11.88025,6.30888,9.06854],"rotation":{"angle":22.5,"axis":"x","origin":[11.00525,6.43388,9.44354]},"to":[12.13025,6.55888,9.56854]},{"faces":{"down":{"rotation":270,"texture":"#1","uv":[7,6,8.5,6.75]},"east":{"rotation":180,"texture":"#1","uv":[5,4,6.5,4.25]},"north":{"texture":"#1","uv":[6,7,6.75,7.25]},"south":{"texture":"#1","uv":[6,7,6.75,7.25]},"up":{"texture":"#1","uv":[6,6,7.5,6.75]},"west":{"texture":"#1","uv":[6,8,7.5,8.25]}},"from":[10.88025,6.30888,9.06854],"rotation":{"angle":22.5,"axis":"x","origin":[11.00525,6.43388,9.44354]},"to":[11.13025,6.55888,9.56854]},{"faces":{"down":{"rotation":270,"texture":"#1","uv":[6,6,7.5,6.75]},"east":{"texture":"#1","uv":[6,8,7.5,8.25]},"north":{"texture":"#1","uv":[6,7,6.75,7.25]},"south":{"texture":"#1","uv":[6,7,6.75,7.25]},"up":{"rotation":90,"texture":"#1","uv":[7,6,8.5,6.75]},"west":{"texture":"#1","uv":[5,4,6.5,4.25]}},"from":[10.87993,6.39961,9.35313],"rotation":{"angle":45,"axis":"x","origin":[12.25493,6.52461,9.35313]},"to":[11.12993,6.64961,10.10313]},{"faces":{"down":{"texture":"#1","uv":[6,6,7.5,6.75]},"east":{"texture":"#1","uv":[6,7,6.75,7.25]},"north":{"texture":"#1","uv":[6,8,7.5,8.25]},"south":{"texture":"#1","uv":[5,4,6.5,4.25]},"up":{"texture":"#1","uv":[7,6,8.5,6.75]},"west":{"texture":"#1","uv":[6,7,6.75,7.25]}},"from":[11.00494,6.3983,9.22944],"rotation":{"angle":45,"axis":"x","origin":[11.50494,6.5233,9.35444]},"to":[12.00494,6.6483,9.47944]},{"faces":{"down":{"rotation":270,"texture":"#1","uv":[6,6,7.5,6.75]},"east":{"texture":"#1","uv":[6,8,7.5,8.25]},"north":{"texture":"#1","uv":[6,7,6.75,7.25]},"south":{"texture":"#1","uv":[6,7,6.75,7.25]},"up":{"rotation":90,"texture":"#1","uv":[7,6,8.5,6.75]},"west":{"texture":"#1","uv":[5,4,6.5,4.25]}},"from":[11.87993,6.39961,9.35313],"rotation":{"angle":45,"axis":"x","origin":[12.25493,6.52461,9.35313]},"to":[12.12993,6.64961,10.10313]},{"faces":{"down":{"texture":"#1","uv":[6,6,7.5,6.75]},"east":{"texture":"#1","uv":[6,7,6.75,7.25]},"north":{"texture":"#1","uv":[6,8,7.5,8.25]},"south":{"texture":"#1","uv":[5,4,6.5,4.25]},"up":{"texture":"#1","uv":[7,6,8.5,6.75]},"west":{"texture":"#1","uv":[6,7,6.75,7.25]}},"from":[11.00655,5.74455,9.24889],"rotation":{"angle":22.5,"axis":"x","origin":[11.50655,5.86955,9.62389]},"to":[12.00655,5.99455,9.99889]},{"faces":{"down":{"texture":"#0","uv":[5,5,6.5,7]},"east":{"rotation":270,"texture":"#0","uv":[0,13,1.25,15]},"north":{"rotation":180,"texture":"#0","uv":[8,9,9.5,10.25]},"south":{"texture":"#0","uv":[2,12,3.5,13.25]},"up":{"rotation":180,"texture":"#0","uv":[14,14,15.5,16]},"west":{"rotation":90,"texture":"#0","uv":[3,4,4.25,6]}},"from":[10.99987,6.01393,9.24835],"rotation":{"angle":-22.5,"axis":"x","origin":[11.49987,6.88893,10.24835]},"to":[11.99987,7.01393,11.24835]},{"faces":{"down":{"rotation":90,"texture":"#1","uv":[6,8,7.5,10.149]},"east":{"texture":"#1","uv":[3,5,4.5,5.25]},"north":{"texture":"#1","uv":[6,3,6.15,3.25]},"south":{"texture":"#1","uv":[4,5,4.15,5.25]},"up":{"rotation":270,"texture":"#1","uv":[5,2,6.5,2.15]},"west":{"texture":"#1","uv":[3,5,4.5,5.25]}},"from":[12.20616,4.86374,7.37353],"rotation":{"angle":22.5,"axis":"x","origin":[10.58116,4.73874,7.62353]},"to":[12.35616,5.11374,8.87353]},{"faces":{"down":{"texture":"#1","uv":[10,14,11.5,14.25]},"east":{"texture":"#1","uv":[6,8,6.25,8.25]},"north":{"texture":"#1","uv":[2,1,3.5,1.25]},"south":{"texture":"#1","uv":[6,9,7.5,9.25]},"up":{"texture":"#1","uv":[5,8,6.5,8.25]},"west":{"texture":"#1","uv":[5,7,5.25,7.25]}},"from":[10.75437,4.99804,7.49759],"rotation":{"angle":-22.5,"axis":"x","origin":[11.50437,5.12304,7.62259]},"to":[12.25437,5.24804,7.74759]},{"faces":{"down":{"texture":"#1","uv":[9,13,10.5,13.25]},"east":{"texture":"#1","uv":[4,5,4.25,5.25]},"north":{"texture":"#1","uv":[3,5,4.5,5.25]},"south":{"texture":"#1","uv":[9,6,10.5,6.25]},"up":{"texture":"#1","uv":[8,14,9.5,14.25]},"west":{"texture":"#1","uv":[4,6,4.25,6.25]}},"from":[10.75437,3.99804,8.49759],"rotation":{"angle":-22.5,"axis":"x","origin":[11.50437,5.12304,7.62259]},"to":[12.25437,4.24804,8.74759]},{"faces":{"down":{"rotation":90,"texture":"#1","uv":[6,8,7.5,10.149]},"east":{"texture":"#1","uv":[3,5,4.5,5.25]},"north":{"texture":"#1","uv":[6,3,6.15,3.25]},"south":{"texture":"#1","uv":[4,5,4.15,5.25]},"up":{"rotation":270,"texture":"#1","uv":[5,2,6.5,2.15]},"west":{"texture":"#1","uv":[3,5,4.5,5.25]}},"from":[10.70616,4.86374,7.37353],"rotation":{"angle":22.5,"axis":"x","origin":[10.58116,4.73874,7.62353]},"to":[10.85616,5.11374,8.87353]},{"faces":{"down":{"rotation":270,"texture":"#1","uv":[7,9,7.75,9.25]},"east":{"texture":"#1","uv":[6,9,6.75,9.25]},"north":{"texture":"#1","uv":[1,11,1.25,11.25]},"south":{"texture":"#1","uv":[4,5,4.25,5.25]},"up":{"rotation":90,"texture":"#1","uv":[8,8,8.75,8.25]},"west":{"texture":"#1","uv":[11,10,11.75,10.25]}},"from":[12.25655,3.00089,7.24257],"to":[12.50655,3.25089,7.99257]},{"faces":{"down":{"rotation":270,"texture":"#1","uv":[8,13,8.75,13.19]},"east":{"texture":"#1","uv":[10,6,10.75,6.25]},"north":{"texture":"#1","uv":[6,2,6.19,2.25]},"south":{"texture":"#1","uv":[5,2,5.19,2.25]},"up":{"rotation":90,"texture":"#1","uv":[4,12,4.75,12.19]},"west":{"texture":"#1","uv":[7,9,7.75,9.25]}},"from":[12.25873,2.9987,7.74257],"rotation":{"angle":-22.5,"axis":"y","origin":[12.38373,3.1237,8.11757]},"to":[12.44873,3.2487,8.49257]},{"faces":{"down":{"rotation":270,"texture":"#1","uv":[7,9,7.5,9.25]},"east":{"texture":"#1","uv":[5,11,5.5,11.25]},"north":{"texture":"#1","uv":[10,6,10.25,6.25]},"south":{"texture":"#1","uv":[5,6,5.25,6.25]},"up":{"rotation":90,"texture":"#1","uv":[5,10,5.5,10.25]},"west":{"texture":"#1","uv":[4,11,4.5,11.25]}},"from":[10.50873,2.99564,7.99561],"rotation":{"angle":22.5,"axis":"y","origin":[10.63373,3.12064,8.12061]},"to":[10.75873,3.24564,8.49561]},{"faces":{"down":{"rotation":270,"texture":"#1","uv":[12,10,13,10.25]},"east":{"texture":"#1","uv":[11,6,12,6.25]},"north":{"texture":"#1","uv":[6,4,6.25,4.25]},"south":{"texture":"#1","uv":[5,5,5.25,5.25]},"up":{"rotation":90,"texture":"#1","uv":[13,10,14,10.25]},"west":{"texture":"#1","uv":[13,5,14,5.25]}},"from":[10.50699,2.99739,6.99562],"to":[10.75699,3.24739,7.99562]},{"faces":{"down":{"texture":"#1","uv":[6,7,6.75,7.25]},"east":{"rotation":90,"texture":"#1","uv":[5,4,6.5,4.25]},"north":{"rotation":90,"texture":"#1","uv":[7,6,8.5,6.75]},"south":{"texture":"#1","uv":[6,6,7.5,6.75]},"up":{"rotation":180,"texture":"#1","uv":[6,7,6.75,7.25]},"west":{"rotation":90,"texture":"#1","uv":[6,8,7.5,8.25]}},"from":[11.88191,5.71464,9.79773],"rotation":{"angle":-22.5,"axis":"x","origin":[12.00691,5.96464,9.92273]},"to":[12.13191,6.21464,10.04773]},{"faces":{"down":{"texture":"#1","uv":[6,7,6.75,7.25]},"east":{"rotation":90,"texture":"#1","uv":[5,4,6.5,4.25]},"north":{"rotation":90,"texture":"#1","uv":[7,6,8.5,6.75]},"south":{"texture":"#1","uv":[6,6,7.5,6.75]},"up":{"rotation":180,"texture":"#1","uv":[6,7,6.75,7.25]},"west":{"rotation":90,"texture":"#1","uv":[6,8,7.5,8.25]}},"from":[10.88191,5.71464,9.79773],"rotation":{"angle":-22.5,"axis":"x","origin":[12.00691,5.96464,9.92273]},"to":[11.13191,6.21464,10.04773]},{"faces":{"down":{"texture":"#0","uv":[5,5,6.5,7]},"east":{"rotation":270,"texture":"#0","uv":[0,13,1.25,15]},"north":{"rotation":180,"texture":"#0","uv":[8,9,9.5,10.25]},"south":{"texture":"#0","uv":[2,12,3.5,13.25]},"up":{"rotation":180,"texture":"#0","uv":[14,14,15.5,16]},"west":{"rotation":90,"texture":"#0","uv":[3,4,4.25,6]}},"from":[11.25261,6.55436,11.24034],"to":[11.75261,7.30436,13.24034]}],"textures":{"0":"block/anvil","1":"block/furnace_top","particle":"block/anvil"}}