{
	"credit": "Made with Blockbench",
	"texture_size": [64, 64],
	"textures": {
		"0": "ametist_sword/ametist_sword",
		"1": "ametist_sword/ametist_sword1",
		"2": "ametist_sword/ametist_sword2",
		"3": "ametist_sword/ametist_sword3",
		"5": "ametist_sword/ametist_sword5",
		"6": "ametist_sword/ametist_sword6",
		"7": "ametist_sword/ametist_sword7",
		"8": "ametist_sword/ametist_sword8",
		"9": "ametist_sword/lapis_block",
		"10": "ametist_sword/diamond_block",
		"11": "ametist_sword/emerald_block",
		"12": "ametist_sword/gold_block",
		"13": "ametist_sword/ametist_sword9",
		"particle": "ametist_sword/ametist_sword"
	},
	"elements": [
		{
			"from": [7.5, -4, 7.25],
			"to": [8.5, 30, 8.75],
			"rotation": {"angle": 0, "axis": "y", "origin": [8, -7, 8]},
			"faces": {
				"north": {"uv": [1, 0, 1.25, 8.5], "texture": "#13"},
				"east": {"uv": [0, 0, 0.375, 8.5], "texture": "#13"},
				"south": {"uv": [1.25, 0, 1.5, 8.5], "texture": "#13"},
				"west": {"uv": [0.5, 0, 0.875, 8.5], "texture": "#13"},
				"up": {"uv": [1.75, 0.375, 1.5, 0], "texture": "#13"},
				"down": {"uv": [1.75, 0.5, 1.5, 0.875], "texture": "#13"}
			}
		},
		{
			"from": [7.75, -4, 7],
			"to": [8.25, 30.5, 7.25],
			"rotation": {"angle": 0, "axis": "y", "origin": [8, -7, 8]},
			"faces": {
				"north": {"uv": [1, 0, 1.25, 8.75], "texture": "#5"},
				"east": {"uv": [1.25, 0, 1.5, 8.75], "texture": "#5"},
				"south": {"uv": [1.5, 0, 1.75, 8.75], "texture": "#5"},
				"west": {"uv": [1.75, 0, 2, 8.75], "texture": "#5"},
				"up": {"uv": [2.25, 0.75, 2, 0.5], "texture": "#5"},
				"down": {"uv": [2.25, 0.75, 2, 1], "texture": "#5"}
			}
		},
		{
			"from": [7.75, -4, 8.75],
			"to": [8.25, 30.5, 9],
			"rotation": {"angle": 0, "axis": "y", "origin": [8, -7, 8]},
			"faces": {
				"north": {"uv": [0, 0, 0.25, 8.75], "texture": "#5"},
				"east": {"uv": [0.25, 0, 0.5, 8.75], "texture": "#5"},
				"south": {"uv": [0.5, 0, 0.75, 8.75], "texture": "#5"},
				"west": {"uv": [0.75, 0, 1, 8.75], "texture": "#5"},
				"up": {"uv": [2.25, 0.25, 2, 0], "texture": "#5"},
				"down": {"uv": [2.25, 0.25, 2, 0.5], "texture": "#5"}
			}
		},
		{
			"from": [7.85, -4, 6.75],
			"to": [8.15, 30, 7],
			"rotation": {"angle": 0, "axis": "y", "origin": [8, -7, 8]},
			"faces": {
				"north": {"uv": [0, 0, 0.25, 8.5], "texture": "#6"},
				"east": {"uv": [0.25, 0, 0.5, 8.5], "texture": "#6"},
				"south": {"uv": [0.5, 0, 0.75, 8.5], "texture": "#6"},
				"west": {"uv": [0.75, 0, 1, 8.5], "texture": "#6"},
				"up": {"uv": [2.25, 0.25, 2, 0], "texture": "#6"},
				"down": {"uv": [2.25, 0.25, 2, 0.5], "texture": "#6"}
			}
		},
		{
			"from": [7.85, -4, 9],
			"to": [8.15, 30, 9.25],
			"rotation": {"angle": 0, "axis": "y", "origin": [8, -7, 8]},
			"faces": {
				"north": {"uv": [1, 0, 1.25, 8.5], "texture": "#6"},
				"east": {"uv": [1.25, 0, 1.5, 8.5], "texture": "#6"},
				"south": {"uv": [1.5, 0, 1.75, 8.5], "texture": "#6"},
				"west": {"uv": [1.75, 0, 2, 8.5], "texture": "#6"},
				"up": {"uv": [2.25, 0.75, 2, 0.5], "texture": "#6"},
				"down": {"uv": [2.25, 0.75, 2, 1], "texture": "#6"}
			}
		},
		{
			"from": [7.6, 30, 7.25],
			"to": [8.4, 31, 8.75],
			"rotation": {"angle": 0, "axis": "y", "origin": [8, -7, 8]},
			"faces": {
				"north": {"uv": [4.28125, 2.59375, 4.48125, 2.84375], "texture": "#13"},
				"east": {"uv": [4.46875, 2.59375, 4.84375, 2.84375], "texture": "#13"},
				"south": {"uv": [4.46875, 3.09375, 4.66875, 3.34375], "texture": "#13"},
				"west": {"uv": [4.28125, 2.84375, 4.65625, 3.09375], "texture": "#13"},
				"up": {"uv": [4.28125, 2.84375, 4.48125, 3.21875], "texture": "#13"},
				"down": {"uv": [4.6875, 2.875, 4.8875, 3.25], "texture": "#13"}
			}
		},
		{
			"from": [7.75, 31, 7.5],
			"to": [8.25, 31.5, 8.5],
			"rotation": {"angle": 0, "axis": "y", "origin": [8, -7, 8]},
			"faces": {
				"north": {"uv": [0, 0, 0.125, 0.125], "texture": "#5"},
				"east": {"uv": [0, 0, 0.25, 0.125], "texture": "#5"},
				"south": {"uv": [0, 0, 0.125, 0.125], "texture": "#5"},
				"west": {"uv": [0, 0, 0.25, 0.125], "texture": "#5"},
				"up": {"uv": [0, 0, 0.125, 0.25], "texture": "#5"},
				"down": {"uv": [0, 0, 0.125, 0.25], "texture": "#5"}
			}
		},
		{
			"from": [7.85, 31.5, 7.75],
			"to": [8.15, 32, 8.25],
			"rotation": {"angle": 0, "axis": "y", "origin": [8, -7, 8]},
			"faces": {
				"north": {"uv": [2, 1, 2.25, 1.25], "texture": "#6"},
				"east": {"uv": [2, 1.25, 2.25, 1.5], "texture": "#6"},
				"south": {"uv": [2, 1.5, 2.25, 1.75], "texture": "#6"},
				"west": {"uv": [2, 1.75, 2.25, 2], "texture": "#6"},
				"up": {"uv": [2.25, 2.25, 2, 2], "texture": "#6"},
				"down": {"uv": [2.5, 0, 2.25, 0.25], "texture": "#6"}
			}
		},
		{
			"from": [7.5, -15.75, 7.5],
			"to": [8.5, -15.25, 8.5],
			"rotation": {"angle": 0, "axis": "y", "origin": [0, -20, 0]},
			"faces": {
				"north": {"uv": [0, 0, 1, 0.5], "texture": "#2"},
				"east": {"uv": [0, 0, 1, 0.5], "texture": "#2"},
				"south": {"uv": [0, 0, 1, 0.5], "texture": "#2"},
				"west": {"uv": [0, 0, 1, 0.5], "texture": "#2"},
				"up": {"uv": [0, 0, 1, 1], "texture": "#2"},
				"down": {"uv": [0, 0, 1, 1], "texture": "#2"}
			}
		},
		{
			"from": [7.25, -15.25, 7.25],
			"to": [8.75, -14.75, 8.75],
			"rotation": {"angle": 0, "axis": "y", "origin": [0, -20, 0]},
			"faces": {
				"north": {"uv": [0, 0, 1.5, 0.5], "texture": "#1"},
				"east": {"uv": [0, 0, 1.5, 0.5], "texture": "#1"},
				"south": {"uv": [0, 0, 1.5, 0.5], "texture": "#1"},
				"west": {"uv": [0, 0, 1.5, 0.5], "texture": "#1"},
				"up": {"uv": [0, 0, 1.5, 1.5], "texture": "#1"},
				"down": {"uv": [0, 0, 1.5, 1.5], "texture": "#1"}
			}
		},
		{
			"from": [7, -14.75, 7],
			"to": [9, -14.5, 9],
			"rotation": {"angle": 0, "axis": "y", "origin": [0, -20, 0]},
			"faces": {
				"north": {"uv": [6, 0, 8, 1], "texture": "#7"},
				"east": {"uv": [6, 1, 8, 2], "texture": "#7"},
				"south": {"uv": [2, 6, 4, 7], "texture": "#7"},
				"west": {"uv": [6, 2, 8, 3], "texture": "#7"},
				"up": {"uv": [2, 2, 0, 0], "texture": "#7"},
				"down": {"uv": [2, 2, 0, 4], "texture": "#7"}
			}
		},
		{
			"from": [7.5, -14.5, 7.5],
			"to": [8.5, -14.25, 8.5],
			"rotation": {"angle": 0, "axis": "y", "origin": [0, -20, 0]},
			"faces": {
				"north": {"uv": [1, 2, 2, 3], "texture": "#7"},
				"east": {"uv": [2, 2, 3, 3], "texture": "#7"},
				"south": {"uv": [3, 0, 4, 1], "texture": "#7"},
				"west": {"uv": [1, 3, 2, 4], "texture": "#7"},
				"up": {"uv": [4, 2, 3, 1], "texture": "#7"},
				"down": {"uv": [3, 3, 2, 4], "texture": "#7"}
			}
		},
		{
			"from": [7.25, -14.25, 7.25],
			"to": [8.75, -13, 8.75],
			"rotation": {"angle": 0, "axis": "y", "origin": [0, -20, 0]},
			"faces": {
				"north": {"uv": [0, 0, 1.5, 1.25], "texture": "#7"},
				"east": {"uv": [0, 0, 1.5, 1.25], "texture": "#7"},
				"south": {"uv": [0, 0, 1.5, 1.25], "texture": "#7"},
				"west": {"uv": [0, 0, 1.5, 1.25], "texture": "#7"},
				"up": {"uv": [0, 0, 1.5, 1.5], "texture": "#7"},
				"down": {"uv": [0, 0, 1.5, 1.5], "texture": "#7"}
			}
		},
		{
			"from": [7.25, -12, 7.25],
			"to": [8.75, -11, 8.75],
			"rotation": {"angle": 0, "axis": "y", "origin": [0, -20, 0]},
			"faces": {
				"north": {"uv": [0, 0, 1.5, 1], "texture": "#7"},
				"east": {"uv": [0, 0, 1.5, 1], "texture": "#7"},
				"south": {"uv": [0, 0, 1.5, 1], "texture": "#7"},
				"west": {"uv": [0, 0, 1.5, 1], "texture": "#7"},
				"up": {"uv": [0, 0, 1.5, 1.5], "texture": "#7"},
				"down": {"uv": [0, 0, 1.5, 1.5], "texture": "#7"}
			}
		},
		{
			"from": [7.5, -11, 7.5],
			"to": [8.5, -9, 8.5],
			"rotation": {"angle": 0, "axis": "y", "origin": [0, -20, 0]},
			"faces": {
				"north": {"uv": [0, 0, 1, 2], "texture": "#8"},
				"east": {"uv": [1, 0, 2, 2], "texture": "#8"},
				"south": {"uv": [0, 2, 1, 4], "texture": "#8"},
				"west": {"uv": [2, 0, 3, 2], "texture": "#8"},
				"up": {"uv": [4, 3, 3, 2], "texture": "#8"},
				"down": {"uv": [4, 3, 3, 4], "texture": "#8"}
			}
		},
		{
			"from": [7.25, -9, 7.25],
			"to": [8.75, -8, 8.75],
			"rotation": {"angle": 0, "axis": "y", "origin": [0, -20, 0]},
			"faces": {
				"north": {"uv": [0, 0, 1.5, 1], "texture": "#7"},
				"east": {"uv": [0, 0, 1.5, 1], "texture": "#7"},
				"south": {"uv": [0, 0, 1.5, 1], "texture": "#7"},
				"west": {"uv": [0, 0, 1.5, 1], "texture": "#7"},
				"up": {"uv": [0, 0, 1.5, 1.5], "texture": "#7"},
				"down": {"uv": [0, 0, 1.5, 1.5], "texture": "#7"}
			}
		},
		{
			"from": [6.45, -5.65, 7.6],
			"to": [6.6, -3.6, 9.65],
			"rotation": {"angle": 45, "axis": "x", "origin": [8, -4, 8]},
			"faces": {
				"north": {"uv": [0, 0, 0.15, 2.05], "texture": "#2"},
				"east": {"uv": [0, 0, 2.05, 2.05], "texture": "#2"},
				"south": {"uv": [0, 0, 0.15, 2.05], "texture": "#2"},
				"west": {"uv": [0, 0, 16, 16], "texture": "#2"},
				"up": {"uv": [0, 0, 0.15, 2.05], "texture": "#2"},
				"down": {"uv": [0, 0, 0.15, 2.05], "texture": "#2"}
			}
		},
		{
			"from": [9, -6.1, 7.15],
			"to": [9.25, -3.15, 10.1],
			"rotation": {"angle": 45, "axis": "x", "origin": [8, -4, 8]},
			"faces": {
				"north": {"uv": [0, 0, 0.25, 2.95], "texture": "#0"},
				"east": {"uv": [0, 0, 2.95, 2.95], "texture": "#0"},
				"south": {"uv": [0, 0, 0.25, 2.95], "texture": "#0"},
				"west": {"uv": [0, 0, 2.95, 2.95], "texture": "#0"},
				"up": {"uv": [0, 0, 0.25, 2.95], "texture": "#0"},
				"down": {"uv": [0, 0, 0.25, 2.95], "texture": "#0"}
			}
		},
		{
			"from": [6.75, -6.1, 7.15],
			"to": [7, -3.15, 10.1],
			"rotation": {"angle": 45, "axis": "x", "origin": [8, -4, 8]},
			"faces": {
				"north": {"uv": [0, 0, 0.25, 2.95], "texture": "#0"},
				"east": {"uv": [0, 0, 2.95, 2.95], "texture": "#0"},
				"south": {"uv": [0, 0, 0.25, 2.95], "texture": "#0"},
				"west": {"uv": [0, 0, 2.95, 2.95], "texture": "#0"},
				"up": {"uv": [0, 0, 0.25, 2.95], "texture": "#0"},
				"down": {"uv": [0, 0, 0.25, 2.95], "texture": "#0"}
			}
		},
		{
			"from": [7, -13, 7],
			"to": [9, -12, 9],
			"rotation": {"angle": 0, "axis": "y", "origin": [0, -20, 0]},
			"faces": {
				"north": {"uv": [6, 3, 8, 4], "texture": "#7"},
				"east": {"uv": [4, 6, 6, 7], "texture": "#7"},
				"south": {"uv": [6, 4, 8, 5], "texture": "#7"},
				"west": {"uv": [6, 5, 8, 6], "texture": "#7"},
				"up": {"uv": [4, 2, 2, 0], "texture": "#7"},
				"down": {"uv": [4, 2, 2, 4], "texture": "#7"}
			}
		},
		{
			"from": [7, -8, 7],
			"to": [9, -6, 9],
			"rotation": {"angle": 0, "axis": "y", "origin": [0, -20, 0]},
			"faces": {
				"north": {"uv": [0, 4, 2, 6], "texture": "#7"},
				"east": {"uv": [4, 0, 6, 2], "texture": "#7"},
				"south": {"uv": [2, 4, 4, 6], "texture": "#7"},
				"west": {"uv": [4, 2, 6, 4], "texture": "#7"},
				"up": {"uv": [6, 6, 4, 4], "texture": "#7"},
				"down": {"uv": [2, 6, 0, 8], "texture": "#7"}
			}
		},
		{
			"from": [9.4, -5.65, 7.6],
			"to": [9.55, -3.6, 9.65],
			"rotation": {"angle": 45, "axis": "x", "origin": [8, -4, 8]},
			"faces": {
				"north": {"uv": [0, 0, 0.15, 2.05], "texture": "#2"},
				"east": {"uv": [0, 0, 16, 16], "texture": "#2"},
				"south": {"uv": [0, 0, 0.15, 2.05], "texture": "#2"},
				"west": {"uv": [0, 0, 2.05, 2.05], "texture": "#2"},
				"up": {"uv": [0, 0, 0.15, 2.05], "texture": "#2"},
				"down": {"uv": [0, 0, 0.15, 2.05], "texture": "#2"}
			}
		},
		{
			"from": [9.25, -5.9, 7.35],
			"to": [9.4, -3.35, 9.9],
			"rotation": {"angle": 45, "axis": "x", "origin": [8, -4, 8]},
			"faces": {
				"north": {"uv": [0, 0, 0.15, 2.55], "texture": "#1"},
				"east": {"uv": [0, 0, 2.55, 2.55], "texture": "#1"},
				"south": {"uv": [0, 0, 0.15, 2.55], "texture": "#1"},
				"west": {"uv": [0, 0, 2.55, 2.55], "texture": "#1"},
				"up": {"uv": [0, 0, 0.15, 2.55], "texture": "#1"},
				"down": {"uv": [0, 0, 0.15, 2.55], "texture": "#1"}
			}
		},
		{
			"from": [6.95, -6.25, 7],
			"to": [9.05, -3, 10.25],
			"rotation": {"angle": 45, "axis": "x", "origin": [8, -4, 8]},
			"faces": {
				"north": {"uv": [3, 0, 5, 3], "texture": "#3"},
				"east": {"uv": [0, 0, 3, 3], "texture": "#3"},
				"south": {"uv": [3, 3, 5, 6], "texture": "#3"},
				"west": {"uv": [0, 3, 3, 6], "texture": "#3"},
				"up": {"uv": [7, 3, 5, 0], "texture": "#3"},
				"down": {"uv": [7, 3, 5, 6], "texture": "#3"}
			}
		},
		{
			"from": [6.6, -5.9, 7.35],
			"to": [6.75, -3.35, 9.9],
			"rotation": {"angle": 45, "axis": "x", "origin": [8, -4, 8]},
			"faces": {
				"north": {"uv": [0, 0, 0.15, 2.55], "texture": "#1"},
				"east": {"uv": [0, 0, 2.55, 2.55], "texture": "#1"},
				"south": {"uv": [0, 0, 0.15, 2.55], "texture": "#1"},
				"west": {"uv": [0, 0, 2.55, 2.55], "texture": "#1"},
				"up": {"uv": [0, 0, 0.15, 2.55], "texture": "#1"},
				"down": {"uv": [0, 0, 0.15, 2.55], "texture": "#1"}
			}
		},
		{
			"from": [7.95, -5.50888, 11.53185],
			"to": [8.05, -4.25888, 17.78185],
			"rotation": {"angle": 0, "axis": "y", "origin": [8, -4.88388, 7.90685]},
			"faces": {
				"north": {"uv": [0, 0, 0.1, 1.25], "texture": "#0"},
				"east": {"uv": [0, 0, 6.25, 1.25], "texture": "#0"},
				"south": {"uv": [0, 0, 0.1, 1.25], "texture": "#0"},
				"west": {"uv": [0, 0, 6.25, 1.25], "texture": "#0"},
				"up": {"uv": [0, 0, 0.1, 6.25], "texture": "#0"},
				"down": {"uv": [0, 0, 0.1, 6.25], "texture": "#0"}
			}
		},
		{
			"from": [8.05, -5.50888, 12.53185],
			"to": [8.15, -4.25888, 16.78185],
			"rotation": {"angle": 0, "axis": "y", "origin": [8, -4.88388, 7.90685]},
			"faces": {
				"north": {"uv": [0, 0, 16, 16], "texture": "#12"},
				"east": {"uv": [0, 6, 16, 10], "texture": "#12"},
				"south": {"uv": [0, 0, 16, 16], "texture": "#12"},
				"west": {"uv": [16, 6, 0, 10], "texture": "#12"},
				"up": {"uv": [10, 16, 6, 0], "texture": "#12"},
				"down": {"uv": [10, 0, 6, 16], "texture": "#12"}
			}
		},
		{
			"from": [8.15, -5.25888, 12.78185],
			"to": [8.25, -4.50888, 16.53185],
			"rotation": {"angle": 0, "axis": "y", "origin": [8, -4.88388, 7.90685]},
			"faces": {
				"north": {"uv": [0, 0, 16, 16], "texture": "#10"},
				"east": {"uv": [0, 6, 16, 10], "texture": "#10"},
				"south": {"uv": [0, 0, 16, 16], "texture": "#10"},
				"west": {"uv": [0, 5, 16, 9], "texture": "#10"},
				"up": {"uv": [4, 16, 0, 0], "texture": "#10"},
				"down": {"uv": [4, 0, 0, 16], "texture": "#10"}
			}
		},
		{
			"from": [7.75, -5.25888, 12.78185],
			"to": [7.85, -4.50888, 16.53185],
			"rotation": {"angle": 0, "axis": "y", "origin": [8, -4.88388, 7.90685]},
			"faces": {
				"north": {"uv": [0, 0, 16, 16], "texture": "#10"},
				"east": {"uv": [0, 12, 16, 16], "texture": "#10"},
				"south": {"uv": [0, 0, 16, 16], "texture": "#10"},
				"west": {"uv": [0, 11, 16, 15], "texture": "#10"},
				"up": {"uv": [0, 16, 4, 0], "texture": "#10"},
				"down": {"uv": [4, 0, 0, 16], "texture": "#10"}
			}
		},
		{
			"from": [7.85, -5.50888, 12.53185],
			"to": [7.95, -4.25888, 16.78185],
			"rotation": {"angle": 0, "axis": "y", "origin": [8, -4.88388, 7.90685]},
			"faces": {
				"north": {"uv": [0, 0, 16, 16], "texture": "#12"},
				"east": {"uv": [0, 6, 16, 10], "texture": "#12"},
				"south": {"uv": [0, 0, 16, 16], "texture": "#12"},
				"west": {"uv": [0, 6, 16, 10], "texture": "#12"},
				"up": {"uv": [10, 16, 6, 0], "texture": "#12"},
				"down": {"uv": [10, 0, 6, 16], "texture": "#12"}
			}
		},
		{
			"from": [7.95, -4.25888, 12.53185],
			"to": [8.05, -4.00888, 16.78185],
			"rotation": {"angle": 0, "axis": "y", "origin": [8, -4.88388, 7.90685]},
			"faces": {
				"north": {"uv": [0, 0, 0.1, 0.25], "texture": "#0"},
				"east": {"uv": [0, 0, 4.25, 0.25], "texture": "#0"},
				"south": {"uv": [0, 0, 0.1, 0.25], "texture": "#0"},
				"west": {"uv": [0, 0, 4.25, 0.25], "texture": "#0"},
				"up": {"uv": [0, 0, 0.1, 4.25], "texture": "#0"},
				"down": {"uv": [0, 0, 0.1, 4.25], "texture": "#0"}
			}
		},
		{
			"from": [7.95, -4.00888, 13.53185],
			"to": [8.05, -3.75888, 15.78185],
			"rotation": {"angle": 0, "axis": "y", "origin": [8, -4.88388, 7.90685]},
			"faces": {
				"north": {"uv": [0, 0, 0.1, 0.25], "texture": "#0"},
				"east": {"uv": [0, 0, 2.25, 0.25], "texture": "#0"},
				"south": {"uv": [0, 0, 0.1, 0.25], "texture": "#0"},
				"west": {"uv": [0, 0, 2.25, 0.25], "texture": "#0"},
				"up": {"uv": [0, 0, 0.1, 2.25], "texture": "#0"},
				"down": {"uv": [0, 0, 0.1, 2.25], "texture": "#0"}
			}
		},
		{
			"from": [7.95, -6.00888, 13.53185],
			"to": [8.05, -5.75888, 15.78185],
			"rotation": {"angle": 0, "axis": "y", "origin": [8, -4.88388, 7.90685]},
			"faces": {
				"north": {"uv": [0, 0, 0.1, 0.25], "texture": "#0"},
				"east": {"uv": [0, 0, 2.25, 0.25], "texture": "#0"},
				"south": {"uv": [0, 0, 0.1, 0.25], "texture": "#0"},
				"west": {"uv": [0, 0, 2.25, 0.25], "texture": "#0"},
				"up": {"uv": [0, 0, 0.1, 2.25], "texture": "#0"},
				"down": {"uv": [0, 0, 0.1, 2.25], "texture": "#0"}
			}
		},
		{
			"from": [7.95, -5.75888, 12.53185],
			"to": [8.05, -5.50888, 16.78185],
			"rotation": {"angle": 0, "axis": "y", "origin": [8, -4.88388, 7.90685]},
			"faces": {
				"north": {"uv": [0, 0, 0.1, 0.25], "texture": "#0"},
				"east": {"uv": [0, 0, 4.25, 0.25], "texture": "#0"},
				"south": {"uv": [0, 0, 0.1, 0.25], "texture": "#0"},
				"west": {"uv": [0, 0, 4.25, 0.25], "texture": "#0"},
				"up": {"uv": [0, 0, 0.1, 4.25], "texture": "#0"},
				"down": {"uv": [0, 0, 0.1, 4.25], "texture": "#0"}
			}
		},
		{
			"from": [7.95, -5.25888, 11.03185],
			"to": [8.05, -4.50888, 11.53185],
			"rotation": {"angle": 0, "axis": "y", "origin": [8, -4.88388, 7.90685]},
			"faces": {
				"north": {"uv": [0, 0, 0.1, 0.75], "texture": "#0"},
				"east": {"uv": [0, 0, 0.5, 0.75], "texture": "#0"},
				"south": {"uv": [0, 0, 0.1, 0.75], "texture": "#0"},
				"west": {"uv": [0, 0, 0.5, 0.75], "texture": "#0"},
				"up": {"uv": [0, 0, 0.1, 0.5], "texture": "#0"},
				"down": {"uv": [0, 0, 0.1, 0.5], "texture": "#0"}
			}
		},
		{
			"from": [7.95, -5.25888, 17.78185],
			"to": [8.05, -4.50888, 18.28185],
			"rotation": {"angle": 0, "axis": "y", "origin": [8, -4.88388, 7.90685]},
			"faces": {
				"north": {"uv": [0, 0, 0.1, 0.75], "texture": "#0"},
				"east": {"uv": [0, 0, 0.5, 0.75], "texture": "#0"},
				"south": {"uv": [0, 0, 0.1, 0.75], "texture": "#0"},
				"west": {"uv": [0, 0, 0.5, 0.75], "texture": "#0"},
				"up": {"uv": [0, 0, 0.1, 0.5], "texture": "#0"},
				"down": {"uv": [0, 0, 0.1, 0.5], "texture": "#0"}
			}
		},
		{
			"from": [7.95, -5.00888, 10.53185],
			"to": [8.05, -4.75888, 11.03185],
			"rotation": {"angle": 0, "axis": "y", "origin": [8, -4.88388, 7.90685]},
			"faces": {
				"north": {"uv": [0, 0, 0.1, 0.25], "texture": "#0"},
				"east": {"uv": [0, 0, 0.5, 0.25], "texture": "#0"},
				"south": {"uv": [0, 0, 0.1, 0.25], "texture": "#0"},
				"west": {"uv": [0, 0, 0.5, 0.25], "texture": "#0"},
				"up": {"uv": [0, 0, 0.1, 0.5], "texture": "#0"},
				"down": {"uv": [0, 0, 0.1, 0.5], "texture": "#0"}
			}
		},
		{
			"from": [7.95, -5.00888, 18.28185],
			"to": [8.05, -4.75888, 18.78185],
			"rotation": {"angle": 0, "axis": "y", "origin": [8, -4.88388, 7.90685]},
			"faces": {
				"north": {"uv": [0, 0, 0.1, 0.25], "texture": "#0"},
				"east": {"uv": [0, 0, 0.5, 0.25], "texture": "#0"},
				"south": {"uv": [0, 0, 0.1, 0.25], "texture": "#0"},
				"west": {"uv": [0, 0, 0.5, 0.25], "texture": "#0"},
				"up": {"uv": [0, 0, 0.1, 0.5], "texture": "#0"},
				"down": {"uv": [0, 0, 0.1, 0.5], "texture": "#0"}
			}
		},
		{
			"from": [7.95, -5.50888, -1.96815],
			"to": [8.05, -4.25888, 4.28185],
			"rotation": {"angle": 0, "axis": "y", "origin": [8, -4.88388, 1.15685]},
			"faces": {
				"north": {"uv": [0, 0, 0.1, 1.25], "texture": "#0"},
				"east": {"uv": [0, 0, 6.25, 1.25], "texture": "#0"},
				"south": {"uv": [0, 0, 0.1, 1.25], "texture": "#0"},
				"west": {"uv": [0, 0, 6.25, 1.25], "texture": "#0"},
				"up": {"uv": [0, 0, 0.1, 6.25], "texture": "#0"},
				"down": {"uv": [0, 0, 0.1, 6.25], "texture": "#0"}
			}
		},
		{
			"from": [8.05, -5.50888, -0.96815],
			"to": [8.15, -4.25888, 3.28185],
			"rotation": {"angle": 0, "axis": "y", "origin": [8, -4.88388, 1.15685]},
			"faces": {
				"north": {"uv": [0, 0, 16, 16], "texture": "#12"},
				"east": {"uv": [0, 6, 16, 10], "texture": "#12"},
				"south": {"uv": [0, 0, 16, 16], "texture": "#12"},
				"west": {"uv": [16, 6, 0, 10], "texture": "#12"},
				"up": {"uv": [10, 16, 6, 0], "texture": "#12"},
				"down": {"uv": [10, 0, 6, 16], "texture": "#12"}
			}
		},
		{
			"from": [8.15, -5.25888, -0.71815],
			"to": [8.25, -4.50888, 3.03185],
			"rotation": {"angle": 0, "axis": "y", "origin": [8, -4.88388, 1.15685]},
			"faces": {
				"north": {"uv": [0, 0, 16, 16], "texture": "#10"},
				"east": {"uv": [0, 5, 16, 8], "texture": "#10"},
				"south": {"uv": [0, 0, 16, 16], "texture": "#10"},
				"west": {"uv": [0, 3, 16, 7], "texture": "#10"},
				"up": {"uv": [0, 16, 4, 0], "texture": "#10"},
				"down": {"uv": [4, 0, 0, 16], "texture": "#10"}
			}
		},
		{
			"from": [7.75, -5.25888, -0.71815],
			"to": [7.85, -4.50888, 3.03185],
			"rotation": {"angle": 0, "axis": "y", "origin": [8, -4.88388, 1.15685]},
			"faces": {
				"north": {"uv": [0, 0, 16, 16], "texture": "#10"},
				"east": {"uv": [0, 10, 16, 14], "texture": "#10"},
				"south": {"uv": [0, 0, 16, 16], "texture": "#10"},
				"west": {"uv": [0, 9, 16, 13], "texture": "#10"},
				"up": {"uv": [0, 16, 4, 0], "texture": "#10"},
				"down": {"uv": [4, 0, 0, 16], "texture": "#10"}
			}
		},
		{
			"from": [7.85, -5.50888, -0.96815],
			"to": [7.95, -4.25888, 3.28185],
			"rotation": {"angle": 0, "axis": "y", "origin": [8, -4.88388, 1.15685]},
			"faces": {
				"north": {"uv": [0, 0, 16, 16], "texture": "#12"},
				"east": {"uv": [0, 6, 16, 10], "texture": "#12"},
				"south": {"uv": [0, 0, 16, 16], "texture": "#12"},
				"west": {"uv": [0, 6, 16, 10], "texture": "#12"},
				"up": {"uv": [10, 16, 6, 0], "texture": "#12"},
				"down": {"uv": [10, 0, 6, 16], "texture": "#12"}
			}
		},
		{
			"from": [7.95, -4.25888, -0.96815],
			"to": [8.05, -4.00888, 3.28185],
			"rotation": {"angle": 0, "axis": "y", "origin": [8, -4.88388, 1.15685]},
			"faces": {
				"north": {"uv": [0, 0, 0.1, 0.25], "texture": "#0"},
				"east": {"uv": [0, 0, 4.25, 0.25], "texture": "#0"},
				"south": {"uv": [0, 0, 0.1, 0.25], "texture": "#0"},
				"west": {"uv": [0, 0, 4.25, 0.25], "texture": "#0"},
				"up": {"uv": [0, 0, 0.1, 4.25], "texture": "#0"},
				"down": {"uv": [0, 0, 0.1, 4.25], "texture": "#0"}
			}
		},
		{
			"from": [7.95, -4.00888, 0.03185],
			"to": [8.05, -3.75888, 2.28185],
			"rotation": {"angle": 0, "axis": "y", "origin": [8, -4.88388, 1.15685]},
			"faces": {
				"north": {"uv": [0, 0, 0.1, 0.25], "texture": "#0"},
				"east": {"uv": [0, 0, 2.25, 0.25], "texture": "#0"},
				"south": {"uv": [0, 0, 0.1, 0.25], "texture": "#0"},
				"west": {"uv": [0, 0, 2.25, 0.25], "texture": "#0"},
				"up": {"uv": [0, 0, 0.1, 2.25], "texture": "#0"},
				"down": {"uv": [0, 0, 0.1, 2.25], "texture": "#0"}
			}
		},
		{
			"from": [7.95, -6.00888, 0.03185],
			"to": [8.05, -5.75888, 2.28185],
			"rotation": {"angle": 0, "axis": "y", "origin": [8, -4.88388, 1.15685]},
			"faces": {
				"north": {"uv": [0, 0, 0.1, 0.25], "texture": "#0"},
				"east": {"uv": [0, 0, 2.25, 0.25], "texture": "#0"},
				"south": {"uv": [0, 0, 0.1, 0.25], "texture": "#0"},
				"west": {"uv": [0, 0, 2.25, 0.25], "texture": "#0"},
				"up": {"uv": [0, 0, 0.1, 2.25], "texture": "#0"},
				"down": {"uv": [0, 0, 0.1, 2.25], "texture": "#0"}
			}
		},
		{
			"from": [7.95, -5.75888, -0.96815],
			"to": [8.05, -5.50888, 3.28185],
			"rotation": {"angle": 0, "axis": "y", "origin": [8, -4.88388, 1.15685]},
			"faces": {
				"north": {"uv": [0, 0, 0.1, 0.25], "texture": "#0"},
				"east": {"uv": [0, 0, 4.25, 0.25], "texture": "#0"},
				"south": {"uv": [0, 0, 0.1, 0.25], "texture": "#0"},
				"west": {"uv": [0, 0, 4.25, 0.25], "texture": "#0"},
				"up": {"uv": [0, 0, 0.1, 4.25], "texture": "#0"},
				"down": {"uv": [0, 0, 0.1, 4.25], "texture": "#0"}
			}
		},
		{
			"from": [7.95, -5.25888, -2.46815],
			"to": [8.05, -4.50888, -1.96815],
			"rotation": {"angle": 0, "axis": "y", "origin": [8, -4.88388, 1.15685]},
			"faces": {
				"north": {"uv": [0, 0, 0.1, 0.75], "texture": "#0"},
				"east": {"uv": [0, 0, 0.5, 0.75], "texture": "#0"},
				"south": {"uv": [0, 0, 0.1, 0.75], "texture": "#0"},
				"west": {"uv": [0, 0, 0.5, 0.75], "texture": "#0"},
				"up": {"uv": [0, 0, 0.1, 0.5], "texture": "#0"},
				"down": {"uv": [0, 0, 0.1, 0.5], "texture": "#0"}
			}
		},
		{
			"from": [7.95, -5.25888, 4.28185],
			"to": [8.05, -4.50888, 4.78185],
			"rotation": {"angle": 0, "axis": "y", "origin": [8, -4.88388, 1.15685]},
			"faces": {
				"north": {"uv": [0, 0, 0.1, 0.75], "texture": "#0"},
				"east": {"uv": [0, 0, 0.5, 0.75], "texture": "#0"},
				"south": {"uv": [0, 0, 0.1, 0.75], "texture": "#0"},
				"west": {"uv": [0, 0, 0.5, 0.75], "texture": "#0"},
				"up": {"uv": [0, 0, 0.1, 0.5], "texture": "#0"},
				"down": {"uv": [0, 0, 0.1, 0.5], "texture": "#0"}
			}
		},
		{
			"from": [7.95, -5.00888, -2.96815],
			"to": [8.05, -4.75888, -2.46815],
			"rotation": {"angle": 0, "axis": "y", "origin": [8, -4.88388, 1.15685]},
			"faces": {
				"north": {"uv": [0, 0, 0.1, 0.25], "texture": "#0"},
				"east": {"uv": [0, 0, 0.5, 0.25], "texture": "#0"},
				"south": {"uv": [0, 0, 0.1, 0.25], "texture": "#0"},
				"west": {"uv": [0, 0, 0.5, 0.25], "texture": "#0"},
				"up": {"uv": [0, 0, 0.1, 0.5], "texture": "#0"},
				"down": {"uv": [0, 0, 0.1, 0.5], "texture": "#0"}
			}
		},
		{
			"from": [7.95, -5.00888, 4.78185],
			"to": [8.05, -4.75888, 5.28185],
			"rotation": {"angle": 0, "axis": "y", "origin": [8, -4.88388, 1.15685]},
			"faces": {
				"north": {"uv": [0, 0, 0.1, 0.25], "texture": "#0"},
				"east": {"uv": [0, 0, 0.5, 0.25], "texture": "#0"},
				"south": {"uv": [0, 0, 0.1, 0.25], "texture": "#0"},
				"west": {"uv": [0, 0, 0.5, 0.25], "texture": "#0"},
				"up": {"uv": [0, 0, 0.1, 0.5], "texture": "#0"},
				"down": {"uv": [0, 0, 0.1, 0.5], "texture": "#0"}
			}
		},
		{
			"from": [7.95, -5.50888, -1.96815],
			"to": [8.05, -4.25888, 4.28185],
			"rotation": {"angle": 22.5, "axis": "x", "origin": [8, -4.88388, 8.15685]},
			"faces": {
				"north": {"uv": [0, 0, 0.1, 1.25], "texture": "#0"},
				"east": {"uv": [0, 0, 6.25, 1.25], "texture": "#0"},
				"south": {"uv": [0, 0, 0.1, 1.25], "texture": "#0"},
				"west": {"uv": [0, 0, 6.25, 1.25], "texture": "#0"},
				"up": {"uv": [0, 0, 0.1, 6.25], "texture": "#0"},
				"down": {"uv": [0, 0, 0.1, 6.25], "texture": "#0"}
			}
		},
		{
			"from": [8.05, -5.50888, -0.96815],
			"to": [8.15, -4.25888, 3.28185],
			"rotation": {"angle": 22.5, "axis": "x", "origin": [8, -4.88388, 8.15685]},
			"faces": {
				"north": {"uv": [0, 0, 16, 16], "texture": "#12"},
				"east": {"uv": [0, 6, 16, 10], "texture": "#12"},
				"south": {"uv": [0, 0, 16, 16], "texture": "#12"},
				"west": {"uv": [16, 6, 0, 10], "texture": "#12"},
				"up": {"uv": [10, 16, 6, 0], "texture": "#12"},
				"down": {"uv": [10, 0, 6, 16], "texture": "#12"}
			}
		},
		{
			"from": [8.15, -5.25888, -0.71815],
			"to": [8.25, -4.50888, 3.03185],
			"rotation": {"angle": 22.5, "axis": "x", "origin": [8, -4.88388, 8.15685]},
			"faces": {
				"north": {"uv": [0, 0, 16, 16], "texture": "#11"},
				"east": {"uv": [0, 6, 16, 10], "texture": "#11"},
				"south": {"uv": [0, 0, 16, 16], "texture": "#11"},
				"west": {"uv": [0, 6, 16, 10], "texture": "#11"},
				"up": {"uv": [10, 16, 6, 0], "texture": "#11"},
				"down": {"uv": [10, 0, 6, 16], "texture": "#11"}
			}
		},
		{
			"from": [7.75, -5.25888, -0.71815],
			"to": [7.85, -4.50888, 3.03185],
			"rotation": {"angle": 22.5, "axis": "x", "origin": [8, -4.88388, 8.15685]},
			"faces": {
				"north": {"uv": [0, 0, 16, 16], "texture": "#11"},
				"east": {"uv": [0, 6, 16, 10], "texture": "#11"},
				"south": {"uv": [0, 0, 16, 16], "texture": "#11"},
				"west": {"uv": [0, 6, 16, 10], "texture": "#11"},
				"up": {"uv": [10, 16, 6, 0], "texture": "#11"},
				"down": {"uv": [10, 0, 6, 16], "texture": "#11"}
			}
		},
		{
			"from": [7.85, -5.50888, -0.96815],
			"to": [7.95, -4.25888, 3.28185],
			"rotation": {"angle": 22.5, "axis": "x", "origin": [8, -4.88388, 8.15685]},
			"faces": {
				"north": {"uv": [0, 0, 16, 16], "texture": "#12"},
				"east": {"uv": [0, 6, 16, 10], "texture": "#12"},
				"south": {"uv": [0, 0, 16, 16], "texture": "#12"},
				"west": {"uv": [0, 6, 16, 10], "texture": "#12"},
				"up": {"uv": [10, 16, 6, 0], "texture": "#12"},
				"down": {"uv": [10, 0, 6, 16], "texture": "#12"}
			}
		},
		{
			"from": [7.95, -4.25888, -0.96815],
			"to": [8.05, -4.00888, 3.28185],
			"rotation": {"angle": 22.5, "axis": "x", "origin": [8, -4.88388, 8.15685]},
			"faces": {
				"north": {"uv": [0, 0, 0.1, 0.25], "texture": "#0"},
				"east": {"uv": [0, 0, 4.25, 0.25], "texture": "#0"},
				"south": {"uv": [0, 0, 0.1, 0.25], "texture": "#0"},
				"west": {"uv": [0, 0, 4.25, 0.25], "texture": "#0"},
				"up": {"uv": [0, 0, 0.1, 4.25], "texture": "#0"},
				"down": {"uv": [0, 0, 0.1, 4.25], "texture": "#0"}
			}
		},
		{
			"from": [7.95, -4.00888, 0.03185],
			"to": [8.05, -3.75888, 2.28185],
			"rotation": {"angle": 22.5, "axis": "x", "origin": [8, -4.88388, 8.15685]},
			"faces": {
				"north": {"uv": [0, 0, 0.1, 0.25], "texture": "#0"},
				"east": {"uv": [0, 0, 2.25, 0.25], "texture": "#0"},
				"south": {"uv": [0, 0, 0.1, 0.25], "texture": "#0"},
				"west": {"uv": [0, 0, 2.25, 0.25], "texture": "#0"},
				"up": {"uv": [0, 0, 0.1, 2.25], "texture": "#0"},
				"down": {"uv": [0, 0, 0.1, 2.25], "texture": "#0"}
			}
		},
		{
			"from": [7.95, -6.00888, 0.03185],
			"to": [8.05, -5.75888, 2.28185],
			"rotation": {"angle": 22.5, "axis": "x", "origin": [8, -4.88388, 8.15685]},
			"faces": {
				"north": {"uv": [0, 0, 0.1, 0.25], "texture": "#0"},
				"east": {"uv": [0, 0, 2.25, 0.25], "texture": "#0"},
				"south": {"uv": [0, 0, 0.1, 0.25], "texture": "#0"},
				"west": {"uv": [0, 0, 2.25, 0.25], "texture": "#0"},
				"up": {"uv": [0, 0, 0.1, 2.25], "texture": "#0"},
				"down": {"uv": [0, 0, 0.1, 2.25], "texture": "#0"}
			}
		},
		{
			"from": [7.95, -5.75888, -0.96815],
			"to": [8.05, -5.50888, 3.28185],
			"rotation": {"angle": 22.5, "axis": "x", "origin": [8, -4.88388, 8.15685]},
			"faces": {
				"north": {"uv": [0, 0, 0.1, 0.25], "texture": "#0"},
				"east": {"uv": [0, 0, 4.25, 0.25], "texture": "#0"},
				"south": {"uv": [0, 0, 0.1, 0.25], "texture": "#0"},
				"west": {"uv": [0, 0, 4.25, 0.25], "texture": "#0"},
				"up": {"uv": [0, 0, 0.1, 4.25], "texture": "#0"},
				"down": {"uv": [0, 0, 0.1, 4.25], "texture": "#0"}
			}
		},
		{
			"from": [7.95, -5.25888, -2.46815],
			"to": [8.05, -4.50888, -1.96815],
			"rotation": {"angle": 22.5, "axis": "x", "origin": [8, -4.88388, 8.15685]},
			"faces": {
				"north": {"uv": [0, 0, 0.1, 0.75], "texture": "#0"},
				"east": {"uv": [0, 0, 0.5, 0.75], "texture": "#0"},
				"south": {"uv": [0, 0, 0.1, 0.75], "texture": "#0"},
				"west": {"uv": [0, 0, 0.5, 0.75], "texture": "#0"},
				"up": {"uv": [0, 0, 0.1, 0.5], "texture": "#0"},
				"down": {"uv": [0, 0, 0.1, 0.5], "texture": "#0"}
			}
		},
		{
			"from": [7.95, -5.25888, 4.28185],
			"to": [8.05, -4.50888, 4.78185],
			"rotation": {"angle": 22.5, "axis": "x", "origin": [8, -4.88388, 8.15685]},
			"faces": {
				"north": {"uv": [0, 0, 0.1, 0.75], "texture": "#0"},
				"east": {"uv": [0, 0, 0.5, 0.75], "texture": "#0"},
				"south": {"uv": [0, 0, 0.1, 0.75], "texture": "#0"},
				"west": {"uv": [0, 0, 0.5, 0.75], "texture": "#0"},
				"up": {"uv": [0, 0, 0.1, 0.5], "texture": "#0"},
				"down": {"uv": [0, 0, 0.1, 0.5], "texture": "#0"}
			}
		},
		{
			"from": [7.95, -5.00888, -2.96815],
			"to": [8.05, -4.75888, -2.46815],
			"rotation": {"angle": 22.5, "axis": "x", "origin": [8, -4.88388, 8.15685]},
			"faces": {
				"north": {"uv": [0, 0, 0.1, 0.25], "texture": "#0"},
				"east": {"uv": [0, 0, 0.5, 0.25], "texture": "#0"},
				"south": {"uv": [0, 0, 0.1, 0.25], "texture": "#0"},
				"west": {"uv": [0, 0, 0.5, 0.25], "texture": "#0"},
				"up": {"uv": [0, 0, 0.1, 0.5], "texture": "#0"},
				"down": {"uv": [0, 0, 0.1, 0.5], "texture": "#0"}
			}
		},
		{
			"from": [7.95, -5.00888, 4.78185],
			"to": [8.05, -4.75888, 5.28185],
			"rotation": {"angle": 22.5, "axis": "x", "origin": [8, -4.88388, 8.15685]},
			"faces": {
				"north": {"uv": [0, 0, 0.1, 0.25], "texture": "#0"},
				"east": {"uv": [0, 0, 0.5, 0.25], "texture": "#0"},
				"south": {"uv": [0, 0, 0.1, 0.25], "texture": "#0"},
				"west": {"uv": [0, 0, 0.5, 0.25], "texture": "#0"},
				"up": {"uv": [0, 0, 0.1, 0.5], "texture": "#0"},
				"down": {"uv": [0, 0, 0.1, 0.5], "texture": "#0"}
			}
		},
		{
			"from": [7.95, -5.50888, -1.96815],
			"to": [8.05, -4.25888, 4.28185],
			"rotation": {"angle": -22.5, "axis": "x", "origin": [8, -4.88388, 8.15685]},
			"faces": {
				"north": {"uv": [0, 0, 0.1, 1.25], "texture": "#0"},
				"east": {"uv": [0, 0, 6.25, 1.25], "texture": "#0"},
				"south": {"uv": [0, 0, 0.1, 1.25], "texture": "#0"},
				"west": {"uv": [0, 0, 6.25, 1.25], "texture": "#0"},
				"up": {"uv": [0, 0, 0.1, 6.25], "texture": "#0"},
				"down": {"uv": [0, 0, 0.1, 6.25], "texture": "#0"}
			}
		},
		{
			"from": [8.05, -5.50888, -0.96815],
			"to": [8.15, -4.25888, 3.28185],
			"rotation": {"angle": -22.5, "axis": "x", "origin": [8, -4.88388, 8.15685]},
			"faces": {
				"north": {"uv": [0, 0, 16, 16], "texture": "#12"},
				"east": {"uv": [0, 6, 16, 10], "texture": "#12"},
				"south": {"uv": [0, 0, 16, 16], "texture": "#12"},
				"west": {"uv": [16, 6, 0, 10], "texture": "#12"},
				"up": {"uv": [10, 16, 6, 0], "texture": "#12"},
				"down": {"uv": [10, 0, 6, 16], "texture": "#12"}
			}
		},
		{
			"from": [8.15, -5.25888, -0.71815],
			"to": [8.25, -4.50888, 3.03185],
			"rotation": {"angle": -22.5, "axis": "x", "origin": [8, -4.88388, 8.15685]},
			"faces": {
				"north": {"uv": [0, 0, 16, 16], "texture": "#9"},
				"east": {"uv": [0, 2, 16, 6], "texture": "#9"},
				"south": {"uv": [0, 0, 16, 16], "texture": "#9"},
				"west": {"uv": [0, 3, 16, 7], "texture": "#9"},
				"up": {"uv": [4, 16, 0, 6], "texture": "#9"},
				"down": {"uv": [5, 0, 1, 16], "texture": "#9"}
			}
		},
		{
			"from": [7.75, -5.25888, -0.71815],
			"to": [7.85, -4.50888, 3.03185],
			"rotation": {"angle": -22.5, "axis": "x", "origin": [8, -4.88388, 8.15685]},
			"faces": {
				"north": {"uv": [0, 0, 16, 16], "texture": "#9"},
				"east": {"uv": [0, 0, 16, 4], "texture": "#9"},
				"south": {"uv": [0, 0, 16, 16], "texture": "#9"},
				"west": {"uv": [0, 1, 16, 5], "texture": "#9"},
				"up": {"uv": [4, 16, 0, 2], "texture": "#9"},
				"down": {"uv": [5, 0, 1, 16], "texture": "#9"}
			}
		},
		{
			"from": [7.85, -5.50888, -0.96815],
			"to": [7.95, -4.25888, 3.28185],
			"rotation": {"angle": -22.5, "axis": "x", "origin": [8, -4.88388, 8.15685]},
			"faces": {
				"north": {"uv": [0, 0, 16, 16], "texture": "#12"},
				"east": {"uv": [0, 6, 16, 10], "texture": "#12"},
				"south": {"uv": [0, 0, 16, 16], "texture": "#12"},
				"west": {"uv": [0, 6, 16, 10], "texture": "#12"},
				"up": {"uv": [10, 16, 6, 0], "texture": "#12"},
				"down": {"uv": [10, 0, 6, 16], "texture": "#12"}
			}
		},
		{
			"from": [7.95, -4.25888, -0.96815],
			"to": [8.05, -4.00888, 3.28185],
			"rotation": {"angle": -22.5, "axis": "x", "origin": [8, -4.88388, 8.15685]},
			"faces": {
				"north": {"uv": [0, 0, 0.1, 0.25], "texture": "#0"},
				"east": {"uv": [0, 0, 4.25, 0.25], "texture": "#0"},
				"south": {"uv": [0, 0, 0.1, 0.25], "texture": "#0"},
				"west": {"uv": [0, 0, 4.25, 0.25], "texture": "#0"},
				"up": {"uv": [0, 0, 0.1, 4.25], "texture": "#0"},
				"down": {"uv": [0, 0, 0.1, 4.25], "texture": "#0"}
			}
		},
		{
			"from": [7.95, -4.00888, 0.03185],
			"to": [8.05, -3.75888, 2.28185],
			"rotation": {"angle": -22.5, "axis": "x", "origin": [8, -4.88388, 8.15685]},
			"faces": {
				"north": {"uv": [0, 0, 0.1, 0.25], "texture": "#0"},
				"east": {"uv": [0, 0, 2.25, 0.25], "texture": "#0"},
				"south": {"uv": [0, 0, 0.1, 0.25], "texture": "#0"},
				"west": {"uv": [0, 0, 2.25, 0.25], "texture": "#0"},
				"up": {"uv": [0, 0, 0.1, 2.25], "texture": "#0"},
				"down": {"uv": [0, 0, 0.1, 2.25], "texture": "#0"}
			}
		},
		{
			"from": [7.95, -6.00888, 0.03185],
			"to": [8.05, -5.75888, 2.28185],
			"rotation": {"angle": -22.5, "axis": "x", "origin": [8, -4.88388, 8.15685]},
			"faces": {
				"north": {"uv": [0, 0, 0.1, 0.25], "texture": "#0"},
				"east": {"uv": [0, 0, 2.25, 0.25], "texture": "#0"},
				"south": {"uv": [0, 0, 0.1, 0.25], "texture": "#0"},
				"west": {"uv": [0, 0, 2.25, 0.25], "texture": "#0"},
				"up": {"uv": [0, 0, 0.1, 2.25], "texture": "#0"},
				"down": {"uv": [0, 0, 0.1, 2.25], "texture": "#0"}
			}
		},
		{
			"from": [7.95, -5.75888, -0.96815],
			"to": [8.05, -5.50888, 3.28185],
			"rotation": {"angle": -22.5, "axis": "x", "origin": [8, -4.88388, 8.15685]},
			"faces": {
				"north": {"uv": [0, 0, 0.1, 0.25], "texture": "#0"},
				"east": {"uv": [0, 0, 4.25, 0.25], "texture": "#0"},
				"south": {"uv": [0, 0, 0.1, 0.25], "texture": "#0"},
				"west": {"uv": [0, 0, 4.25, 0.25], "texture": "#0"},
				"up": {"uv": [0, 0, 0.1, 4.25], "texture": "#0"},
				"down": {"uv": [0, 0, 0.1, 4.25], "texture": "#0"}
			}
		},
		{
			"from": [7.95, -5.25888, -2.46815],
			"to": [8.05, -4.50888, -1.96815],
			"rotation": {"angle": -22.5, "axis": "x", "origin": [8, -4.88388, 8.15685]},
			"faces": {
				"north": {"uv": [0, 0, 0.1, 0.75], "texture": "#0"},
				"east": {"uv": [0, 0, 0.5, 0.75], "texture": "#0"},
				"south": {"uv": [0, 0, 0.1, 0.75], "texture": "#0"},
				"west": {"uv": [0, 0, 0.5, 0.75], "texture": "#0"},
				"up": {"uv": [0, 0, 0.1, 0.5], "texture": "#0"},
				"down": {"uv": [0, 0, 0.1, 0.5], "texture": "#0"}
			}
		},
		{
			"from": [7.95, -5.25888, 4.28185],
			"to": [8.05, -4.50888, 4.78185],
			"rotation": {"angle": -22.5, "axis": "x", "origin": [8, -4.88388, 8.15685]},
			"faces": {
				"north": {"uv": [0, 0, 0.1, 0.75], "texture": "#0"},
				"east": {"uv": [0, 0, 0.5, 0.75], "texture": "#0"},
				"south": {"uv": [0, 0, 0.1, 0.75], "texture": "#0"},
				"west": {"uv": [0, 0, 0.5, 0.75], "texture": "#0"},
				"up": {"uv": [0, 0, 0.1, 0.5], "texture": "#0"},
				"down": {"uv": [0, 0, 0.1, 0.5], "texture": "#0"}
			}
		},
		{
			"from": [7.95, -5.00888, -2.96815],
			"to": [8.05, -4.75888, -2.46815],
			"rotation": {"angle": -22.5, "axis": "x", "origin": [8, -4.88388, 8.15685]},
			"faces": {
				"north": {"uv": [0, 0, 0.1, 0.25], "texture": "#0"},
				"east": {"uv": [0, 0, 0.5, 0.25], "texture": "#0"},
				"south": {"uv": [0, 0, 0.1, 0.25], "texture": "#0"},
				"west": {"uv": [0, 0, 0.5, 0.25], "texture": "#0"},
				"up": {"uv": [0, 0, 0.1, 0.5], "texture": "#0"},
				"down": {"uv": [0, 0, 0.1, 0.5], "texture": "#0"}
			}
		},
		{
			"from": [7.95, -5.00888, 4.78185],
			"to": [8.05, -4.75888, 5.28185],
			"rotation": {"angle": -22.5, "axis": "x", "origin": [8, -4.88388, 8.15685]},
			"faces": {
				"north": {"uv": [0, 0, 0.1, 0.25], "texture": "#0"},
				"east": {"uv": [0, 0, 0.5, 0.25], "texture": "#0"},
				"south": {"uv": [0, 0, 0.1, 0.25], "texture": "#0"},
				"west": {"uv": [0, 0, 0.5, 0.25], "texture": "#0"},
				"up": {"uv": [0, 0, 0.1, 0.5], "texture": "#0"},
				"down": {"uv": [0, 0, 0.1, 0.5], "texture": "#0"}
			}
		},
		{
			"from": [7.95, -5.50888, 11.53185],
			"to": [8.05, -4.25888, 17.78185],
			"rotation": {"angle": -22.5, "axis": "x", "origin": [8, -4.88388, 7.90685]},
			"faces": {
				"north": {"uv": [3, 8, 4, 9], "texture": "#0"},
				"east": {"uv": [0, 0, 6, 1], "texture": "#0"},
				"south": {"uv": [8, 4, 9, 5], "texture": "#0"},
				"west": {"uv": [0, 1, 6, 2], "texture": "#0"},
				"up": {"uv": [1, 8, 0, 2], "texture": "#0"},
				"down": {"uv": [2, 2, 1, 8], "texture": "#0"}
			}
		},
		{
			"from": [8.05, -5.50888, 12.53185],
			"to": [8.15, -4.25888, 16.78185],
			"rotation": {"angle": -22.5, "axis": "x", "origin": [8, -4.88388, 7.90685]},
			"faces": {
				"north": {"uv": [0, 0, 16, 16], "texture": "#12"},
				"east": {"uv": [0, 6, 16, 10], "texture": "#12"},
				"south": {"uv": [0, 0, 16, 16], "texture": "#12"},
				"west": {"uv": [16, 6, 0, 10], "texture": "#12"},
				"up": {"uv": [10, 16, 6, 0], "texture": "#12"},
				"down": {"uv": [10, 0, 6, 16], "texture": "#12"}
			}
		},
		{
			"from": [8.15, -5.25888, 12.78185],
			"to": [8.25, -4.50888, 16.53185],
			"rotation": {"angle": -22.5, "axis": "x", "origin": [8, -4.88388, 7.90685]},
			"faces": {
				"north": {"uv": [0, 0, 16, 16], "texture": "#11"},
				"east": {"uv": [0, 6, 16, 10], "texture": "#11"},
				"south": {"uv": [0, 0, 16, 16], "texture": "#11"},
				"west": {"uv": [0, 6, 16, 10], "texture": "#11"},
				"up": {"uv": [10, 16, 6, 0], "texture": "#11"},
				"down": {"uv": [10, 0, 6, 16], "texture": "#11"}
			}
		},
		{
			"from": [7.75, -5.25888, 12.78185],
			"to": [7.85, -4.50888, 16.53185],
			"rotation": {"angle": -22.5, "axis": "x", "origin": [8, -4.88388, 7.90685]},
			"faces": {
				"north": {"uv": [0, 0, 16, 16], "texture": "#11"},
				"east": {"uv": [0, 6, 16, 10], "texture": "#11"},
				"south": {"uv": [0, 0, 16, 16], "texture": "#11"},
				"west": {"uv": [0, 6, 16, 10], "texture": "#11"},
				"up": {"uv": [10, 16, 6, 0], "texture": "#11"},
				"down": {"uv": [10, 0, 6, 16], "texture": "#11"}
			}
		},
		{
			"from": [7.85, -5.50888, 12.53185],
			"to": [7.95, -4.25888, 16.78185],
			"rotation": {"angle": -22.5, "axis": "x", "origin": [8, -4.88388, 7.90685]},
			"faces": {
				"north": {"uv": [0, 0, 16, 16], "texture": "#12"},
				"east": {"uv": [0, 6, 16, 10], "texture": "#12"},
				"south": {"uv": [0, 0, 16, 16], "texture": "#12"},
				"west": {"uv": [0, 6, 16, 10], "texture": "#12"},
				"up": {"uv": [10, 16, 6, 0], "texture": "#12"},
				"down": {"uv": [10, 0, 6, 16], "texture": "#12"}
			}
		},
		{
			"from": [7.95, -4.25888, 12.53185],
			"to": [8.05, -4.00888, 16.78185],
			"rotation": {"angle": -22.5, "axis": "x", "origin": [8, -4.88388, 7.90685]},
			"faces": {
				"north": {"uv": [2, 8, 3, 9], "texture": "#0"},
				"east": {"uv": [2, 2, 6, 3], "texture": "#0"},
				"south": {"uv": [8, 2, 9, 3], "texture": "#0"},
				"west": {"uv": [2, 3, 6, 4], "texture": "#0"},
				"up": {"uv": [3, 8, 2, 4], "texture": "#0"},
				"down": {"uv": [4, 4, 3, 8], "texture": "#0"}
			}
		},
		{
			"from": [7.95, -4.00888, 13.53185],
			"to": [8.05, -3.75888, 15.78185],
			"rotation": {"angle": -22.5, "axis": "x", "origin": [8, -4.88388, 7.90685]},
			"faces": {
				"north": {"uv": [7, 6, 8, 7], "texture": "#0"},
				"east": {"uv": [5, 6, 7, 7], "texture": "#0"},
				"south": {"uv": [8, 1, 9, 2], "texture": "#0"},
				"west": {"uv": [7, 0, 9, 1], "texture": "#0"},
				"up": {"uv": [8, 3, 7, 1], "texture": "#0"},
				"down": {"uv": [6, 7, 5, 9], "texture": "#0"}
			}
		},
		{
			"from": [7.95, -6.00888, 13.53185],
			"to": [8.05, -5.75888, 15.78185],
			"rotation": {"angle": -22.5, "axis": "x", "origin": [8, -4.88388, 7.90685]},
			"faces": {
				"north": {"uv": [9, 5, 10, 6], "texture": "#0"},
				"east": {"uv": [7, 3, 9, 4], "texture": "#0"},
				"south": {"uv": [6, 9, 7, 10], "texture": "#0"},
				"west": {"uv": [6, 7, 8, 8], "texture": "#0"},
				"up": {"uv": [1, 10, 0, 8], "texture": "#0"},
				"down": {"uv": [2, 8, 1, 10], "texture": "#0"}
			}
		},
		{
			"from": [7.95, -5.75888, 12.53185],
			"to": [8.05, -5.50888, 16.78185],
			"rotation": {"angle": -22.5, "axis": "x", "origin": [8, -4.88388, 7.90685]},
			"faces": {
				"north": {"uv": [9, 4, 10, 5], "texture": "#0"},
				"east": {"uv": [4, 4, 8, 5], "texture": "#0"},
				"south": {"uv": [5, 9, 6, 10], "texture": "#0"},
				"west": {"uv": [4, 5, 8, 6], "texture": "#0"},
				"up": {"uv": [7, 4, 6, 0], "texture": "#0"},
				"down": {"uv": [5, 6, 4, 10], "texture": "#0"}
			}
		},
		{
			"from": [7.95, -5.25888, 11.03185],
			"to": [8.05, -4.50888, 11.53185],
			"rotation": {"angle": -22.5, "axis": "x", "origin": [8, -4.88388, 7.90685]},
			"faces": {
				"north": {"uv": [9, 6, 10, 7], "texture": "#0"},
				"east": {"uv": [7, 9, 8, 10], "texture": "#0"},
				"south": {"uv": [9, 7, 10, 8], "texture": "#0"},
				"west": {"uv": [8, 9, 9, 10], "texture": "#0"},
				"up": {"uv": [10, 9, 9, 8], "texture": "#0"},
				"down": {"uv": [10, 9, 9, 10], "texture": "#0"}
			}
		},
		{
			"from": [7.95, -5.25888, 17.78185],
			"to": [8.05, -4.50888, 18.28185],
			"rotation": {"angle": -22.5, "axis": "x", "origin": [8, -4.88388, 7.90685]},
			"faces": {
				"north": {"uv": [8, 5, 9, 6], "texture": "#0"},
				"east": {"uv": [6, 8, 7, 9], "texture": "#0"},
				"south": {"uv": [8, 6, 9, 7], "texture": "#0"},
				"west": {"uv": [7, 8, 8, 9], "texture": "#0"},
				"up": {"uv": [9, 8, 8, 7], "texture": "#0"},
				"down": {"uv": [9, 8, 8, 9], "texture": "#0"}
			}
		},
		{
			"from": [7.95, -5.00888, 10.53185],
			"to": [8.05, -4.75888, 11.03185],
			"rotation": {"angle": -22.5, "axis": "x", "origin": [8, -4.88388, 7.90685]},
			"faces": {
				"north": {"uv": [0, 10, 1, 11], "texture": "#0"},
				"east": {"uv": [10, 0, 11, 1], "texture": "#0"},
				"south": {"uv": [1, 10, 2, 11], "texture": "#0"},
				"west": {"uv": [10, 1, 11, 2], "texture": "#0"},
				"up": {"uv": [3, 11, 2, 10], "texture": "#0"},
				"down": {"uv": [11, 2, 10, 3], "texture": "#0"}
			}
		},
		{
			"from": [7.95, -5.00888, 18.28185],
			"to": [8.05, -4.75888, 18.78185],
			"rotation": {"angle": -22.5, "axis": "x", "origin": [8, -4.88388, 7.90685]},
			"faces": {
				"north": {"uv": [9, 0, 10, 1], "texture": "#0"},
				"east": {"uv": [9, 1, 10, 2], "texture": "#0"},
				"south": {"uv": [2, 9, 3, 10], "texture": "#0"},
				"west": {"uv": [9, 2, 10, 3], "texture": "#0"},
				"up": {"uv": [4, 10, 3, 9], "texture": "#0"},
				"down": {"uv": [10, 3, 9, 4], "texture": "#0"}
			}
		},
		{
			"from": [7.95, -5.50888, 11.53185],
			"to": [8.05, -4.25888, 17.78185],
			"rotation": {"angle": 22.5, "axis": "x", "origin": [8, -4.88388, 7.90685]},
			"faces": {
				"north": {"uv": [0, 0, 0.1, 1.25], "texture": "#0"},
				"east": {"uv": [0, 0, 6.25, 1.25], "texture": "#0"},
				"south": {"uv": [0, 0, 0.1, 1.25], "texture": "#0"},
				"west": {"uv": [0, 0, 6.25, 1.25], "texture": "#0"},
				"up": {"uv": [0, 0, 0.1, 6.25], "texture": "#0"},
				"down": {"uv": [0, 0, 0.1, 6.25], "texture": "#0"}
			}
		},
		{
			"from": [8.05, -5.50888, 12.53185],
			"to": [8.15, -4.25888, 16.78185],
			"rotation": {"angle": 22.5, "axis": "x", "origin": [8, -4.88388, 7.90685]},
			"faces": {
				"north": {"uv": [0, 0, 16, 16], "texture": "#12"},
				"east": {"uv": [0, 6, 16, 10], "texture": "#12"},
				"south": {"uv": [0, 0, 16, 16], "texture": "#12"},
				"west": {"uv": [16, 6, 0, 10], "texture": "#12"},
				"up": {"uv": [10, 16, 6, 0], "texture": "#12"},
				"down": {"uv": [10, 0, 6, 16], "texture": "#12"}
			}
		},
		{
			"from": [8.15, -5.25888, 12.78185],
			"to": [8.25, -4.50888, 16.53185],
			"rotation": {"angle": 22.5, "axis": "x", "origin": [8, -4.88388, 7.90685]},
			"faces": {
				"north": {"uv": [0, 0, 16, 16], "texture": "#9"},
				"east": {"uv": [0, 0, 16, 4], "texture": "#9"},
				"south": {"uv": [0, 0, 16, 16], "texture": "#9"},
				"west": {"uv": [0, 1, 16, 5], "texture": "#9"},
				"up": {"uv": [8, 16, 4, 4], "texture": "#9"},
				"down": {"uv": [9, 0, 5, 16], "texture": "#9"}
			}
		},
		{
			"from": [7.75, -5.25888, 12.78185],
			"to": [7.85, -4.50888, 16.53185],
			"rotation": {"angle": 22.5, "axis": "x", "origin": [8, -4.88388, 7.90685]},
			"faces": {
				"north": {"uv": [0, 0, 16, 16], "texture": "#9"},
				"east": {"uv": [0, 2, 16, 6], "texture": "#9"},
				"south": {"uv": [0, 0, 16, 16], "texture": "#9"},
				"west": {"uv": [0, 3, 16, 7], "texture": "#9"},
				"up": {"uv": [6, 16, 2, 4], "texture": "#9"},
				"down": {"uv": [7, 0, 3, 16], "texture": "#9"}
			}
		},
		{
			"from": [7.85, -5.50888, 12.53185],
			"to": [7.95, -4.25888, 16.78185],
			"rotation": {"angle": 22.5, "axis": "x", "origin": [8, -4.88388, 7.90685]},
			"faces": {
				"north": {"uv": [0, 0, 16, 16], "texture": "#12"},
				"east": {"uv": [0, 6, 16, 10], "texture": "#12"},
				"south": {"uv": [0, 0, 16, 16], "texture": "#12"},
				"west": {"uv": [0, 6, 16, 10], "texture": "#12"},
				"up": {"uv": [10, 16, 6, 0], "texture": "#12"},
				"down": {"uv": [10, 0, 6, 16], "texture": "#12"}
			}
		},
		{
			"from": [7.95, -4.25888, 12.53185],
			"to": [8.05, -4.00888, 16.78185],
			"rotation": {"angle": 22.5, "axis": "x", "origin": [8, -4.88388, 7.90685]},
			"faces": {
				"north": {"uv": [0, 0, 0.1, 0.25], "texture": "#0"},
				"east": {"uv": [0, 0, 4.25, 0.25], "texture": "#0"},
				"south": {"uv": [0, 0, 0.1, 0.25], "texture": "#0"},
				"west": {"uv": [0, 0, 4.25, 0.25], "texture": "#0"},
				"up": {"uv": [0, 0, 0.1, 4.25], "texture": "#0"},
				"down": {"uv": [0, 0, 0.1, 4.25], "texture": "#0"}
			}
		},
		{
			"from": [7.95, -4.00888, 13.53185],
			"to": [8.05, -3.75888, 15.78185],
			"rotation": {"angle": 22.5, "axis": "x", "origin": [8, -4.88388, 7.90685]},
			"faces": {
				"north": {"uv": [0, 0, 0.1, 0.25], "texture": "#0"},
				"east": {"uv": [0, 0, 2.25, 0.25], "texture": "#0"},
				"south": {"uv": [0, 0, 0.1, 0.25], "texture": "#0"},
				"west": {"uv": [0, 0, 2.25, 0.25], "texture": "#0"},
				"up": {"uv": [0, 0, 0.1, 2.25], "texture": "#0"},
				"down": {"uv": [0, 0, 0.1, 2.25], "texture": "#0"}
			}
		},
		{
			"from": [7.95, -6.00888, 13.53185],
			"to": [8.05, -5.75888, 15.78185],
			"rotation": {"angle": 22.5, "axis": "x", "origin": [8, -4.88388, 7.90685]},
			"faces": {
				"north": {"uv": [0, 0, 0.1, 0.25], "texture": "#0"},
				"east": {"uv": [0, 0, 2.25, 0.25], "texture": "#0"},
				"south": {"uv": [0, 0, 0.1, 0.25], "texture": "#0"},
				"west": {"uv": [0, 0, 2.25, 0.25], "texture": "#0"},
				"up": {"uv": [0, 0, 0.1, 2.25], "texture": "#0"},
				"down": {"uv": [0, 0, 0.1, 2.25], "texture": "#0"}
			}
		},
		{
			"from": [7.95, -5.75888, 12.53185],
			"to": [8.05, -5.50888, 16.78185],
			"rotation": {"angle": 22.5, "axis": "x", "origin": [8, -4.88388, 7.90685]},
			"faces": {
				"north": {"uv": [0, 0, 0.1, 0.25], "texture": "#0"},
				"east": {"uv": [0, 0, 4.25, 0.25], "texture": "#0"},
				"south": {"uv": [0, 0, 0.1, 0.25], "texture": "#0"},
				"west": {"uv": [0, 0, 4.25, 0.25], "texture": "#0"},
				"up": {"uv": [0, 0, 0.1, 4.25], "texture": "#0"},
				"down": {"uv": [0, 0, 0.1, 4.25], "texture": "#0"}
			}
		},
		{
			"from": [7.95, -5.25888, 11.03185],
			"to": [8.05, -4.50888, 11.53185],
			"rotation": {"angle": 22.5, "axis": "x", "origin": [8, -4.88388, 7.90685]},
			"faces": {
				"north": {"uv": [0, 0, 0.1, 0.75], "texture": "#0"},
				"east": {"uv": [0, 0, 0.5, 0.75], "texture": "#0"},
				"south": {"uv": [0, 0, 0.1, 0.75], "texture": "#0"},
				"west": {"uv": [0, 0, 0.5, 0.75], "texture": "#0"},
				"up": {"uv": [0, 0, 0.1, 0.5], "texture": "#0"},
				"down": {"uv": [0, 0, 0.1, 0.5], "texture": "#0"}
			}
		},
		{
			"from": [7.95, -5.25888, 17.78185],
			"to": [8.05, -4.50888, 18.28185],
			"rotation": {"angle": 22.5, "axis": "x", "origin": [8, -4.88388, 7.90685]},
			"faces": {
				"north": {"uv": [0, 0, 0.1, 0.75], "texture": "#0"},
				"east": {"uv": [0, 0, 0.5, 0.75], "texture": "#0"},
				"south": {"uv": [0, 0, 0.1, 0.75], "texture": "#0"},
				"west": {"uv": [0, 0, 0.5, 0.75], "texture": "#0"},
				"up": {"uv": [0, 0, 0.1, 0.5], "texture": "#0"},
				"down": {"uv": [0, 0, 0.1, 0.5], "texture": "#0"}
			}
		},
		{
			"from": [7.95, -5.00888, 10.53185],
			"to": [8.05, -4.75888, 11.03185],
			"rotation": {"angle": 22.5, "axis": "x", "origin": [8, -4.88388, 7.90685]},
			"faces": {
				"north": {"uv": [0, 0, 0.1, 0.25], "texture": "#0"},
				"east": {"uv": [0, 0, 0.5, 0.25], "texture": "#0"},
				"south": {"uv": [0, 0, 0.1, 0.25], "texture": "#0"},
				"west": {"uv": [0, 0, 0.5, 0.25], "texture": "#0"},
				"up": {"uv": [0, 0, 0.1, 0.5], "texture": "#0"},
				"down": {"uv": [0, 0, 0.1, 0.5], "texture": "#0"}
			}
		},
		{
			"from": [7.95, -5.00888, 18.28185],
			"to": [8.05, -4.75888, 18.78185],
			"rotation": {"angle": 22.5, "axis": "x", "origin": [8, -4.88388, 7.90685]},
			"faces": {
				"north": {"uv": [0, 0, 0.1, 0.25], "texture": "#0"},
				"east": {"uv": [0, 0, 0.5, 0.25], "texture": "#0"},
				"south": {"uv": [0, 0, 0.1, 0.25], "texture": "#0"},
				"west": {"uv": [0, 0, 0.5, 0.25], "texture": "#0"},
				"up": {"uv": [0, 0, 0.1, 0.5], "texture": "#0"},
				"down": {"uv": [0, 0, 0.1, 0.5], "texture": "#0"}
			}
		}
	],
	"display": {
		"thirdperson_righthand": {
			"translation": [0, 10.25, 1.25],
			"scale": [0.5, 0.5, 0.5]
		},
		"firstperson_righthand": {
			"translation": [0, 12, 0],
			"scale": [0.7, 0.7, 0.7]
		},
		"firstperson_lefthand": {
			"translation": [0, 12, 0],
			"scale": [0.7, 0.7, 0.7]
		},
		"ground": {
			"rotation": [180, 0, 0],
			"translation": [0, 23.25, 0]
		},
		"gui": {
			"rotation": [0, 90, 0],
			"scale": [0.7, 0.7, 0.7]
		},
		"fixed": {
			"rotation": [0, -90, 0],
			"translation": [0, 0, -1]
		}
	},
	"groups": [
		{
			"name": "blade",
			"origin": [8, -7, 8],
			"color": 0,
			"children": [0, 1, 2, 3, 4, 5, 6, 7]
		},
		{
			"name": "handle",
			"origin": [0, 0, 0],
			"color": 0,
			"children": [
				{
					"name": "group",
					"origin": [0, 0, 0],
					"color": 0,
					"children": [8, 9, 10, 11, 12, 13, 14, 15, 16, 17, 18, 19, 20, 21, 22, 23, 24]
				}
			]
		},
		{
			"name": "crystal",
			"origin": [8, 15.11612, 13.65685],
			"color": 0,
			"children": [25, 26, 27, 28, 29, 30, 31, 32, 33, 34, 35, 36, 37]
		},
		{
			"name": "crystal",
			"origin": [8, 15.11612, 13.65685],
			"color": 0,
			"children": [38, 39, 40, 41, 42, 43, 44, 45, 46, 47, 48, 49, 50]
		},
		{
			"name": "crystal",
			"origin": [8, 15.11612, 13.65685],
			"color": 0,
			"children": [51, 52, 53, 54, 55, 56, 57, 58, 59, 60, 61, 62, 63]
		},
		{
			"name": "crystal",
			"origin": [8, 15.11612, 13.65685],
			"color": 0,
			"children": [64, 65, 66, 67, 68, 69, 70, 71, 72, 73, 74, 75, 76]
		},
		{
			"name": "crystal",
			"origin": [8, 15.11612, 13.65685],
			"color": 0,
			"children": [77, 78, 79, 80, 81, 82, 83, 84, 85, 86, 87, 88, 89]
		},
		{
			"name": "crystal",
			"origin": [8, 15.11612, 13.65685],
			"color": 0,
			"children": [90, 91, 92, 93, 94, 95, 96, 97, 98, 99, 100, 101, 102]
		}
	]
}