{"credit":"Made with Blockbench","display":{"firstperson_lefthand":{"rotation":[-180,-90,0],"scale":[1.1,1.1,1.1],"translation":[4,-2.25,2.5]},"firstperson_righthand":{"rotation":[0,87,-180],"scale":[1.1,1.1,1.1],"translation":[4,-1.5,2.5]},"fixed":{"rotation":[90,-90,0],"scale":[1.5,1.5,1.5]},"ground":{"rotation":[0,0,152]},"gui":{"rotation":[0,37,14],"scale":[1.11125,1.11125,1.11125]},"head":{"rotation":[0,-91.25,0],"translation":[-0.25,-3.5,-3.75]},"thirdperson_lefthand":{"rotation":[0,90,0],"scale":[1.1,1.1,1.1],"translation":[0,-3,2.5]},"thirdperson_righthand":{"rotation":[0,-90,0],"scale":[1.1,1.1,1.1],"translation":[0,-3,2.5]}},"elements":[{"faces":{"down":{"texture":"#0","uv":[6,6,12.2,8]},"east":{"texture":"#0","uv":[6,3,8,4]},"north":{"texture":"#0","uv":[2,12,8.2,13]},"south":{"texture":"#0","uv":[6,3,12.2,4]},"up":{"texture":"#0","uv":[4,8,10.2,10]},"west":{"texture":"#0","uv":[7,6,9,7]}},"from":[5.48659,6.61936,7.04752],"rotation":{"angle":0,"axis":"y","origin":[8.48659,0.86936,7.04752]},"to":[11.68659,6.86936,9.04752]},{"faces":{"down":{"texture":"#0","uv":[6,6,12.2,6.75]},"east":{"texture":"#0","uv":[6,3,8,4]},"north":{"texture":"#0","uv":[2,12,8.2,13]},"south":{"texture":"#0","uv":[6,3,12.2,4]},"up":{"texture":"#0","uv":[6,6,12.2,6.75]},"west":{"texture":"#0","uv":[7,6,9,7]}},"from":[5.48659,5.86936,8.29752],"rotation":{"angle":0,"axis":"y","origin":[8.48659,0.11936,7.04752]},"to":[11.68659,6.61936,9.04752]},{"faces":{"down":{"texture":"#0","uv":[6,6,12.2,6.75]},"east":{"texture":"#0","uv":[6,3,8,4]},"north":{"texture":"#0","uv":[2,12,8.2,13]},"south":{"texture":"#0","uv":[6,3,12.2,4]},"up":{"texture":"#0","uv":[6,6,12.2,6.75]},"west":{"texture":"#0","uv":[7,6,9,7]}},"from":[5.48659,5.86936,7.04752],"rotation":{"angle":0,"axis":"y","origin":[8.48659,0.11936,5.79752]},"to":[11.68659,6.61936,7.79752]},{"faces":{"down":{"texture":"#0","uv":[6,6,7.95,6.5]},"east":{"texture":"#0","uv":[6,3,8,4]},"north":{"texture":"#0","uv":[2,12,8.2,13]},"south":{"texture":"#0","uv":[6,3,12.2,4]},"up":{"texture":"#0","uv":[6,6,7.95,6.5]},"west":{"texture":"#0","uv":[7,6,9,7]}},"from":[9.73659,5.86936,7.79752],"rotation":{"angle":0,"axis":"y","origin":[8.48659,0.11936,6.29752]},"to":[11.68659,6.11936,8.29752]},{"faces":{"down":{"texture":"#0","uv":[0,9,1,10]},"east":{"rotation":270,"texture":"#0","uv":[0,9,1,10]},"north":{"rotation":270,"texture":"#0","uv":[0,9,1,10]},"south":{"rotation":270,"texture":"#0","uv":[0,9,1,10]},"up":{"rotation":270,"texture":"#0","uv":[0,9,1,10]},"west":{"rotation":270,"texture":"#0","uv":[0,9,1,10]}},"from":[9.98659,5.6193,7.79752],"rotation":{"angle":0,"axis":"y","origin":[8.48659,-0.13064,6.29752]},"to":[11.18659,5.8693,8.29752]},{"faces":{"down":{"rotation":90,"texture":"#0","uv":[0,9,1,10]},"east":{"rotation":270,"texture":"#0","uv":[0,9,1,10]},"north":{"rotation":270,"texture":"#0","uv":[0,9,1,10]},"south":{"rotation":270,"texture":"#0","uv":[0,9,1,10]},"up":{"rotation":270,"texture":"#0","uv":[0,9,1,10]},"west":{"rotation":270,"texture":"#0","uv":[0,9,1,10]}},"from":[10.33659,5.6195,7.44752],"rotation":{"angle":0,"axis":"y","origin":[10.58659,5.74436,8.04752]},"to":[10.83659,5.8695,8.64752]},{"faces":{"down":{"rotation":90,"texture":"#0","uv":[0,9,1,10]},"east":{"rotation":270,"texture":"#0","uv":[0,9,1,10]},"north":{"rotation":270,"texture":"#0","uv":[0,9,1,10]},"south":{"rotation":270,"texture":"#0","uv":[0,9,1,10]},"up":{"rotation":270,"texture":"#0","uv":[0,9,1,10]},"west":{"rotation":270,"texture":"#0","uv":[0,9,1,10]}},"from":[10.33659,5.71936,6.92252],"rotation":{"angle":0,"axis":"y","origin":[10.58659,5.74436,8.04752]},"to":[10.83659,6.89436,9.19752]},{"faces":{"down":{"rotation":90,"texture":"#0","uv":[0,9,1,10]},"east":{"rotation":270,"texture":"#0","uv":[0,9,1,10]},"north":{"rotation":270,"texture":"#0","uv":[0,9,1,10]},"south":{"rotation":270,"texture":"#0","uv":[0,9,1,10]},"up":{"rotation":270,"texture":"#0","uv":[0,9,1,10]},"west":{"rotation":270,"texture":"#0","uv":[0,9,1,10]}},"from":[10.33659,5.61936,7.44752],"rotation":{"angle":-45,"axis":"y","origin":[10.58659,5.74436,8.04752]},"to":[10.83659,5.86936,8.64752]},{"faces":{"down":{"rotation":270,"texture":"#0","uv":[0,9,1,10]},"east":{"rotation":270,"texture":"#0","uv":[0,9,1,10]},"north":{"rotation":270,"texture":"#0","uv":[0,9,1,10]},"south":{"rotation":270,"texture":"#0","uv":[0,9,1,10]},"up":{"rotation":270,"texture":"#0","uv":[0,9,1,10]},"west":{"rotation":270,"texture":"#0","uv":[0,9,1,10]}},"from":[10.33659,5.6192,7.44752],"rotation":{"angle":45,"axis":"y","origin":[10.58659,5.74436,8.04752]},"to":[10.83659,5.8692,8.64752]},{"faces":{"down":{"texture":"#0","uv":[6,6,7.95,6.5]},"east":{"texture":"#0","uv":[6,3,8,4]},"north":{"texture":"#0","uv":[2,12,8.2,13]},"south":{"texture":"#0","uv":[6,3,12.2,4]},"up":{"texture":"#0","uv":[6,6,7.95,6.5]},"west":{"texture":"#0","uv":[7,6,9,7]}},"from":[11.48659,6.11936,7.79752],"rotation":{"angle":0,"axis":"y","origin":[8.48659,0.36936,6.29752]},"to":[11.68659,6.61936,8.29752]},{"faces":{"down":{"texture":"#0","uv":[6,6,6.95,6.5]},"east":{"texture":"#0","uv":[6,3,8,4]},"north":{"texture":"#0","uv":[2,12,8.2,13]},"south":{"texture":"#0","uv":[6,3,12.2,4]},"up":{"texture":"#0","uv":[6,6,6.95,6.5]},"west":{"texture":"#0","uv":[7,6,9,7]}},"from":[5.48659,5.86936,7.79752],"rotation":{"angle":0,"axis":"y","origin":[4.23659,0.11936,6.29752]},"to":[6.43659,6.11936,8.29752]},{"faces":{"down":{"texture":"#1","uv":[0,0,1,2.2]},"east":{"texture":"#1","uv":[0,0,2.2,1.1]},"north":{"texture":"#1","uv":[0,0,1,1.1]},"south":{"texture":"#1","uv":[0,0,1,1.1]},"up":{"texture":"#1","uv":[0,0,1,2.2]},"west":{"texture":"#1","uv":[0,0,2.2,1.1]}},"from":[7.48659,5.76936,6.94752],"rotation":{"angle":0,"axis":"y","origin":[8.48659,0.86936,7.04752]},"to":[8.48659,6.86936,9.14752]},{"faces":{"down":{"texture":"#1","uv":[0,0,1,2.2]},"east":{"texture":"#1","uv":[0,0,2.2,1.1]},"north":{"texture":"#1","uv":[0,0,1,1.1]},"south":{"texture":"#1","uv":[0,0,1,1.1]},"up":{"texture":"#1","uv":[0,0,1,2.2]},"west":{"texture":"#1","uv":[0,0,2.2,1.1]}},"from":[10.48659,5.76936,6.94752],"rotation":{"angle":0,"axis":"y","origin":[8.48659,0.86936,7.04752]},"to":[11.48659,6.86936,9.14752]},{"faces":{"down":{"texture":"#0","uv":[5,4,7,5]},"east":{"texture":"#0","uv":[5,4,7,5]},"north":{"texture":"#0","uv":[5,4,7,5]},"south":{"texture":"#0","uv":[5,4,7,5]},"up":{"texture":"#0","uv":[5,4,7,5]},"west":{"texture":"#0","uv":[5,4,7,5]}},"from":[0.98659,6.21936,7.39752],"rotation":{"angle":0,"axis":"y","origin":[8.48659,0.86936,7.04752]},"to":[6.48659,6.51936,8.69752]},{"faces":{"down":{"texture":"#0","uv":[5,4,7,5]},"east":{"texture":"#0","uv":[5,4,7,5]},"north":{"texture":"#0","uv":[5,4,7,5]},"south":{"texture":"#0","uv":[5,4,7,5]},"up":{"texture":"#0","uv":[5,4,7,5]},"west":{"texture":"#0","uv":[5,4,7,5]}},"from":[0.44675,6.2156,7.64095],"rotation":{"angle":-22.5,"axis":"y","origin":[0.44675,6.36936,8.04095]},"to":[1.19675,6.5156,8.44095]},{"faces":{"down":{"texture":"#0","uv":[5,4,7,5]},"east":{"texture":"#0","uv":[5,4,7,5]},"north":{"texture":"#0","uv":[5,4,7,5]},"south":{"texture":"#0","uv":[5,4,7,5]},"up":{"texture":"#0","uv":[5,4,7,5]},"west":{"texture":"#0","uv":[5,4,7,5]}},"from":[0.00384,6.2193,7.75394],"rotation":{"angle":-22.5,"axis":"y","origin":[-0.24616,6.36936,7.75394]},"to":[0.50384,6.5193,8.15394]},{"faces":{"down":{"texture":"#0","uv":[5,4,7,5]},"east":{"texture":"#0","uv":[5,4,7,5]},"north":{"texture":"#0","uv":[5,4,7,5]},"south":{"texture":"#0","uv":[5,4,7,5]},"up":{"texture":"#0","uv":[5,4,7,5]},"west":{"texture":"#0","uv":[5,4,7,5]}},"from":[-0.16826,6.21936,7.87587],"rotation":{"angle":0,"axis":"y","origin":[-0.41826,6.36936,7.87587]},"to":[0.33174,6.51936,8.21916]},{"faces":{"down":{"texture":"#0","uv":[5,4,7,5]},"east":{"texture":"#0","uv":[5,4,7,5]},"north":{"texture":"#0","uv":[5,4,7,5]},"south":{"texture":"#0","uv":[5,4,7,5]},"up":{"texture":"#0","uv":[5,4,7,5]},"west":{"texture":"#0","uv":[5,4,7,5]}},"from":[0.44675,6.2195,7.65408],"rotation":{"angle":22.5,"axis":"y","origin":[0.44675,6.36936,8.05408]},"to":[1.19675,6.5195,8.45408]},{"faces":{"down":{"texture":"#0","uv":[5,4,7,5]},"east":{"texture":"#0","uv":[5,4,7,5]},"north":{"texture":"#0","uv":[5,4,7,5]},"south":{"texture":"#0","uv":[5,4,7,5]},"up":{"texture":"#0","uv":[5,4,7,5]},"west":{"texture":"#0","uv":[5,4,7,5]}},"from":[0.00384,6.2195,7.94109],"rotation":{"angle":22.5,"axis":"y","origin":[-0.24616,6.36936,8.34109]},"to":[0.50384,6.5195,8.34109]},{"faces":{"down":{"texture":"#0","uv":[0,0,2,1]},"east":{"texture":"#0","uv":[0,0,1.8,0.3]},"north":{"texture":"#0","uv":[0,0,2,0.3]},"south":{"texture":"#0","uv":[0,0,2,0.3]},"up":{"texture":"#0","uv":[0,0,2,1]},"west":{"texture":"#0","uv":[0,0,1.8,0.3]}},"from":[7.23659,11.09436,6.64752],"rotation":{"angle":0,"axis":"y","origin":[10.98659,5.86936,6.54752]},"to":[8.73659,11.31936,6.94752]},{"faces":{"down":{"texture":"#0","uv":[0,0,2,1]},"east":{"texture":"#0","uv":[0,0,1.8,0.3]},"north":{"texture":"#0","uv":[0,0,2,0.3]},"south":{"texture":"#0","uv":[0,0,2,0.3]},"up":{"texture":"#0","uv":[0,0,2,1]},"west":{"texture":"#0","uv":[0,0,1.8,0.3]}},"from":[7.23659,11.09436,6.64752],"rotation":{"angle":0,"axis":"y","origin":[10.98659,5.86936,6.54752]},"to":[8.73659,11.31936,6.94752]},{"faces":{"down":{"texture":"#0","uv":[0,0,2,1]},"east":{"texture":"#0","uv":[0,0,1.8,0.3]},"north":{"texture":"#0","uv":[0,0,2,0.3]},"south":{"texture":"#0","uv":[0,0,2,0.3]},"up":{"texture":"#0","uv":[0,0,2,1]},"west":{"texture":"#0","uv":[0,0,1.8,0.3]}},"from":[10.23659,11.09436,6.64752],"rotation":{"angle":0,"axis":"y","origin":[13.98659,5.86936,6.54752]},"to":[11.73659,11.31936,6.94752]},{"faces":{"down":{"texture":"#0","uv":[0,0,2,1]},"east":{"texture":"#0","uv":[0,0,1.8,0.3]},"north":{"texture":"#0","uv":[0,0,2,0.3]},"south":{"texture":"#0","uv":[0,0,2,0.3]},"up":{"texture":"#0","uv":[0,0,2,1]},"west":{"texture":"#0","uv":[0,0,1.8,0.3]}},"from":[10.23659,11.09436,6.64752],"rotation":{"angle":0,"axis":"y","origin":[13.98659,5.86936,6.54752]},"to":[11.73659,11.31936,6.94752]},{"faces":{"down":{"texture":"#1","uv":[0,0,1,4.4]},"east":{"texture":"#1","uv":[0,0,4.4,0.65]},"north":{"texture":"#1","uv":[0,0,1,0.65]},"south":{"texture":"#1","uv":[0,0,1,0.65]},"up":{"texture":"#1","uv":[0,0,3,1.15]},"west":{"texture":"#1","uv":[0,0,4.4,0.65]}},"from":[6.48659,11.01936,5.84752],"rotation":{"angle":0,"axis":"y","origin":[8.48659,0.86936,7.04752]},"to":[9.48659,11.16936,6.99752]},{"faces":{"down":{"texture":"#1","uv":[0,0,1,4.4]},"east":{"texture":"#1","uv":[0,0,4.4,0.65]},"north":{"texture":"#1","uv":[0,0,1,0.65]},"south":{"texture":"#1","uv":[0,0,1,0.65]},"up":{"texture":"#1","uv":[0,0,3,1.15]},"west":{"texture":"#1","uv":[0,0,4.4,0.65]}},"from":[6.48659,11.01936,9.09752],"rotation":{"angle":0,"axis":"y","origin":[8.48659,0.86936,10.29752]},"to":[9.48659,11.16936,10.24752]},{"faces":{"down":{"texture":"#1","uv":[0,0,1,4.4]},"east":{"texture":"#1","uv":[0,0,4.4,0.65]},"north":{"texture":"#1","uv":[0,0,1,0.65]},"south":{"texture":"#1","uv":[0,0,1,0.65]},"up":{"texture":"#1","uv":[0,0,1,4.4]},"west":{"texture":"#1","uv":[0,0,4.4,0.65]}},"from":[7.48659,6.76936,5.84752],"rotation":{"angle":0,"axis":"y","origin":[8.48659,0.86936,7.04752]},"to":[8.48659,6.91936,10.24752]},{"faces":{"down":{"texture":"#1","uv":[0,0,1,4.4]},"east":{"texture":"#1","uv":[0,0,4.4,0.65]},"north":{"texture":"#1","uv":[0,0,1,0.65]},"south":{"texture":"#1","uv":[0,0,1,0.65]},"up":{"texture":"#1","uv":[0,0,1,4.4]},"west":{"texture":"#1","uv":[0,0,4.4,0.65]}},"from":[7.48659,11.11936,5.94752],"rotation":{"angle":0,"axis":"y","origin":[8.48659,5.21936,7.04752]},"to":[8.48659,11.26936,9.64752]},{"faces":{"down":{"texture":"#1","uv":[0,0,1,4.4]},"east":{"texture":"#1","uv":[0,0,4.4,0.65]},"north":{"texture":"#1","uv":[0,0,1,0.65]},"south":{"texture":"#1","uv":[0,0,1,0.65]},"up":{"texture":"#1","uv":[0,0,1,0.7]},"west":{"texture":"#1","uv":[0,0,4.4,0.65]}},"from":[7.48659,10.99113,9.59217],"rotation":{"angle":22.5,"axis":"x","origin":[7.98659,11.06613,9.94217]},"to":[8.48659,11.14113,10.04217]},{"faces":{"down":{"texture":"#1","uv":[0,0,1,4.4]},"east":{"texture":"#1","uv":[0,0,4.4,0.65]},"north":{"texture":"#1","uv":[0,0,1,0.65]},"south":{"texture":"#1","uv":[0,0,1,0.65]},"up":{"texture":"#1","uv":[0,0,1,0.7]},"west":{"texture":"#1","uv":[0,0,4.4,0.65]}},"from":[10.48659,10.99113,9.59217],"rotation":{"angle":22.5,"axis":"x","origin":[10.98659,11.06613,9.94217]},"to":[11.48659,11.14113,10.04217]},{"faces":{"down":{"texture":"#1","uv":[0,0,1,0.65]},"east":{"texture":"#1","uv":[0,0,0.65,3.4]},"north":{"texture":"#1","uv":[0,0,1,3.4]},"south":{"texture":"#1","uv":[0,0,1,5]},"up":{"texture":"#1","uv":[0,0,1,0.65]},"west":{"texture":"#1","uv":[0,0,0.65,3.4]}},"from":[6.48659,6.91936,10.09752],"rotation":{"angle":0,"axis":"y","origin":[8.48659,0.86936,7.04752]},"to":[9.48659,11.01936,10.24752]},{"faces":{"down":{"texture":"#1","uv":[0,0,1,0.65]},"east":{"texture":"#1","uv":[0,0,0.65,3.4]},"north":{"texture":"#1","uv":[0,0,1,5]},"south":{"texture":"#1","uv":[0,0,1,3.4]},"up":{"texture":"#1","uv":[0,0,1,0.65]},"west":{"texture":"#1","uv":[0,0,0.65,3.4]}},"from":[6.48659,6.91936,5.84752],"rotation":{"angle":0,"axis":"y","origin":[8.48659,0.86936,3.29752]},"to":[9.48659,11.01936,5.99752]},{"faces":{"down":{"texture":"#1","uv":[0,0,1,4.4]},"east":{"texture":"#1","uv":[0,0,4.4,0.65]},"north":{"texture":"#1","uv":[0,0,1,0.65]},"south":{"texture":"#1","uv":[0,0,1,0.65]},"up":{"texture":"#1","uv":[0,0,3,1.15]},"west":{"texture":"#1","uv":[0,0,4.4,0.65]}},"from":[9.48659,11.01936,5.84752],"rotation":{"angle":0,"axis":"y","origin":[11.48659,0.86936,7.04752]},"to":[12.48659,11.16936,6.99752]},{"faces":{"down":{"texture":"#1","uv":[0,0,1,4.4]},"east":{"texture":"#1","uv":[0,0,4.4,0.65]},"north":{"texture":"#1","uv":[0,0,1,0.65]},"south":{"texture":"#1","uv":[0,0,1,0.65]},"up":{"texture":"#1","uv":[0,0,3,1.15]},"west":{"texture":"#1","uv":[0,0,4.4,0.65]}},"from":[9.48659,11.01936,9.09752],"rotation":{"angle":0,"axis":"y","origin":[11.48659,0.86936,10.29752]},"to":[12.48659,11.16936,10.24752]},{"faces":{"down":{"texture":"#1","uv":[0,0,1,4.4]},"east":{"texture":"#1","uv":[0,0,4.4,0.65]},"north":{"texture":"#1","uv":[0,0,1,0.65]},"south":{"texture":"#1","uv":[0,0,1,0.65]},"up":{"texture":"#1","uv":[0,0,1,4.4]},"west":{"texture":"#1","uv":[0,0,4.4,0.65]}},"from":[10.48659,6.76936,5.84752],"rotation":{"angle":0,"axis":"y","origin":[11.48659,0.86936,7.04752]},"to":[11.48659,6.91936,10.24752]},{"faces":{"down":{"texture":"#1","uv":[0,0,1,4.4]},"east":{"texture":"#1","uv":[0,0,4.4,0.65]},"north":{"texture":"#1","uv":[0,0,1,0.65]},"south":{"texture":"#1","uv":[0,0,1,0.65]},"up":{"texture":"#1","uv":[0,0,1,4.4]},"west":{"texture":"#1","uv":[0,0,4.4,0.65]}},"from":[10.48659,11.11936,5.94752],"rotation":{"angle":0,"axis":"y","origin":[11.48659,5.21936,7.04752]},"to":[11.48659,11.26936,9.64752]},{"faces":{"down":{"texture":"#1","uv":[0,0,1,0.65]},"east":{"texture":"#1","uv":[0,0,0.65,3.4]},"north":{"texture":"#1","uv":[0,0,1,3.4]},"south":{"texture":"#1","uv":[0,0,1,5]},"up":{"texture":"#1","uv":[0,0,1,0.65]},"west":{"texture":"#1","uv":[0,0,0.65,3.4]}},"from":[9.48659,6.91936,10.09752],"rotation":{"angle":0,"axis":"y","origin":[11.48659,0.86936,7.04752]},"to":[12.48659,11.01936,10.24752]},{"faces":{"down":{"texture":"#1","uv":[0,0,1,0.65]},"east":{"texture":"#1","uv":[0,0,0.65,3.4]},"north":{"texture":"#1","uv":[0,0,1,5]},"south":{"texture":"#1","uv":[0,0,1,3.4]},"up":{"texture":"#1","uv":[0,0,1,0.65]},"west":{"texture":"#1","uv":[0,0,0.65,3.4]}},"from":[9.48659,6.91936,5.84752],"rotation":{"angle":0,"axis":"y","origin":[11.48659,0.86936,3.29752]},"to":[12.48659,11.01936,5.99752]},{"faces":{"down":{"rotation":270,"texture":"#0","uv":[0,9,1,10]},"east":{"rotation":270,"texture":"#0","uv":[0,9,1,10]},"north":{"rotation":270,"texture":"#0","uv":[0,9,1,10]},"south":{"rotation":270,"texture":"#0","uv":[0,9,1,10]},"up":{"rotation":270,"texture":"#0","uv":[0,9,1,10]},"west":{"rotation":270,"texture":"#0","uv":[0,9,1,10]}},"from":[5.8839,6.793,7.02702],"rotation":{"angle":45,"axis":"y","origin":[6.3339,7.01824,8.10702]},"to":[6.7839,6.993,9.18702]},{"faces":{"down":{"texture":"#0","uv":[0,9,1,10]},"east":{"rotation":270,"texture":"#0","uv":[0,9,1,10]},"north":{"rotation":270,"texture":"#0","uv":[0,9,1,10]},"south":{"rotation":270,"texture":"#0","uv":[0,9,1,10]},"up":{"rotation":270,"texture":"#0","uv":[0,9,1,10]},"west":{"rotation":270,"texture":"#0","uv":[0,9,1,10]}},"from":[5.2539,6.7931,7.65702],"rotation":{"angle":0,"axis":"y","origin":[2.5539,-3.55676,4.95702]},"to":[7.4139,6.9931,8.55702]},{"faces":{"down":{"rotation":90,"texture":"#0","uv":[0,9,1,10]},"east":{"rotation":270,"texture":"#0","uv":[0,9,1,10]},"north":{"rotation":270,"texture":"#0","uv":[0,9,1,10]},"south":{"rotation":270,"texture":"#0","uv":[0,9,1,10]},"up":{"rotation":270,"texture":"#0","uv":[0,9,1,10]},"west":{"rotation":270,"texture":"#0","uv":[0,9,1,10]}},"from":[5.8839,6.7933,7.02702],"rotation":{"angle":0,"axis":"y","origin":[6.3339,7.01824,8.10702]},"to":[6.7839,6.9933,9.18702]},{"faces":{"down":{"rotation":90,"texture":"#0","uv":[0,9,1,10]},"east":{"rotation":270,"texture":"#0","uv":[0,9,1,10]},"north":{"rotation":270,"texture":"#0","uv":[0,9,1,10]},"south":{"rotation":270,"texture":"#0","uv":[0,9,1,10]},"up":{"rotation":270,"texture":"#0","uv":[0,9,1,10]},"west":{"rotation":270,"texture":"#0","uv":[0,9,1,10]}},"from":[5.8839,6.79324,7.02702],"rotation":{"angle":-45,"axis":"y","origin":[6.3339,7.01824,8.10702]},"to":[6.7839,6.99324,9.18702]}],"groups":[0,1,2,3,4,5,6,7,8,9,10,11,12,13,14,15,16,17,18,19,20,21,22,{"children":[23,24,25,26,27,28,29,30],"name":"group","origin":[8,8,4.25]},{"children":[31,32,33,34,35,36],"name":"group","origin":[8,8,4.25]},{"children":[37,38,39,40],"name":"group","origin":[10.1,12.875,9]}],"textures":{"0":"block/iron_block","1":"block/brown_wool","particle":"block/iron_block"}}