{"credit":"Made with Blockbench","display":{"firstperson_lefthand":{"rotation":[-19,-103,39],"scale":[-1,1,1],"translation":[9.75,-4.5,1.75]},"firstperson_righthand":{"rotation":[-19,-103,39],"translation":[9.75,-4.5,1.75]},"fixed":{"rotation":[0,0,35],"scale":[0.7,0.7,0.7],"translation":[0.5,-1,0]},"ground":{"rotation":[-90,0,0]},"gui":{"rotation":[0,44.75,42.25],"scale":[0.5,0.5,0.5],"translation":[-1.75,-1.75,0]},"head":{"rotation":[0,0,-53],"scale":[-1.6,1.6,1.6],"translation":[4.5,-9.75,4.5]},"thirdperson_lefthand":{"rotation":[0,90,0],"scale":[1.3,1.3,-1.3],"translation":[0,-0.25,1]},"thirdperson_righthand":{"rotation":[0,-90,0],"scale":[1.3,1.3,1.3],"translation":[0,-0.5,1]}},"elements":[{"faces":{"down":{"texture":"#1","uv":[9,0,10,6]},"east":{"texture":"#1","uv":[9,0,10,6]},"north":{"texture":"#1","uv":[9,0,10,6]},"south":{"texture":"#1","uv":[9,0,10,6]},"up":{"texture":"#1","uv":[9,0,10,6]},"west":{"texture":"#1","uv":[9,0,10,6]}},"from":[8,-8,7],"rotation":{"angle":0,"axis":"y","origin":[16,8,15]},"to":[9,19,8]},{"faces":{"down":{"rotation":90,"texture":"#2","uv":[0,0,1,16]},"east":{"texture":"#2","uv":[0,0,16,16]},"north":{"rotation":270,"texture":"#2","uv":[1,0,2,16]},"south":{"rotation":90,"texture":"#2","uv":[1,0,2,16]},"up":{"rotation":90,"texture":"#2","uv":[0,0,1,16]},"west":{"texture":"#2","uv":[16,0,0,16]}},"from":[9,-4,3],"rotation":{"angle":22.5,"axis":"z","origin":[11,8,11]},"to":[9,16,23]},{"faces":{"down":{"texture":"#1","uv":[0,0,3,3]},"east":{"texture":"#1","uv":[0,0,3,3]},"north":{"texture":"#1","uv":[0,0,3,3]},"south":{"texture":"#1","uv":[0,0,3,3]},"up":{"texture":"#1","uv":[0,0,3,3]},"west":{"texture":"#1","uv":[0,0,3,3]}},"from":[7,23,6],"rotation":{"angle":0,"axis":"y","origin":[16,11,15]},"to":[10,26,9]},{"faces":{"down":{"texture":"#1","uv":[3,0,6,3]},"east":{"texture":"#1","uv":[3,0,6,3]},"north":{"texture":"#1","uv":[3,0,6,3]},"south":{"texture":"#1","uv":[3,0,6,3]},"up":{"texture":"#1","uv":[3,0,6,3]},"west":{"texture":"#1","uv":[3,0,6,3]}},"from":[7,23,6],"rotation":{"angle":45,"axis":"y","origin":[8.5,24.5,7.5]},"to":[10,26,9]},{"faces":{"down":{"texture":"#1","uv":[14,11,15,12]},"east":{"texture":"#1","uv":[14,11,15,12]},"north":{"texture":"#1","uv":[14,11,15,12]},"south":{"texture":"#1","uv":[14,11,15,12]},"up":{"texture":"#1","uv":[14,11,15,12]},"west":{"texture":"#1","uv":[14,11,15,12]}},"from":[7,21,6],"rotation":{"angle":0,"axis":"y","origin":[16,7,15]},"to":[10,22,9]},{"faces":{"down":{"texture":"#1","uv":[14,11,15,12]},"east":{"texture":"#1","uv":[14,11,15,12]},"north":{"texture":"#1","uv":[14,11,15,12]},"south":{"texture":"#1","uv":[14,11,15,12]},"up":{"texture":"#1","uv":[14,11,15,12]},"west":{"texture":"#1","uv":[14,11,15,12]}},"from":[7,19,6],"rotation":{"angle":0,"axis":"y","origin":[16,5,15]},"to":[10,20,9]},{"faces":{"down":{"texture":"#1","uv":[14,11,15,12]},"east":{"texture":"#1","uv":[14,11,15,12]},"north":{"texture":"#1","uv":[14,11,15,12]},"south":{"texture":"#1","uv":[14,11,15,12]},"up":{"texture":"#1","uv":[14,11,15,12]},"west":{"texture":"#1","uv":[14,11,15,12]}},"from":[7.5,22,6.5],"rotation":{"angle":0,"axis":"y","origin":[16,8,15]},"to":[9.5,23,8.5]},{"faces":{"down":{"texture":"#1","uv":[14,11,15,12]},"east":{"texture":"#1","uv":[14,11,15,12]},"north":{"texture":"#1","uv":[14,11,15,12]},"south":{"texture":"#1","uv":[14,11,15,12]},"up":{"texture":"#1","uv":[14,11,15,12]},"west":{"texture":"#1","uv":[14,11,15,12]}},"from":[7.5,20,6.5],"rotation":{"angle":0,"axis":"y","origin":[16,6,15]},"to":[9.5,21,8.5]},{"faces":{"down":{"texture":"#1","uv":[14,11,15,12]},"east":{"texture":"#1","uv":[14,11,15,12]},"north":{"texture":"#1","uv":[14,11,15,12]},"south":{"texture":"#1","uv":[14,11,15,12]},"up":{"texture":"#1","uv":[14,11,15,12]},"west":{"texture":"#1","uv":[14,11,15,12]}},"from":[7.5,18.5,6.5],"rotation":{"angle":0,"axis":"y","origin":[16,4,15]},"to":[9.5,19,8.5]},{"faces":{"down":{"texture":"#1","uv":[14,11,15,12]},"east":{"texture":"#1","uv":[14,11,15,12]},"north":{"texture":"#1","uv":[14,11,15,12]},"south":{"texture":"#1","uv":[14,11,15,12]},"up":{"texture":"#1","uv":[14,11,15,12]},"west":{"texture":"#1","uv":[14,11,15,12]}},"from":[7,-8.25,6],"rotation":{"angle":0,"axis":"y","origin":[16,-22.25,15]},"to":[10,-7.25,9]},{"faces":{"down":{"texture":"#1","uv":[14,11,15,12]},"east":{"texture":"#1","uv":[14,11,15,12]},"north":{"texture":"#1","uv":[14,11,15,12]},"south":{"texture":"#1","uv":[14,11,15,12]},"up":{"texture":"#1","uv":[14,11,15,12]},"west":{"texture":"#1","uv":[14,11,15,12]}},"from":[7.5,-7.25,6.5],"rotation":{"angle":0,"axis":"y","origin":[16,-21.75,15]},"to":[9.5,-6.75,8.5]},{"faces":{"down":{"texture":"#1","uv":[14,11,15,12]},"east":{"texture":"#1","uv":[14,11,15,12]},"north":{"texture":"#1","uv":[14,11,15,12]},"south":{"texture":"#1","uv":[14,11,15,12]},"up":{"texture":"#1","uv":[14,11,15,12]},"west":{"texture":"#1","uv":[14,11,15,12]}},"from":[8.35,27,9.41421],"rotation":{"angle":0,"axis":"y","origin":[16.1,8.41421,16.91421]},"to":[8.6,27.41421,10]},{"faces":{"down":{"texture":"#1","uv":[14,11,15,12]},"east":{"texture":"#1","uv":[14,11,15,12]},"north":{"texture":"#1","uv":[14,11,15,12]},"south":{"texture":"#1","uv":[14,11,15,12]},"up":{"texture":"#1","uv":[14,11,15,12]},"west":{"texture":"#1","uv":[14,11,15,12]}},"from":[8.35,24.7972,-3.18198],"rotation":{"angle":45,"axis":"x","origin":[16.1,11.7972,5.31802]},"to":[8.6,26.7972,-2.43198]},{"faces":{"down":{"texture":"#1","uv":[14,11,15,12]},"east":{"texture":"#1","uv":[14,11,15,12]},"north":{"texture":"#1","uv":[14,11,15,12]},"south":{"texture":"#1","uv":[14,11,15,12]},"up":{"texture":"#1","uv":[14,11,15,12]},"west":{"texture":"#1","uv":[14,11,15,12]}},"from":[8.35,22,8.5],"rotation":{"angle":0,"axis":"y","origin":[16.1,8,17]},"to":[8.6,27,10.5]},{"faces":{"down":{"texture":"#1","uv":[14,11,15,12]},"east":{"texture":"#1","uv":[14,11,15,12]},"north":{"texture":"#1","uv":[14,11,15,12]},"south":{"texture":"#1","uv":[14,11,15,12]},"up":{"texture":"#1","uv":[14,11,15,12]},"west":{"texture":"#1","uv":[14,11,15,12]}},"from":[8.35,27,9.91421],"rotation":{"angle":0,"axis":"y","origin":[16.1,9.41421,17.41421]},"to":[8.6,28.41421,10.5]},{"faces":{"down":{"texture":"#1","uv":[14,11,15,12]},"east":{"texture":"#1","uv":[14,11,15,12]},"north":{"texture":"#1","uv":[14,11,15,12]},"south":{"texture":"#1","uv":[14,11,15,12]},"up":{"texture":"#1","uv":[14,11,15,12]},"west":{"texture":"#1","uv":[14,11,15,12]}},"from":[8.35,19.0901,-4.71751],"rotation":{"angle":45,"axis":"x","origin":[16.1,6.0901,3.78249]},"to":[8.6,22.0901,-2.71751]},{"faces":{"down":{"texture":"#1","uv":[14,11,15,12]},"east":{"texture":"#1","uv":[14,11,15,12]},"north":{"texture":"#1","uv":[14,11,15,12]},"south":{"texture":"#1","uv":[14,11,15,12]},"up":{"texture":"#1","uv":[14,11,15,12]},"west":{"texture":"#1","uv":[14,11,15,12]}},"from":[8.35,27,5],"rotation":{"angle":0,"axis":"y","origin":[16.1,8.41421,-1.91421]},"to":[8.6,27.41421,5.58579]},{"faces":{"down":{"texture":"#1","uv":[14,11,15,12]},"east":{"texture":"#1","uv":[14,11,15,12]},"north":{"texture":"#1","uv":[14,11,15,12]},"south":{"texture":"#1","uv":[14,11,15,12]},"up":{"texture":"#1","uv":[14,11,15,12]},"west":{"texture":"#1","uv":[14,11,15,12]}},"from":[8.35,24.7972,17.43198],"rotation":{"angle":-45,"axis":"x","origin":[16.1,11.7972,9.68198]},"to":[8.6,26.7972,18.18198]},{"faces":{"down":{"texture":"#1","uv":[14,11,15,12]},"east":{"texture":"#1","uv":[14,11,15,12]},"north":{"texture":"#1","uv":[14,11,15,12]},"south":{"texture":"#1","uv":[14,11,15,12]},"up":{"texture":"#1","uv":[14,11,15,12]},"west":{"texture":"#1","uv":[14,11,15,12]}},"from":[8.35,22,4.5],"rotation":{"angle":0,"axis":"y","origin":[16.1,8,-2]},"to":[8.6,27,6.5]},{"faces":{"down":{"texture":"#1","uv":[14,11,15,12]},"east":{"texture":"#1","uv":[14,11,15,12]},"north":{"texture":"#1","uv":[14,11,15,12]},"south":{"texture":"#1","uv":[14,11,15,12]},"up":{"texture":"#1","uv":[14,11,15,12]},"west":{"texture":"#1","uv":[14,11,15,12]}},"from":[8.35,27,4.5],"rotation":{"angle":0,"axis":"y","origin":[16.1,9.41421,-2.41421]},"to":[8.6,28.41421,5.08579]},{"faces":{"down":{"texture":"#1","uv":[14,11,15,12]},"east":{"texture":"#1","uv":[14,11,15,12]},"north":{"texture":"#1","uv":[14,11,15,12]},"south":{"texture":"#1","uv":[14,11,15,12]},"up":{"texture":"#1","uv":[14,11,15,12]},"west":{"texture":"#1","uv":[14,11,15,12]}},"from":[8.35,19.0901,17.71751],"rotation":{"angle":-45,"axis":"x","origin":[16.1,6.0901,11.21751]},"to":[8.6,22.0901,19.71751]},{"faces":{"down":{"texture":"#1","uv":[14,11,15,12]},"east":{"texture":"#1","uv":[14,11,15,12]},"north":{"texture":"#1","uv":[14,11,15,12]},"south":{"texture":"#1","uv":[14,11,15,12]},"up":{"texture":"#1","uv":[14,11,15,12]},"west":{"texture":"#1","uv":[14,11,15,12]}},"from":[10.5,27,7.48579],"rotation":{"angle":0,"axis":"y","origin":[18,8.41421,14.98579]},"to":[11.08579,27.41421,7.73579]},{"faces":{"down":{"texture":"#1","uv":[14,11,15,12]},"east":{"texture":"#1","uv":[14,11,15,12]},"north":{"texture":"#1","uv":[14,11,15,12]},"south":{"texture":"#1","uv":[14,11,15,12]},"up":{"texture":"#1","uv":[14,11,15,12]},"west":{"texture":"#1","uv":[14,11,15,12]}},"from":[-2.09619,24.7972,7.48579],"rotation":{"angle":-45,"axis":"z","origin":[6.40381,11.7972,14.98579]},"to":[-1.34619,26.7972,7.73579]},{"faces":{"down":{"texture":"#1","uv":[14,11,15,12]},"east":{"texture":"#1","uv":[14,11,15,12]},"north":{"texture":"#1","uv":[14,11,15,12]},"south":{"texture":"#1","uv":[14,11,15,12]},"up":{"texture":"#1","uv":[14,11,15,12]},"west":{"texture":"#1","uv":[14,11,15,12]}},"from":[9.58579,22,7.48579],"rotation":{"angle":0,"axis":"y","origin":[18.08579,8,14.98579]},"to":[11.58579,27,7.73579]},{"faces":{"down":{"texture":"#1","uv":[14,11,15,12]},"east":{"texture":"#1","uv":[14,11,15,12]},"north":{"texture":"#1","uv":[14,11,15,12]},"south":{"texture":"#1","uv":[14,11,15,12]},"up":{"texture":"#1","uv":[14,11,15,12]},"west":{"texture":"#1","uv":[14,11,15,12]}},"from":[11,27,7.48579],"rotation":{"angle":0,"axis":"y","origin":[18.5,9.41421,14.98579]},"to":[11.58579,28.41421,7.73579]},{"faces":{"down":{"texture":"#1","uv":[14,11,15,12]},"east":{"texture":"#1","uv":[14,11,15,12]},"north":{"texture":"#1","uv":[14,11,15,12]},"south":{"texture":"#1","uv":[14,11,15,12]},"up":{"texture":"#1","uv":[14,11,15,12]},"west":{"texture":"#1","uv":[14,11,15,12]}},"from":[-3.63173,19.0901,7.48579],"rotation":{"angle":-45,"axis":"z","origin":[4.86827,6.0901,14.98579]},"to":[-1.63173,22.0901,7.73579]},{"faces":{"down":{"texture":"#1","uv":[14,11,15,12]},"east":{"texture":"#1","uv":[14,11,15,12]},"north":{"texture":"#1","uv":[14,11,15,12]},"south":{"texture":"#1","uv":[14,11,15,12]},"up":{"texture":"#1","uv":[14,11,15,12]},"west":{"texture":"#1","uv":[14,11,15,12]}},"from":[5.91421,27,7.43579],"rotation":{"angle":0,"axis":"y","origin":[-1,8.41421,15.18579]},"to":[6.5,27.41421,7.68579]},{"faces":{"down":{"texture":"#1","uv":[14,11,15,12]},"east":{"texture":"#1","uv":[14,11,15,12]},"north":{"texture":"#1","uv":[14,11,15,12]},"south":{"texture":"#1","uv":[14,11,15,12]},"up":{"texture":"#1","uv":[14,11,15,12]},"west":{"texture":"#1","uv":[14,11,15,12]}},"from":[18.34619,24.7972,7.43579],"rotation":{"angle":45,"axis":"z","origin":[10.59619,11.7972,15.18579]},"to":[19.09619,26.7972,7.68579]},{"faces":{"down":{"texture":"#1","uv":[14,11,15,12]},"east":{"texture":"#1","uv":[14,11,15,12]},"north":{"texture":"#1","uv":[14,11,15,12]},"south":{"texture":"#1","uv":[14,11,15,12]},"up":{"texture":"#1","uv":[14,11,15,12]},"west":{"texture":"#1","uv":[14,11,15,12]}},"from":[5.41421,22,7.43579],"rotation":{"angle":0,"axis":"y","origin":[-1.08579,8,15.18579]},"to":[7.41421,27,7.68579]},{"faces":{"down":{"texture":"#1","uv":[14,11,15,12]},"east":{"texture":"#1","uv":[14,11,15,12]},"north":{"texture":"#1","uv":[14,11,15,12]},"south":{"texture":"#1","uv":[14,11,15,12]},"up":{"texture":"#1","uv":[14,11,15,12]},"west":{"texture":"#1","uv":[14,11,15,12]}},"from":[5.41421,27,7.43579],"rotation":{"angle":0,"axis":"y","origin":[-1.5,9.41421,15.18579]},"to":[6,28.41421,7.68579]},{"faces":{"down":{"texture":"#1","uv":[14,11,15,12]},"east":{"texture":"#1","uv":[14,11,15,12]},"north":{"texture":"#1","uv":[14,11,15,12]},"south":{"texture":"#1","uv":[14,11,15,12]},"up":{"texture":"#1","uv":[14,11,15,12]},"west":{"texture":"#1","uv":[14,11,15,12]}},"from":[18.63173,19.0901,7.43579],"rotation":{"angle":45,"axis":"z","origin":[12.13173,6.0901,15.18579]},"to":[20.63173,22.0901,7.68579]}],"groups":[0,1,2,3,4,5,6,7,8,9,10,{"children":[11,12,13,14,15],"name":"flag","origin":[16,6.0901,3.78249]},{"children":[16,17,18,19,20],"name":"flag","origin":[16,6.0901,3.78249]},{"children":[21,22,23,24,25],"name":"flag","origin":[16,6.0901,3.78249]},{"children":[26,27,28,29,30],"name":"flag","origin":[16,6.0901,3.78249]}],"textures":{"1":"rune/rune_staff","2":"rune/staff_effect_charged_cross_firework","particle":"basic_staff/basic_staff"}}