{
	"credit": "Made with Blockbench",
	"textures": {
		"0": "ametist_shovel/ametist_shovel",
		"1": "ametist_shovel/ametist_shovel1",
		"2": "ametist_shovel/ametist_shovel2",
		"6": "ametist_shovel/ametist_shovel6",
		"7": "ametist_shovel/ametist_shovel7",
		"9": "ametist_shovel/ametist_shovel9",
		"particle": "ametist_shovel/ametist_shovel"
	},
	"elements": [
		{
			"from": [7.75, 8, 7.75],
			"to": [8.25, 17, 8.25],
			"faces": {
				"north": {"uv": [2, 0, 2.5, 4.5], "texture": "#0"},
				"east": {"uv": [2.5, 0, 3, 4.5], "texture": "#0"},
				"south": {"uv": [3, 0, 3.5, 4.5], "texture": "#0"},
				"west": {"uv": [3.5, 0, 4, 4.5], "texture": "#0"},
				"up": {"uv": [9.5, 7.5, 9, 7], "texture": "#0"},
				"down": {"uv": [9.5, 7.5, 9, 8], "texture": "#0"}
			}
		},
		{
			"from": [8.25, 8, 7.75],
			"to": [8.75, 16.5, 8.25],
			"faces": {
				"north": {"uv": [1, 4.5, 1.5, 9], "texture": "#0"},
				"east": {"uv": [1.5, 4.5, 2, 9], "texture": "#0"},
				"south": {"uv": [2, 4.5, 2.5, 9], "texture": "#0"},
				"west": {"uv": [2.5, 4.5, 3, 9], "texture": "#0"},
				"up": {"uv": [9.5, 9.5, 9, 9], "texture": "#0"},
				"down": {"uv": [10, 0, 9.5, 0.5], "texture": "#0"}
			}
		},
		{
			"from": [7.25, 8, 7.75],
			"to": [7.75, 16.5, 8.25],
			"faces": {
				"north": {"uv": [4, 0, 4.5, 4.5], "texture": "#0"},
				"east": {"uv": [0, 4.5, 0.5, 9], "texture": "#0"},
				"south": {"uv": [4.5, 0, 5, 4.5], "texture": "#0"},
				"west": {"uv": [0.5, 4.5, 1, 9], "texture": "#0"},
				"up": {"uv": [9.5, 8.5, 9, 8], "texture": "#0"},
				"down": {"uv": [9.5, 8.5, 9, 9], "texture": "#0"}
			}
		},
		{
			"from": [8.75, 7.5, 7.75],
			"to": [9.25, 16, 8.25],
			"faces": {
				"north": {"uv": [3, 4.5, 3.5, 9], "texture": "#0"},
				"east": {"uv": [3.5, 4.5, 4, 9], "texture": "#0"},
				"south": {"uv": [4, 4.5, 4.5, 9], "texture": "#0"},
				"west": {"uv": [4.5, 4.5, 5, 9], "texture": "#0"},
				"up": {"uv": [10, 1, 9.5, 0.5], "texture": "#0"},
				"down": {"uv": [10, 1, 9.5, 1.5], "texture": "#0"}
			}
		},
		{
			"from": [6.75, 7.5, 7.75],
			"to": [7.25, 16, 8.25],
			"faces": {
				"north": {"uv": [0, 0, 0.5, 4.5], "texture": "#0"},
				"east": {"uv": [0.5, 0, 1, 4.5], "texture": "#0"},
				"south": {"uv": [1, 0, 1.5, 4.5], "texture": "#0"},
				"west": {"uv": [1.5, 0, 2, 4.5], "texture": "#0"},
				"up": {"uv": [9.5, 6.5, 9, 6], "texture": "#0"},
				"down": {"uv": [9.5, 6.5, 9, 7], "texture": "#0"}
			}
		},
		{
			"from": [10.75, 7, 7.75],
			"to": [11.25, 13.75, 8.25],
			"faces": {
				"north": {"uv": [1.5, 9, 2, 12.5], "texture": "#0"},
				"east": {"uv": [2, 9, 2.5, 12.5], "texture": "#0"},
				"south": {"uv": [2.5, 9, 3, 12.5], "texture": "#0"},
				"west": {"uv": [3, 9, 3.5, 12.5], "texture": "#0"},
				"up": {"uv": [4.5, 10, 4, 9.5], "texture": "#0"},
				"down": {"uv": [10, 4, 9.5, 4.5], "texture": "#0"}
			}
		},
		{
			"from": [10.25, 7.75, 7.75],
			"to": [10.75, 14.75, 8.25],
			"faces": {
				"north": {"uv": [0, 9, 0.5, 12.5], "texture": "#0"},
				"east": {"uv": [9, 0, 9.5, 3.5], "texture": "#0"},
				"south": {"uv": [0.5, 9, 1, 12.5], "texture": "#0"},
				"west": {"uv": [1, 9, 1.5, 12.5], "texture": "#0"},
				"up": {"uv": [4, 10, 3.5, 9.5], "texture": "#0"},
				"down": {"uv": [10, 3.5, 9.5, 4], "texture": "#0"}
			}
		},
		{
			"from": [9.75, 8.25, 7.75],
			"to": [10.25, 15.75, 8.25],
			"faces": {
				"north": {"uv": [8, 0, 8.5, 4], "texture": "#0"},
				"east": {"uv": [8, 4, 8.5, 8], "texture": "#0"},
				"south": {"uv": [5, 8, 5.5, 12], "texture": "#0"},
				"west": {"uv": [5.5, 8, 6, 12], "texture": "#0"},
				"up": {"uv": [10, 3, 9.5, 2.5], "texture": "#0"},
				"down": {"uv": [10, 3, 9.5, 3.5], "texture": "#0"}
			}
		},
		{
			"from": [9.25, 8, 7.75],
			"to": [9.75, 16.25, 8.25],
			"faces": {
				"north": {"uv": [7, 0, 7.5, 4], "texture": "#0"},
				"east": {"uv": [7, 4, 7.5, 8], "texture": "#0"},
				"south": {"uv": [7.5, 0, 8, 4], "texture": "#0"},
				"west": {"uv": [7.5, 4, 8, 8], "texture": "#0"},
				"up": {"uv": [10, 2, 9.5, 1.5], "texture": "#0"},
				"down": {"uv": [10, 2, 9.5, 2.5], "texture": "#0"}
			}
		},
		{
			"from": [6.25, 8, 7.75],
			"to": [6.75, 16.25, 8.25],
			"faces": {
				"north": {"uv": [6, 0, 6.5, 4], "texture": "#0"},
				"east": {"uv": [6, 4, 6.5, 8], "texture": "#0"},
				"south": {"uv": [6.5, 0, 7, 4], "texture": "#0"},
				"west": {"uv": [6.5, 4, 7, 8], "texture": "#0"},
				"up": {"uv": [9.5, 5.5, 9, 5], "texture": "#0"},
				"down": {"uv": [9.5, 5.5, 9, 6], "texture": "#0"}
			}
		},
		{
			"from": [5.75, 8.25, 7.75],
			"to": [6.25, 15.75, 8.25],
			"faces": {
				"north": {"uv": [5, 0, 5.5, 4], "texture": "#0"},
				"east": {"uv": [5, 4, 5.5, 8], "texture": "#0"},
				"south": {"uv": [5.5, 0, 6, 4], "texture": "#0"},
				"west": {"uv": [5.5, 4, 6, 8], "texture": "#0"},
				"up": {"uv": [5, 9.5, 4.5, 9], "texture": "#0"},
				"down": {"uv": [9.5, 4.5, 9, 5], "texture": "#0"}
			}
		},
		{
			"from": [5.25, 7.75, 7.75],
			"to": [5.75, 14.75, 8.25],
			"faces": {
				"north": {"uv": [8, 8, 8.5, 11.5], "texture": "#0"},
				"east": {"uv": [8.5, 0, 9, 3.5], "texture": "#0"},
				"south": {"uv": [8.5, 3.5, 9, 7], "texture": "#0"},
				"west": {"uv": [8.5, 7, 9, 10.5], "texture": "#0"},
				"up": {"uv": [4.5, 9.5, 4, 9], "texture": "#0"},
				"down": {"uv": [9.5, 4, 9, 4.5], "texture": "#0"}
			}
		},
		{
			"from": [4.75, 7, 7.75],
			"to": [5.25, 13.75, 8.25],
			"faces": {
				"north": {"uv": [6, 8, 6.5, 11.5], "texture": "#0"},
				"east": {"uv": [6.5, 8, 7, 11.5], "texture": "#0"},
				"south": {"uv": [7, 8, 7.5, 11.5], "texture": "#0"},
				"west": {"uv": [7.5, 8, 8, 11.5], "texture": "#0"},
				"up": {"uv": [4, 9.5, 3.5, 9], "texture": "#0"},
				"down": {"uv": [9.5, 3.5, 9, 4], "texture": "#0"}
			}
		},
		{
			"from": [5.25, 7.75, 8.25],
			"to": [5.75, 13.75, 8.5],
			"faces": {
				"north": {"uv": [0, 0, 0.25, 3], "texture": "#1"},
				"east": {"uv": [0, 0, 0.125, 3], "texture": "#1"},
				"south": {"uv": [0, 0, 0.25, 3], "texture": "#1"},
				"west": {"uv": [0, 0, 0.125, 3], "texture": "#1"},
				"up": {"uv": [0, 0, 0.25, 0.125], "texture": "#1"},
				"down": {"uv": [0, 0, 0.25, 0.125], "texture": "#1"}
			}
		},
		{
			"from": [5.75, 8.25, 8.25],
			"to": [6.25, 14.75, 8.5],
			"faces": {
				"north": {"uv": [8.5, 3.5, 9, 7], "texture": "#2"},
				"east": {"uv": [8.5, 7, 9, 10.5], "texture": "#2"},
				"south": {"uv": [9, 0, 9.5, 3.5], "texture": "#2"},
				"west": {"uv": [9, 3.5, 9.5, 7], "texture": "#2"},
				"up": {"uv": [8, 11.5, 7.5, 11], "texture": "#2"},
				"down": {"uv": [11.5, 7.5, 11, 8], "texture": "#2"}
			}
		},
		{
			"from": [6.25, 8.25, 8.25],
			"to": [6.75, 15.25, 8.5],
			"faces": {
				"north": {"uv": [0, 8, 1, 15], "texture": "#1"},
				"east": {"uv": [8, 0, 9, 7], "texture": "#1"},
				"south": {"uv": [1, 8, 2, 15], "texture": "#1"},
				"west": {"uv": [2, 8, 3, 15], "texture": "#1"},
				"up": {"uv": [13, 1, 12, 0], "texture": "#1"},
				"down": {"uv": [13, 1, 12, 2], "texture": "#1"}
			}
		},
		{
			"from": [9.25, 8.25, 8.25],
			"to": [9.75, 15.25, 8.5],
			"faces": {
				"north": {"uv": [3, 8, 4, 15], "texture": "#1"},
				"east": {"uv": [4, 8, 5, 15], "texture": "#1"},
				"south": {"uv": [5, 8, 6, 15], "texture": "#1"},
				"west": {"uv": [6, 8, 7, 15], "texture": "#1"},
				"up": {"uv": [13, 5, 12, 4], "texture": "#1"},
				"down": {"uv": [13, 5, 12, 6], "texture": "#1"}
			}
		},
		{
			"from": [9.75, 8.25, 8.25],
			"to": [10.25, 14.75, 8.5],
			"faces": {
				"north": {"uv": [7.5, 0, 8, 3.5], "texture": "#2"},
				"east": {"uv": [3.5, 7.5, 4, 11], "texture": "#2"},
				"south": {"uv": [7.5, 3.5, 8, 7], "texture": "#2"},
				"west": {"uv": [4, 7.5, 4.5, 11], "texture": "#2"},
				"up": {"uv": [11.5, 2, 11, 1.5], "texture": "#2"},
				"down": {"uv": [11.5, 2, 11, 2.5], "texture": "#2"}
			}
		},
		{
			"from": [10.25, 7.75, 8.25],
			"to": [10.75, 13.75, 8.5],
			"faces": {
				"north": {"uv": [0, 0, 0.25, 3], "texture": "#1"},
				"east": {"uv": [0, 0, 0.125, 3], "texture": "#1"},
				"south": {"uv": [0, 0, 0.25, 3], "texture": "#1"},
				"west": {"uv": [0, 0, 0.125, 3], "texture": "#1"},
				"up": {"uv": [0, 0, 0.25, 0.125], "texture": "#1"},
				"down": {"uv": [0, 0, 0.25, 0.125], "texture": "#1"}
			}
		},
		{
			"from": [6.75, 7.75, 8.25],
			"to": [7.25, 15, 8.5],
			"faces": {
				"north": {"uv": [3, 8, 3.5, 11.5], "texture": "#2"},
				"east": {"uv": [8, 3.5, 8.5, 7], "texture": "#2"},
				"south": {"uv": [8, 7, 8.5, 10.5], "texture": "#2"},
				"west": {"uv": [8.5, 0, 9, 3.5], "texture": "#2"},
				"up": {"uv": [7, 11.5, 6.5, 11], "texture": "#2"},
				"down": {"uv": [11.5, 6.5, 11, 7], "texture": "#2"}
			}
		},
		{
			"from": [8.75, 7.75, 8.25],
			"to": [9.25, 15, 8.5],
			"faces": {
				"north": {"uv": [7.5, 7, 8, 10.5], "texture": "#2"},
				"east": {"uv": [0, 8, 0.5, 11.5], "texture": "#2"},
				"south": {"uv": [8, 0, 8.5, 3.5], "texture": "#2"},
				"west": {"uv": [0.5, 8, 1, 11.5], "texture": "#2"},
				"up": {"uv": [4, 11.5, 3.5, 11], "texture": "#2"},
				"down": {"uv": [11.5, 3.5, 11, 4], "texture": "#2"}
			}
		},
		{
			"from": [7.25, 8, 8.25],
			"to": [7.75, 15.5, 8.5],
			"faces": {
				"north": {"uv": [1.5, 4, 2, 8], "texture": "#2"},
				"east": {"uv": [2, 4, 2.5, 8], "texture": "#2"},
				"south": {"uv": [2.5, 4, 3, 8], "texture": "#2"},
				"west": {"uv": [3, 4, 3.5, 8], "texture": "#2"},
				"up": {"uv": [11.5, 6, 11, 5.5], "texture": "#2"},
				"down": {"uv": [11.5, 6, 11, 6.5], "texture": "#2"}
			}
		},
		{
			"from": [8.25, 8, 8.25],
			"to": [8.75, 15.5, 8.5],
			"faces": {
				"north": {"uv": [0, 4, 0.5, 8], "texture": "#2"},
				"east": {"uv": [4, 0, 4.5, 4], "texture": "#2"},
				"south": {"uv": [0.5, 4, 1, 8], "texture": "#2"},
				"west": {"uv": [1, 4, 1.5, 8], "texture": "#2"},
				"up": {"uv": [4.5, 11.5, 4, 11], "texture": "#2"},
				"down": {"uv": [11.5, 4, 11, 4.5], "texture": "#2"}
			}
		},
		{
			"from": [7.75, 8, 8.25],
			"to": [8.25, 16, 8.5],
			"faces": {
				"north": {"uv": [0, 0, 1, 8], "texture": "#1"},
				"east": {"uv": [1, 0, 2, 8], "texture": "#1"},
				"south": {"uv": [2, 0, 3, 8], "texture": "#1"},
				"west": {"uv": [3, 0, 4, 8], "texture": "#1"},
				"up": {"uv": [13, 3, 12, 2], "texture": "#1"},
				"down": {"uv": [13, 3, 12, 4], "texture": "#1"}
			}
		},
		{
			"from": [10.25, 7.75, 7.5],
			"to": [10.75, 13.75, 7.75],
			"faces": {
				"north": {"uv": [0, 0, 0.25, 3], "texture": "#1"},
				"east": {"uv": [0, 0, 0.125, 3], "texture": "#1"},
				"south": {"uv": [0, 0, 0.25, 3], "texture": "#1"},
				"west": {"uv": [0, 0, 0.125, 3], "texture": "#1"},
				"up": {"uv": [0, 0, 0.25, 0.125], "texture": "#1"},
				"down": {"uv": [0, 0, 0.25, 0.125], "texture": "#1"}
			}
		},
		{
			"from": [9.75, 8.25, 7.5],
			"to": [10.25, 14.75, 7.75],
			"faces": {
				"north": {"uv": [5.5, 7, 6, 10.5], "texture": "#2"},
				"east": {"uv": [6, 7, 6.5, 10.5], "texture": "#2"},
				"south": {"uv": [6.5, 7, 7, 10.5], "texture": "#2"},
				"west": {"uv": [7, 7, 7.5, 10.5], "texture": "#2"},
				"up": {"uv": [11.5, 1, 11, 0.5], "texture": "#2"},
				"down": {"uv": [11.5, 1, 11, 1.5], "texture": "#2"}
			}
		},
		{
			"from": [9.25, 8.25, 7.5],
			"to": [9.75, 15.25, 7.75],
			"faces": {
				"north": {"uv": [10, 0, 11, 7], "texture": "#2"},
				"east": {"uv": [10, 7, 11, 14], "texture": "#1"},
				"south": {"uv": [11, 0, 12, 7], "texture": "#1"},
				"west": {"uv": [11, 7, 12, 14], "texture": "#1"},
				"up": {"uv": [13, 11, 12, 10], "texture": "#1"},
				"down": {"uv": [13, 11, 12, 12], "texture": "#1"}
			}
		},
		{
			"from": [8.75, 7.75, 7.5],
			"to": [9.25, 15, 7.75],
			"faces": {
				"north": {"uv": [7, 0, 7.5, 3.5], "texture": "#2"},
				"east": {"uv": [7, 3.5, 7.5, 7], "texture": "#2"},
				"south": {"uv": [4.5, 7, 5, 10.5], "texture": "#2"},
				"west": {"uv": [5, 7, 5.5, 10.5], "texture": "#2"},
				"up": {"uv": [11, 10, 10.5, 9.5], "texture": "#2"},
				"down": {"uv": [11, 10, 10.5, 10.5], "texture": "#2"}
			}
		},
		{
			"from": [8.25, 8, 7.5],
			"to": [8.75, 15.5, 7.75],
			"faces": {
				"north": {"uv": [2, 0, 2.5, 4], "texture": "#2"},
				"east": {"uv": [2.5, 0, 3, 4], "texture": "#2"},
				"south": {"uv": [3, 0, 3.5, 4], "texture": "#2"},
				"west": {"uv": [3.5, 0, 4, 4], "texture": "#2"},
				"up": {"uv": [11, 9, 10.5, 8.5], "texture": "#2"},
				"down": {"uv": [11, 9, 10.5, 9.5], "texture": "#2"}
			}
		},
		{
			"from": [7.75, 8, 7.5],
			"to": [8.25, 16, 7.75],
			"faces": {
				"north": {"uv": [4, 0, 5, 8], "texture": "#1"},
				"east": {"uv": [5, 0, 6, 8], "texture": "#1"},
				"south": {"uv": [6, 0, 7, 8], "texture": "#1"},
				"west": {"uv": [7, 0, 8, 8], "texture": "#1"},
				"up": {"uv": [13, 9, 12, 8], "texture": "#1"},
				"down": {"uv": [13, 9, 12, 10], "texture": "#1"}
			}
		},
		{
			"from": [7.25, 8, 7.5],
			"to": [7.75, 15.5, 7.75],
			"faces": {
				"north": {"uv": [0, 0, 0.5, 4], "texture": "#2"},
				"east": {"uv": [0.5, 0, 1, 4], "texture": "#2"},
				"south": {"uv": [1, 0, 1.5, 4], "texture": "#2"},
				"west": {"uv": [1.5, 0, 2, 4], "texture": "#2"},
				"up": {"uv": [11, 8, 10.5, 7.5], "texture": "#2"},
				"down": {"uv": [8.5, 10.5, 8, 11], "texture": "#2"}
			}
		},
		{
			"from": [6.75, 7.75, 7.5],
			"to": [7.25, 15, 7.75],
			"faces": {
				"north": {"uv": [5, 0, 5.5, 3.5], "texture": "#2"},
				"east": {"uv": [5, 3.5, 5.5, 7], "texture": "#2"},
				"south": {"uv": [5.5, 0, 6, 3.5], "texture": "#2"},
				"west": {"uv": [5.5, 3.5, 6, 7], "texture": "#2"},
				"up": {"uv": [11, 7.5, 10.5, 7], "texture": "#2"},
				"down": {"uv": [8, 10.5, 7.5, 11], "texture": "#2"}
			}
		},
		{
			"from": [6.25, 8.25, 7.5],
			"to": [6.75, 15.25, 7.75],
			"faces": {
				"north": {"uv": [7, 8, 8, 15], "texture": "#1"},
				"east": {"uv": [8, 7, 9, 14], "texture": "#1"},
				"south": {"uv": [9, 0, 10, 7], "texture": "#1"},
				"west": {"uv": [9, 7, 10, 14], "texture": "#1"},
				"up": {"uv": [13, 7, 12, 6], "texture": "#1"},
				"down": {"uv": [13, 7, 12, 8], "texture": "#1"}
			}
		},
		{
			"from": [5.75, 8.25, 7.5],
			"to": [6.25, 14.75, 7.75],
			"faces": {
				"north": {"uv": [3.5, 4, 4, 7.5], "texture": "#2"},
				"east": {"uv": [4, 4, 4.5, 7.5], "texture": "#2"},
				"south": {"uv": [4.5, 0, 5, 3.5], "texture": "#2"},
				"west": {"uv": [4.5, 3.5, 5, 7], "texture": "#2"},
				"up": {"uv": [11, 6.5, 10.5, 6], "texture": "#2"},
				"down": {"uv": [7, 10.5, 6.5, 11], "texture": "#2"}
			}
		},
		{
			"from": [5.25, 7.75, 7.5],
			"to": [5.75, 13.75, 7.75],
			"faces": {
				"north": {"uv": [0, 0, 0.25, 3], "texture": "#1"},
				"east": {"uv": [0, 0, 0.125, 3], "texture": "#1"},
				"south": {"uv": [0, 0, 0.25, 3], "texture": "#1"},
				"west": {"uv": [0, 0, 0.125, 3], "texture": "#1"},
				"up": {"uv": [0, 0, 0.25, 0.125], "texture": "#1"},
				"down": {"uv": [0, 0, 0.25, 0.125], "texture": "#1"}
			}
		},
		{
			"from": [8.75, 7.75, 8.5],
			"to": [9.25, 13, 8.75],
			"faces": {
				"north": {"uv": [4, 7, 5, 12], "texture": "#9"},
				"east": {"uv": [5, 7, 6, 12], "texture": "#9"},
				"south": {"uv": [6, 7, 7, 12], "texture": "#9"},
				"west": {"uv": [7, 7, 8, 12], "texture": "#9"},
				"up": {"uv": [11, 1, 10, 0], "texture": "#9"},
				"down": {"uv": [11, 1, 10, 2], "texture": "#9"}
			}
		},
		{
			"from": [8.25, 8, 8.5],
			"to": [8.75, 14.6, 8.75],
			"faces": {
				"north": {"uv": [0, 0, 1, 7], "texture": "#9"},
				"east": {"uv": [1, 0, 2, 7], "texture": "#9"},
				"south": {"uv": [2, 0, 3, 7], "texture": "#9"},
				"west": {"uv": [3, 0, 4, 7], "texture": "#9"},
				"up": {"uv": [11, 3, 10, 2], "texture": "#9"},
				"down": {"uv": [11, 3, 10, 4], "texture": "#9"}
			}
		},
		{
			"from": [7.75, 8, 8.5],
			"to": [8.25, 15, 8.75],
			"faces": {
				"north": {"uv": [4, 0, 5, 7], "texture": "#9"},
				"east": {"uv": [5, 0, 6, 7], "texture": "#9"},
				"south": {"uv": [6, 0, 7, 7], "texture": "#9"},
				"west": {"uv": [0, 7, 1, 14], "texture": "#9"},
				"up": {"uv": [11, 5, 10, 4], "texture": "#9"},
				"down": {"uv": [11, 5, 10, 6], "texture": "#9"}
			}
		},
		{
			"from": [7.25, 8, 8.5],
			"to": [7.75, 14.6, 8.75],
			"faces": {
				"north": {"uv": [7, 0, 8, 7], "texture": "#9"},
				"east": {"uv": [1, 7, 2, 14], "texture": "#9"},
				"south": {"uv": [2, 7, 3, 14], "texture": "#9"},
				"west": {"uv": [3, 7, 4, 14], "texture": "#9"},
				"up": {"uv": [11, 7, 10, 6], "texture": "#9"},
				"down": {"uv": [11, 7, 10, 8], "texture": "#9"}
			}
		},
		{
			"from": [6.75, 7.75, 8.5],
			"to": [7.25, 13, 8.75],
			"faces": {
				"north": {"uv": [8, 0, 9, 5], "texture": "#9"},
				"east": {"uv": [8, 5, 9, 10], "texture": "#9"},
				"south": {"uv": [9, 0, 10, 5], "texture": "#9"},
				"west": {"uv": [9, 5, 10, 10], "texture": "#9"},
				"up": {"uv": [9, 11, 8, 10], "texture": "#9"},
				"down": {"uv": [11, 8, 10, 9], "texture": "#9"}
			}
		},
		{
			"from": [6.75, 7.75, 7.25],
			"to": [7.25, 13, 7.5],
			"faces": {
				"north": {"uv": [8, 0, 9, 5], "texture": "#9"},
				"east": {"uv": [8, 5, 9, 10], "texture": "#9"},
				"south": {"uv": [9, 0, 10, 5], "texture": "#9"},
				"west": {"uv": [9, 5, 10, 10], "texture": "#9"},
				"up": {"uv": [9, 11, 8, 10], "texture": "#9"},
				"down": {"uv": [11, 8, 10, 9], "texture": "#9"}
			}
		},
		{
			"from": [7.25, 8, 7.25],
			"to": [7.75, 14.6, 7.5],
			"faces": {
				"north": {"uv": [7, 0, 8, 7], "texture": "#9"},
				"east": {"uv": [1, 7, 2, 14], "texture": "#9"},
				"south": {"uv": [2, 7, 3, 14], "texture": "#9"},
				"west": {"uv": [3, 7, 4, 14], "texture": "#9"},
				"up": {"uv": [11, 7, 10, 6], "texture": "#9"},
				"down": {"uv": [11, 7, 10, 8], "texture": "#9"}
			}
		},
		{
			"from": [7.75, 8, 7.25],
			"to": [8.25, 15, 7.5],
			"faces": {
				"north": {"uv": [4, 0, 5, 7], "texture": "#9"},
				"east": {"uv": [5, 0, 6, 7], "texture": "#9"},
				"south": {"uv": [6, 0, 7, 7], "texture": "#9"},
				"west": {"uv": [0, 7, 1, 14], "texture": "#9"},
				"up": {"uv": [11, 5, 10, 4], "texture": "#9"},
				"down": {"uv": [11, 5, 10, 6], "texture": "#9"}
			}
		},
		{
			"from": [8.75, 7.75, 7.25],
			"to": [9.25, 13, 7.5],
			"faces": {
				"north": {"uv": [4, 7, 5, 12], "texture": "#9"},
				"east": {"uv": [5, 7, 6, 12], "texture": "#9"},
				"south": {"uv": [6, 7, 7, 12], "texture": "#9"},
				"west": {"uv": [7, 7, 8, 12], "texture": "#9"},
				"up": {"uv": [11, 1, 10, 0], "texture": "#9"},
				"down": {"uv": [11, 1, 10, 2], "texture": "#9"}
			}
		},
		{
			"from": [8.25, 8, 7.25],
			"to": [8.75, 14.6, 7.5],
			"faces": {
				"north": {"uv": [0, 0, 1, 7], "texture": "#9"},
				"east": {"uv": [1, 0, 2, 7], "texture": "#9"},
				"south": {"uv": [2, 0, 3, 7], "texture": "#9"},
				"west": {"uv": [3, 0, 4, 7], "texture": "#9"},
				"up": {"uv": [11, 3, 10, 2], "texture": "#9"},
				"down": {"uv": [11, 3, 10, 4], "texture": "#9"}
			}
		},
		{
			"from": [7, 7, 7],
			"to": [9, 8, 9],
			"faces": {
				"north": {"uv": [4, 4, 6, 5], "texture": "#6"},
				"east": {"uv": [4, 5, 6, 6], "texture": "#6"},
				"south": {"uv": [0, 6, 2, 7], "texture": "#6"},
				"west": {"uv": [6, 0, 8, 1], "texture": "#6"},
				"up": {"uv": [2, 2, 0, 0], "texture": "#6"},
				"down": {"uv": [2, 2, 0, 4], "texture": "#6"}
			}
		},
		{
			"from": [7.25, 6, 7.25],
			"to": [8.75, 7, 8.75],
			"faces": {
				"north": {"uv": [6, 1, 8, 2], "texture": "#6"},
				"east": {"uv": [2, 6, 4, 7], "texture": "#6"},
				"south": {"uv": [6, 2, 8, 3], "texture": "#6"},
				"west": {"uv": [6, 3, 8, 4], "texture": "#6"},
				"up": {"uv": [4, 2, 2, 0], "texture": "#6"},
				"down": {"uv": [4, 2, 2, 4], "texture": "#6"}
			}
		},
		{
			"from": [7.5, -14, 7.5],
			"to": [8.5, 6, 8.5],
			"faces": {
				"north": {"uv": [0, 0, 0.5, 10], "texture": "#7"},
				"east": {"uv": [0.5, 0, 1, 10], "texture": "#7"},
				"south": {"uv": [1, 0, 1.5, 10], "texture": "#7"},
				"west": {"uv": [1.5, 0, 2, 10], "texture": "#7"},
				"up": {"uv": [2.5, 0.5, 2, 0], "texture": "#7"},
				"down": {"uv": [2.5, 0.5, 2, 1], "texture": "#7"}
			}
		},
		{
			"from": [7.25, -15, 7.25],
			"to": [8.75, -14, 8.75],
			"faces": {
				"north": {"uv": [4, 6, 6, 7], "texture": "#6"},
				"east": {"uv": [6, 4, 8, 5], "texture": "#6"},
				"south": {"uv": [6, 5, 8, 6], "texture": "#6"},
				"west": {"uv": [6, 6, 8, 7], "texture": "#6"},
				"up": {"uv": [2, 6, 0, 4], "texture": "#6"},
				"down": {"uv": [6, 0, 4, 2], "texture": "#6"}
			}
		},
		{
			"from": [7, -16, 7],
			"to": [9, -15, 9],
			"faces": {
				"north": {"uv": [0, 7, 2, 8], "texture": "#6"},
				"east": {"uv": [2, 7, 4, 8], "texture": "#6"},
				"south": {"uv": [4, 7, 6, 8], "texture": "#6"},
				"west": {"uv": [6, 7, 8, 8], "texture": "#6"},
				"up": {"uv": [4, 6, 2, 4], "texture": "#6"},
				"down": {"uv": [6, 2, 4, 4], "texture": "#6"}
			}
		}
	],
	"display": {
		"thirdperson_righthand": {
			"rotation": [0, 90, 0],
			"translation": [0, 14, 1.75]
		},
		"thirdperson_lefthand": {
			"rotation": [0, 90, 0],
			"translation": [0, 14, 1.75]
		},
		"firstperson_righthand": {
			"rotation": [0, 90, 0],
			"translation": [0, 10, 0],
			"scale": [0.8, 0.8, 0.8]
		},
		"firstperson_lefthand": {
			"rotation": [0, -90, 0],
			"translation": [0, 10, 0],
			"scale": [0.8, 0.8, 0.8]
		},
		"ground": {
			"translation": [0, 23.75, 0]
		},
		"gui": {
			"translation": [0, 10.5, 0]
		},
		"fixed": {
			"translation": [0, 6.75, -1.25]
		}
	},
	"groups": [
		{
			"name": "blade",
			"origin": [0, 0, 0],
			"color": 0,
			"children": [0, 1, 2, 3, 4, 5, 6, 7, 8, 9, 10, 11, 12, 13, 14, 15, 16, 17, 18, 19, 20, 21, 22, 23, 24, 25, 26, 27, 28, 29, 30, 31, 32, 33, 34, 35, 36, 37, 38, 39, 40, 41, 42, 43, 44]
		},
		{
			"name": "handle",
			"origin": [0, 0, 0],
			"color": 0,
			"children": [45, 46, 47, 48, 49]
		}
	]
}