{"credit":"Made with Blockbench","display":{"firstperson_lefthand":{"rotation":[0,-180,0],"translation":[0,4.75,0]},"firstperson_righthand":{"rotation":[0,-180,0],"translation":[2.25,5,0]},"fixed":{"scale":[2.03,2.03,2.03],"translation":[-1.75,7.75,0]},"ground":{"rotation":[90,0,0],"translation":[0,-3.25,2.5]},"gui":{"rotation":[0,-180,0],"scale":[1.59,1.59,1.59],"translation":[1.75,5.25,0]},"thirdperson_lefthand":{"rotation":[0,-180,0],"translation":[-1.25,4,0]},"thirdperson_righthand":{"rotation":[0,-180,0],"translation":[-0.5,3.5,0]}},"elements":[{"faces":{"down":{"texture":"#0","uv":[5,12,6,13]},"east":{"texture":"#0","uv":[5,13,6,16]},"north":{"texture":"#0","uv":[5,13,6,16]},"south":{"texture":"#0","uv":[7,13,8,16]},"up":{"texture":"#0","uv":[5,13,6,16]},"west":{"texture":"#0","uv":[6,13,7,16]}},"from":[7.5,0,7],"rotation":{"angle":0,"axis":"y","origin":[15.5,8,15]},"to":[9,2,8.5]},{"faces":{"down":{"texture":"#0","uv":[5,12,6,13]},"east":{"texture":"#0","uv":[5,13,6,16]},"north":{"texture":"#0","uv":[5,13,6,16]},"south":{"texture":"#0","uv":[7,13,8,16]},"up":{"texture":"#0","uv":[5,13,6,16]},"west":{"texture":"#0","uv":[6,13,7,16]}},"from":[9,0,7],"rotation":{"angle":0,"axis":"y","origin":[17,8,15]},"to":[10.5,2,8.5]},{"faces":{"down":{"texture":"#0","uv":[2,12,3,13]},"east":{"texture":"#0","uv":[0,9,1,12]},"north":{"texture":"#0","uv":[2,9,3,12]},"south":{"texture":"#0","uv":[3,9,4,12]},"up":{"texture":"#0","uv":[5,13,6,16]},"west":{"texture":"#0","uv":[2,9,3,12]}},"from":[8.75,-0.25,6.749],"rotation":{"angle":0,"axis":"y","origin":[17,8,15]},"to":[10.75,2.25,8.749]},{"faces":{"down":{"texture":"#0","uv":[2,12,3,13]},"east":{"texture":"#0","uv":[0,13,1,16]},"north":{"texture":"#0","uv":[1,13,2,16]},"south":{"texture":"#0","uv":[3,13,4,16]},"up":{"texture":"#0","uv":[5,13,6,16]},"west":{"texture":"#0","uv":[2,13,3,16]}},"from":[7.25,-0.25,6.751],"rotation":{"angle":0,"axis":"y","origin":[15.5,8,15]},"to":[9.25,2.25,8.751]},{"faces":{"down":{"texture":"#0","uv":[7,4,9,5]},"east":{"texture":"#0","uv":[4,5,5,8]},"north":{"texture":"#0","uv":[5,5,7,8]},"south":{"texture":"#0","uv":[8,5,10,8]},"up":{"rotation":180,"texture":"#0","uv":[5,4,7,5]},"west":{"texture":"#0","uv":[7,5,8,8]}},"from":[7.25,2,6.75],"rotation":{"angle":0,"axis":"y","origin":[15.5,10,15]},"to":[10.75,5.75,8.75]},{"faces":{"down":{"texture":"#0","uv":[6.75,8,8.75,9]},"east":{"texture":"#0","uv":[4,9,5,12]},"north":{"texture":"#0","uv":[5,9,7,12]},"south":{"texture":"#0","uv":[8,9,10,12]},"up":{"rotation":180,"texture":"#0","uv":[5.25,8,7.25,9]},"west":{"texture":"#0","uv":[7,9,8,12]}},"from":[7,1.75,6.5],"rotation":{"angle":0,"axis":"y","origin":[15.5,10,15]},"to":[11,6,9]},{"faces":{"down":{"texture":"#0","uv":[4,0,6,2]},"east":{"texture":"#0","uv":[0,2,2,4]},"north":{"texture":"#0","uv":[2,2,4,4]},"south":{"texture":"#0","uv":[6,2,8,4]},"up":{"rotation":180,"texture":"#0","uv":[2,0,4,2]},"west":{"texture":"#0","uv":[4,2,6,4]}},"from":[7.25,5.75,6],"rotation":{"angle":0,"axis":"y","origin":[15.5,13.75,15]},"to":[10.75,9.5,9.5]},{"faces":{"down":{"texture":"#0","uv":[12,0,14,2]},"east":{"texture":"#0","uv":[8,2,10,4]},"north":{"texture":"#0","uv":[10,2,12,4]},"south":{"texture":"#0","uv":[14,2,16,4]},"up":{"rotation":180,"texture":"#0","uv":[10,0,12,2]},"west":{"texture":"#0","uv":[12,2,14,4]}},"from":[7,5.5,5.75],"rotation":{"angle":0,"axis":"y","origin":[15.5,13.75,15]},"to":[11,9.75,9.75]},{"faces":{"down":{"rotation":90,"texture":"#0","uv":[12,9,12.75,12]},"east":{"texture":"#0","uv":[11,4,12,5]},"north":{"rotation":270,"texture":"#0","uv":[12.75,9,13.5,12]},"south":{"rotation":90,"texture":"#0","uv":[11,9,11.75,12]},"up":{"rotation":90,"texture":"#0","uv":[10,9,11,12]},"west":{"rotation":90,"texture":"#0","uv":[12,8,13,9]}},"from":[5,4,6.75],"rotation":{"angle":0,"axis":"y","origin":[6.25,5,7.75]},"to":[7.5,6,8.75]},{"faces":{"down":{"rotation":270,"texture":"#0","uv":[12,9,12.75,12]},"east":{"rotation":90,"texture":"#0","uv":[12,8,13,9]},"north":{"rotation":90,"texture":"#0","uv":[11,9,11.75,12]},"south":{"rotation":270,"texture":"#0","uv":[12.75,9,13.5,12]},"up":{"rotation":270,"texture":"#0","uv":[10,9,11,12]},"west":{"texture":"#0","uv":[11,4,12,5]}},"from":[10.375,4,6.75],"rotation":{"angle":0,"axis":"y","origin":[11.6875,5,7.75]},"to":[12.875,6,8.75]},{"faces":{"down":{"rotation":90,"texture":"#0","uv":[12,5,13,8]},"east":{"texture":"#0","uv":[11,4,12,5]},"north":{"rotation":270,"texture":"#0","uv":[12.75,5,13.5,8]},"south":{"rotation":90,"texture":"#0","uv":[11,5,12,8]},"up":{"rotation":90,"texture":"#0","uv":[10,5,11,8]},"west":{"rotation":90,"texture":"#0","uv":[11.75,4,12.5,5]}},"from":[5,4.25,7],"rotation":{"angle":0,"axis":"y","origin":[6.125,5,7.75]},"to":[7.25,5.75,8.5]},{"faces":{"down":{"rotation":270,"texture":"#0","uv":[12,5,13,8]},"east":{"rotation":90,"texture":"#0","uv":[11.75,4,12.5,5]},"north":{"rotation":90,"texture":"#0","uv":[11,5,12,8]},"south":{"rotation":270,"texture":"#0","uv":[12.75,5,13.5,8]},"up":{"rotation":270,"texture":"#0","uv":[10,5,11,8]},"west":{"texture":"#0","uv":[11,4,12,5]}},"from":[10.625,4.25,7],"rotation":{"angle":0,"axis":"y","origin":[11.6875,5,7.75]},"to":[12.875,5.75,8.5]}],"textures":{"0":"totems/char (66)","particle":"totems/char (66)"}}