{
	"credit": "Made with Blockbench",
	"textures": {
		"0": "warden_sword/warden_sword",
		"1": "warden_sword/warden_sword1",
		"2": "warden_sword/warden_sword2",
		"3": "warden_sword/warden_sword3",
		"4": "warden_sword/warden_sword4",
		"5": "warden_sword/warden_sword5",
		"6": "warden_sword/warden_sword6",
		"7": "warden_sword/warden_sword7",
		"particle": "warden_sword/warden_sword"
	},
	"elements": [
		{
			"from": [7.5, 10.5, 8.5],
			"to": [8.75, 11, 9],
			"faces": {
				"north": {"uv": [0, 0, 1.25, 0.5], "texture": "#4"},
				"east": {"uv": [0, 0, 0.5, 0.5], "texture": "#4"},
				"south": {"uv": [0, 0, 1.25, 0.5], "texture": "#4"},
				"west": {"uv": [0, 0, 0.5, 0.5], "texture": "#4"},
				"up": {"uv": [0, 0, 1.25, 0.5], "texture": "#4"},
				"down": {"uv": [0, 0, 1.25, 0.5], "texture": "#4"}
			}
		},
		{
			"from": [7.75, 9.5, 8.5],
			"to": [8.75, 10, 9],
			"faces": {
				"north": {"uv": [0, 0, 1, 0.5], "texture": "#4"},
				"east": {"uv": [0, 0, 0.5, 0.5], "texture": "#4"},
				"south": {"uv": [0, 0, 1, 0.5], "texture": "#4"},
				"west": {"uv": [0, 0, 0.5, 0.5], "texture": "#4"},
				"up": {"uv": [0, 0, 1, 0.5], "texture": "#4"},
				"down": {"uv": [0, 0, 1, 0.5], "texture": "#4"}
			}
		},
		{
			"from": [7.75, 8.5, 8.5],
			"to": [8.75, 9, 9],
			"faces": {
				"north": {"uv": [0, 0, 1, 0.5], "texture": "#4"},
				"east": {"uv": [0, 0, 0.5, 0.5], "texture": "#4"},
				"south": {"uv": [0, 0, 1, 0.5], "texture": "#4"},
				"west": {"uv": [0, 0, 0.5, 0.5], "texture": "#4"},
				"up": {"uv": [0, 0, 1, 0.5], "texture": "#4"},
				"down": {"uv": [0, 0, 1, 0.5], "texture": "#4"}
			}
		},
		{
			"from": [7.5, 7.5, 8.5],
			"to": [8.75, 8, 9],
			"faces": {
				"north": {"uv": [0, 0, 1.25, 0.5], "texture": "#4"},
				"east": {"uv": [0, 0, 0.5, 0.5], "texture": "#4"},
				"south": {"uv": [0, 0, 1.25, 0.5], "texture": "#4"},
				"west": {"uv": [0, 0, 0.5, 0.5], "texture": "#4"},
				"up": {"uv": [0, 0, 1.25, 0.5], "texture": "#4"},
				"down": {"uv": [0, 0, 1.25, 0.5], "texture": "#4"}
			}
		},
		{
			"from": [5.25, 10.5, 8.5],
			"to": [6.5, 11, 9],
			"faces": {
				"north": {"uv": [0, 0, 1.25, 0.5], "texture": "#4"},
				"east": {"uv": [0, 0, 0.5, 0.5], "texture": "#4"},
				"south": {"uv": [0, 0, 1.25, 0.5], "texture": "#4"},
				"west": {"uv": [0, 0, 0.5, 0.5], "texture": "#4"},
				"up": {"uv": [0, 0, 1.25, 0.5], "texture": "#4"},
				"down": {"uv": [0, 0, 1.25, 0.5], "texture": "#4"}
			}
		},
		{
			"from": [5.25, 9.5, 8.5],
			"to": [6.25, 10, 9],
			"faces": {
				"north": {"uv": [0, 0, 1, 0.5], "texture": "#4"},
				"east": {"uv": [0, 0, 0.5, 0.5], "texture": "#4"},
				"south": {"uv": [0, 0, 1, 0.5], "texture": "#4"},
				"west": {"uv": [0, 0, 0.5, 0.5], "texture": "#4"},
				"up": {"uv": [0, 0, 1, 0.5], "texture": "#4"},
				"down": {"uv": [0, 0, 1, 0.5], "texture": "#4"}
			}
		},
		{
			"from": [5.25, 8.5, 8.5],
			"to": [6.25, 9, 9],
			"faces": {
				"north": {"uv": [0, 0, 1, 0.5], "texture": "#4"},
				"east": {"uv": [0, 0, 0.5, 0.5], "texture": "#4"},
				"south": {"uv": [0, 0, 1, 0.5], "texture": "#4"},
				"west": {"uv": [0, 0, 0.5, 0.5], "texture": "#4"},
				"up": {"uv": [0, 0, 1, 0.5], "texture": "#4"},
				"down": {"uv": [0, 0, 1, 0.5], "texture": "#4"}
			}
		},
		{
			"from": [5.25, 7.5, 8.5],
			"to": [6.5, 8, 9],
			"faces": {
				"north": {"uv": [0, 0, 1.25, 0.5], "texture": "#4"},
				"east": {"uv": [0, 0, 0.5, 0.5], "texture": "#4"},
				"south": {"uv": [0, 0, 1.25, 0.5], "texture": "#4"},
				"west": {"uv": [0, 0, 0.5, 0.5], "texture": "#4"},
				"up": {"uv": [0, 0, 1.25, 0.5], "texture": "#4"},
				"down": {"uv": [0, 0, 1.25, 0.5], "texture": "#4"}
			}
		},
		{
			"from": [5.25, 10.5, 10],
			"to": [6.5, 11, 10.5],
			"faces": {
				"north": {"uv": [0, 0, 1.25, 0.5], "texture": "#4"},
				"east": {"uv": [0, 0, 0.5, 0.5], "texture": "#4"},
				"south": {"uv": [0, 0, 1.25, 0.5], "texture": "#4"},
				"west": {"uv": [0, 0, 0.5, 0.5], "texture": "#4"},
				"up": {"uv": [0, 0, 1.25, 0.5], "texture": "#4"},
				"down": {"uv": [0, 0, 1.25, 0.5], "texture": "#4"}
			}
		},
		{
			"from": [5.25, 9.5, 10],
			"to": [6.25, 10, 10.5],
			"faces": {
				"north": {"uv": [0, 0, 1, 0.5], "texture": "#4"},
				"east": {"uv": [0, 0, 0.5, 0.5], "texture": "#4"},
				"south": {"uv": [0, 0, 1, 0.5], "texture": "#4"},
				"west": {"uv": [0, 0, 0.5, 0.5], "texture": "#4"},
				"up": {"uv": [0, 0, 1, 0.5], "texture": "#4"},
				"down": {"uv": [0, 0, 1, 0.5], "texture": "#4"}
			}
		},
		{
			"from": [5.25, 8.5, 10],
			"to": [6.25, 9, 10.5],
			"faces": {
				"north": {"uv": [0, 0, 1, 0.5], "texture": "#4"},
				"east": {"uv": [0, 0, 0.5, 0.5], "texture": "#4"},
				"south": {"uv": [0, 0, 1, 0.5], "texture": "#4"},
				"west": {"uv": [0, 0, 0.5, 0.5], "texture": "#4"},
				"up": {"uv": [0, 0, 1, 0.5], "texture": "#4"},
				"down": {"uv": [0, 0, 1, 0.5], "texture": "#4"}
			}
		},
		{
			"from": [5.25, 7.5, 10],
			"to": [6.5, 8, 10.5],
			"faces": {
				"north": {"uv": [0, 0, 1.25, 0.5], "texture": "#4"},
				"east": {"uv": [0, 0, 0.5, 0.5], "texture": "#4"},
				"south": {"uv": [0, 0, 1.25, 0.5], "texture": "#4"},
				"west": {"uv": [0, 0, 0.5, 0.5], "texture": "#4"},
				"up": {"uv": [0, 0, 1.25, 0.5], "texture": "#4"},
				"down": {"uv": [0, 0, 1.25, 0.5], "texture": "#4"}
			}
		},
		{
			"from": [7.5, 7.5, 10],
			"to": [8.75, 8, 10.5],
			"faces": {
				"north": {"uv": [0, 0, 1.25, 0.5], "texture": "#4"},
				"east": {"uv": [0, 0, 0.5, 0.5], "texture": "#4"},
				"south": {"uv": [0, 0, 1.25, 0.5], "texture": "#4"},
				"west": {"uv": [0, 0, 0.5, 0.5], "texture": "#4"},
				"up": {"uv": [0, 0, 1.25, 0.5], "texture": "#4"},
				"down": {"uv": [0, 0, 1.25, 0.5], "texture": "#4"}
			}
		},
		{
			"from": [7.75, 8.5, 10],
			"to": [8.75, 9, 10.5],
			"faces": {
				"north": {"uv": [0, 0, 1, 0.5], "texture": "#4"},
				"east": {"uv": [0, 0, 0.5, 0.5], "texture": "#4"},
				"south": {"uv": [0, 0, 1, 0.5], "texture": "#4"},
				"west": {"uv": [0, 0, 0.5, 0.5], "texture": "#4"},
				"up": {"uv": [0, 0, 1, 0.5], "texture": "#4"},
				"down": {"uv": [0, 0, 1, 0.5], "texture": "#4"}
			}
		},
		{
			"from": [7.75, 9.5, 10],
			"to": [8.75, 10, 10.5],
			"faces": {
				"north": {"uv": [0, 0, 1, 0.5], "texture": "#4"},
				"east": {"uv": [0, 0, 0.5, 0.5], "texture": "#4"},
				"south": {"uv": [0, 0, 1, 0.5], "texture": "#4"},
				"west": {"uv": [0, 0, 0.5, 0.5], "texture": "#4"},
				"up": {"uv": [0, 0, 1, 0.5], "texture": "#4"},
				"down": {"uv": [0, 0, 1, 0.5], "texture": "#4"}
			}
		},
		{
			"from": [7.5, 10.5, 10],
			"to": [8.75, 11, 10.5],
			"faces": {
				"north": {"uv": [0, 0, 1.25, 0.5], "texture": "#4"},
				"east": {"uv": [0, 0, 0.5, 0.5], "texture": "#4"},
				"south": {"uv": [0, 0, 1.25, 0.5], "texture": "#4"},
				"west": {"uv": [0, 0, 0.5, 0.5], "texture": "#4"},
				"up": {"uv": [0, 0, 1.25, 0.5], "texture": "#4"},
				"down": {"uv": [0, 0, 1.25, 0.5], "texture": "#4"}
			}
		},
		{
			"from": [5.25, 11.5, 8.75],
			"to": [8.75, 12, 10.25],
			"faces": {
				"north": {"uv": [8, 8, 12, 9], "texture": "#6"},
				"east": {"uv": [8, 10, 10, 11], "texture": "#6"},
				"south": {"uv": [8, 9, 12, 10], "texture": "#6"},
				"west": {"uv": [10, 10, 12, 11], "texture": "#6"},
				"up": {"uv": [10, 4, 6, 2], "texture": "#6"},
				"down": {"uv": [10, 4, 6, 6], "texture": "#6"}
			}
		},
		{
			"from": [4.75, 6.5, 8.75],
			"to": [5.25, 12, 10.25],
			"faces": {
				"north": {"uv": [2, 8, 3, 14], "texture": "#6"},
				"east": {"uv": [4, 0, 6, 6], "texture": "#6"},
				"south": {"uv": [3, 8, 4, 14], "texture": "#6"},
				"west": {"uv": [0, 6, 2, 12], "texture": "#6"},
				"up": {"uv": [5, 12, 4, 10], "texture": "#6"},
				"down": {"uv": [11, 4, 10, 6], "texture": "#6"}
			}
		},
		{
			"from": [5.25, 6.5, 8.75],
			"to": [8.75, 7, 10.25],
			"faces": {
				"north": {"uv": [8, 6, 12, 7], "texture": "#6"},
				"east": {"uv": [4, 8, 6, 9], "texture": "#6"},
				"south": {"uv": [8, 7, 12, 8], "texture": "#6"},
				"west": {"uv": [4, 9, 6, 10], "texture": "#6"},
				"up": {"uv": [10, 2, 6, 0], "texture": "#6"},
				"down": {"uv": [6, 6, 2, 8], "texture": "#6"}
			}
		},
		{
			"from": [8.75, 6.5, 8.75],
			"to": [9.25, 12, 10.25],
			"faces": {
				"north": {"uv": [6, 6, 7, 12], "texture": "#6"},
				"east": {"uv": [0, 0, 2, 6], "texture": "#6"},
				"south": {"uv": [7, 6, 8, 12], "texture": "#6"},
				"west": {"uv": [2, 0, 4, 6], "texture": "#6"},
				"up": {"uv": [11, 2, 10, 0], "texture": "#6"},
				"down": {"uv": [11, 2, 10, 4], "texture": "#6"}
			}
		},
		{
			"from": [5.25, 7, 9],
			"to": [8.75, 11.5, 10],
			"faces": {
				"north": {"uv": [0, 0, 3.5, 4.5], "texture": "#5"},
				"east": {"uv": [0, 5, 1, 9.5], "texture": "#5"},
				"south": {"uv": [0, 0, 3.5, 4.5], "texture": "#5"},
				"west": {"uv": [1, 5, 2, 9.5], "texture": "#5"},
				"up": {"uv": [5.5, 6, 2, 5], "texture": "#5"},
				"down": {"uv": [5.5, 6, 2, 7], "texture": "#5"}
			}
		},
		{
			"from": [6, 12, 9],
			"to": [7, 30, 10],
			"faces": {
				"north": {"uv": [0, 0, 0.5, 9], "texture": "#1"},
				"east": {"uv": [0.5, 0, 1, 9], "texture": "#1"},
				"south": {"uv": [1, 0, 1.5, 9], "texture": "#1"},
				"west": {"uv": [1.5, 0, 2, 9], "texture": "#1"},
				"up": {"uv": [2.5, 0.5, 2, 0], "texture": "#1"},
				"down": {"uv": [2.5, 0.5, 2, 1], "texture": "#1"}
			}
		},
		{
			"from": [7, 12, 9.1],
			"to": [8, 29, 9.9],
			"faces": {
				"north": {"uv": [0, 0, 0.5, 8.5], "texture": "#2"},
				"east": {"uv": [0.5, 0, 1, 8.5], "texture": "#2"},
				"south": {"uv": [1, 0, 1.5, 8.5], "texture": "#2"},
				"west": {"uv": [1.5, 0, 2, 8.5], "texture": "#2"},
				"up": {"uv": [2.5, 0.5, 2, 0], "texture": "#2"},
				"down": {"uv": [2.5, 0.5, 2, 1], "texture": "#2"}
			}
		},
		{
			"from": [7, 29, 9.3],
			"to": [8, 29.5, 9.7],
			"faces": {
				"north": {"uv": [0, 0, 1, 0.5], "texture": "#4"},
				"east": {"uv": [0, 0, 0.4, 0.5], "texture": "#4"},
				"south": {"uv": [0, 0, 1, 0.5], "texture": "#4"},
				"west": {"uv": [0, 0, 0.4, 0.5], "texture": "#4"},
				"up": {"uv": [0, 0, 1, 0.4], "texture": "#4"},
				"down": {"uv": [0, 0, 1, 0.4], "texture": "#4"}
			}
		},
		{
			"from": [7, 29.5, 9.3],
			"to": [7.5, 30, 9.7],
			"faces": {
				"north": {"uv": [0, 0, 0.5, 0.5], "texture": "#4"},
				"east": {"uv": [0, 0, 0.4, 0.5], "texture": "#4"},
				"south": {"uv": [0, 0, 0.5, 0.5], "texture": "#4"},
				"west": {"uv": [0, 0, 0.4, 0.5], "texture": "#4"},
				"up": {"uv": [0, 0, 0.5, 0.4], "texture": "#4"},
				"down": {"uv": [0, 0, 0.5, 0.4], "texture": "#4"}
			}
		},
		{
			"from": [8, 28.5, 9.35],
			"to": [8.5, 29, 9.65],
			"faces": {
				"north": {"uv": [0, 0, 0.5, 0.5], "texture": "#4"},
				"east": {"uv": [0, 0, 0.3, 0.5], "texture": "#4"},
				"south": {"uv": [0, 0, 0.5, 0.5], "texture": "#4"},
				"west": {"uv": [0, 0, 0.3, 0.5], "texture": "#4"},
				"up": {"uv": [0, 0, 0.5, 0.3], "texture": "#4"},
				"down": {"uv": [0, 0, 0.5, 0.3], "texture": "#4"}
			}
		},
		{
			"from": [8.5, 28, 9.4],
			"to": [9, 28.5, 9.6],
			"faces": {
				"north": {"uv": [0, 0, 0.5, 0.5], "texture": "#4"},
				"east": {"uv": [0, 0, 0.2, 0.5], "texture": "#4"},
				"south": {"uv": [0, 0, 0.5, 0.5], "texture": "#4"},
				"west": {"uv": [0, 0, 0.2, 0.5], "texture": "#4"},
				"up": {"uv": [0, 0, 0.5, 0.2], "texture": "#4"},
				"down": {"uv": [0, 0, 0.5, 0.2], "texture": "#4"}
			}
		},
		{
			"from": [6, 30, 9.2],
			"to": [7, 30.5, 9.8],
			"faces": {
				"north": {"uv": [0, 0, 1, 0.5], "texture": "#4"},
				"east": {"uv": [0, 0, 0.6, 0.5], "texture": "#4"},
				"south": {"uv": [0, 0, 1, 0.5], "texture": "#4"},
				"west": {"uv": [0, 0, 0.6, 0.5], "texture": "#4"},
				"up": {"uv": [0, 0, 1, 0.6], "texture": "#4"},
				"down": {"uv": [0, 0, 1, 0.6], "texture": "#4"}
			}
		},
		{
			"from": [6, 30.5, 9.2],
			"to": [6.5, 31, 9.8],
			"faces": {
				"north": {"uv": [0, 0, 0.5, 0.5], "texture": "#4"},
				"east": {"uv": [0, 0, 0.6, 0.5], "texture": "#4"},
				"south": {"uv": [0, 0, 0.5, 0.5], "texture": "#4"},
				"west": {"uv": [0, 0, 0.6, 0.5], "texture": "#4"},
				"up": {"uv": [0, 0, 0.5, 0.6], "texture": "#4"},
				"down": {"uv": [0, 0, 0.5, 0.6], "texture": "#4"}
			}
		},
		{
			"from": [5, 31, 9.2],
			"to": [6, 31.5, 9.8],
			"faces": {
				"north": {"uv": [0, 0, 1, 0.5], "texture": "#4"},
				"east": {"uv": [0, 0, 0.6, 0.5], "texture": "#4"},
				"south": {"uv": [0, 0, 1, 0.5], "texture": "#4"},
				"west": {"uv": [0, 0, 0.6, 0.5], "texture": "#4"},
				"up": {"uv": [0, 0, 1, 0.6], "texture": "#4"},
				"down": {"uv": [0, 0, 1, 0.6], "texture": "#4"}
			}
		},
		{
			"from": [5, 31.5, 9.2],
			"to": [5.5, 32, 9.8],
			"faces": {
				"north": {"uv": [0, 0, 0.5, 0.5], "texture": "#4"},
				"east": {"uv": [0, 0, 0.6, 0.5], "texture": "#4"},
				"south": {"uv": [0, 0, 0.5, 0.5], "texture": "#4"},
				"west": {"uv": [0, 0, 0.6, 0.5], "texture": "#4"},
				"up": {"uv": [0, 0, 0.5, 0.6], "texture": "#4"},
				"down": {"uv": [0, 0, 0.5, 0.6], "texture": "#4"}
			}
		},
		{
			"from": [5, 12, 9],
			"to": [6, 31, 10],
			"faces": {
				"north": {"uv": [0, 0, 0.5, 9.5], "texture": "#0"},
				"east": {"uv": [0.5, 0, 1, 9.5], "texture": "#0"},
				"south": {"uv": [1, 0, 1.5, 9.5], "texture": "#0"},
				"west": {"uv": [1.5, 0, 2, 9.5], "texture": "#0"},
				"up": {"uv": [2.5, 0.5, 2, 0], "texture": "#0"},
				"down": {"uv": [2.5, 0.5, 2, 1], "texture": "#0"}
			}
		},
		{
			"from": [8, 12, 9.25],
			"to": [8.5, 28.5, 9.75],
			"faces": {
				"north": {"uv": [0, 0, 0.5, 8.5], "texture": "#3"},
				"east": {"uv": [0.5, 0, 1, 8.5], "texture": "#3"},
				"south": {"uv": [1, 0, 1.5, 8.5], "texture": "#3"},
				"west": {"uv": [1.5, 0, 2, 8.5], "texture": "#3"},
				"up": {"uv": [2.5, 0.5, 2, 0], "texture": "#3"},
				"down": {"uv": [2.5, 0.5, 2, 1], "texture": "#3"}
			}
		},
		{
			"from": [8.5, 12, 9.35],
			"to": [9, 28, 9.65],
			"faces": {
				"north": {"uv": [0, 0, 1, 16], "texture": "#4"},
				"east": {"uv": [1, 0, 2, 16], "texture": "#4"},
				"south": {"uv": [2, 0, 3, 16], "texture": "#4"},
				"west": {"uv": [3, 0, 4, 16], "texture": "#4"},
				"up": {"uv": [5, 1, 4, 0], "texture": "#4"},
				"down": {"uv": [5, 1, 4, 2], "texture": "#4"}
			}
		},
		{
			"from": [6.25, 2, 9],
			"to": [6.75, 5.5, 10],
			"faces": {
				"north": {"uv": [5, 1, 5.5, 4.5], "texture": "#7"},
				"east": {"uv": [0, 0, 1, 3.5], "texture": "#7"},
				"south": {"uv": [3, 5, 3.5, 8.5], "texture": "#7"},
				"west": {"uv": [1, 0, 2, 3.5], "texture": "#7"},
				"up": {"uv": [0.5, 9, 0, 8], "texture": "#7"},
				"down": {"uv": [8.5, 0, 8, 1], "texture": "#7"}
			}
		},
		{
			"from": [6.75, 3, 9],
			"to": [7.5, 6.5, 10],
			"faces": {
				"north": {"uv": [1, 4, 1.75, 7.5], "texture": "#7"},
				"east": {"uv": [2, 0, 3, 3.5], "texture": "#7"},
				"south": {"uv": [2, 4, 2.75, 7.5], "texture": "#7"},
				"west": {"uv": [3, 0, 4, 3.5], "texture": "#7"},
				"up": {"uv": [7.75, 1, 7, 0], "texture": "#7"},
				"down": {"uv": [7.75, 3, 7, 4], "texture": "#7"}
			}
		},
		{
			"from": [5.75, 0.75, 9],
			"to": [6.25, 4, 10],
			"faces": {
				"north": {"uv": [4, 5, 4.5, 8.25], "texture": "#7"},
				"east": {"uv": [0, 4, 1, 7.25], "texture": "#7"},
				"south": {"uv": [5, 5, 5.5, 8.25], "texture": "#7"},
				"west": {"uv": [4, 0, 5, 3.25], "texture": "#7"},
				"up": {"uv": [1.5, 9, 1, 8], "texture": "#7"},
				"down": {"uv": [8.5, 1, 8, 2], "texture": "#7"}
			}
		},
		{
			"from": [6, 0.25, 9],
			"to": [7, 0.75, 10],
			"faces": {
				"north": {"uv": [2, 8, 3, 8.5], "texture": "#7"},
				"east": {"uv": [8, 2, 9, 2.5], "texture": "#7"},
				"south": {"uv": [8, 3, 9, 3.5], "texture": "#7"},
				"west": {"uv": [8, 5, 9, 5.5], "texture": "#7"},
				"up": {"uv": [7, 4, 6, 3], "texture": "#7"},
				"down": {"uv": [7, 4, 6, 5], "texture": "#7"}
			}
		},
		{
			"from": [6.25, -0.25, 9],
			"to": [8.25, 0.25, 10],
			"faces": {
				"north": {"uv": [6, 5, 8, 5.5], "texture": "#7"},
				"east": {"uv": [6, 8, 7, 8.5], "texture": "#7"},
				"south": {"uv": [6, 6, 8, 6.5], "texture": "#7"},
				"west": {"uv": [8, 6, 9, 6.5], "texture": "#7"},
				"up": {"uv": [5, 5, 3, 4], "texture": "#7"},
				"down": {"uv": [7, 0, 5, 1], "texture": "#7"}
			}
		},
		{
			"from": [7.5, 0.25, 9],
			"to": [9, 0.75, 10],
			"faces": {
				"north": {"uv": [7, 4, 8.5, 4.5], "texture": "#7"},
				"east": {"uv": [7, 8, 8, 8.5], "texture": "#7"},
				"south": {"uv": [6, 7, 7.5, 7.5], "texture": "#7"},
				"west": {"uv": [8, 7, 9, 7.5], "texture": "#7"},
				"up": {"uv": [7.5, 2, 6, 1], "texture": "#7"},
				"down": {"uv": [7.5, 2, 6, 3], "texture": "#7"}
			}
		}
	],
	"display": {
		"thirdperson_righthand": {
			"rotation": [0, 90, 0],
			"translation": [-1.25, 2.75, 0.5]
		},
		"thirdperson_lefthand": {
			"rotation": [0, -90, 0],
			"translation": [1.5, 2.75, 1]
		},
		"firstperson_righthand": {
			"rotation": [0, 90, 0],
			"translation": [0, 2.5, 0],
			"scale": [0.7, 0.7, 0.7]
		},
		"firstperson_lefthand": {
			"rotation": [0, -90, 0],
			"translation": [2, 2.5, 0],
			"scale": [0.7, 0.7, 0.7]
		},
		"ground": {
			"translation": [0, 8.5, 0]
		},
		"gui": {
			"translation": [1.25, -10.25, 0],
			"scale": [1.3, 1.3, 1.3]
		},
		"fixed": {
			"translation": [1.25, -7, -3.5],
			"scale": [1.5, 1.5, 1.5]
		}
	},
	"groups": [
		{
			"name": "guard",
			"origin": [0, 0, 0],
			"color": 0,
			"children": [0, 1, 2, 3, 4, 5, 6, 7, 8, 9, 10, 11, 12, 13, 14, 15, 16, 17, 18, 19, 20]
		},
		{
			"name": "blade",
			"origin": [0, 0, 0],
			"color": 0,
			"children": [21, 22, 23, 24, 25, 26, 27, 28, 29, 30, 31, 32, 33]
		},
		{
			"name": "handle",
			"origin": [0, 0, 0],
			"color": 0,
			"children": [34, 35, 36, 37, 38, 39]
		}
	]
}