{"credit":"by Damfler","display":{"firstperson_lefthand":{"rotation":[0,35.75,0],"scale":[-1,1,-1],"translation":[2.75,1.75,0]},"firstperson_righthand":{"rotation":[0,35.75,0],"translation":[3.25,1.75,0]},"fixed":{"rotation":[-90,-90,0],"scale":[2,2,2],"translation":[0.25,0.25,-24]},"ground":{"rotation":[-180,0,90],"translation":[0,-1.5,0]},"gui":{"rotation":[27,50.5,0],"scale":[1.62109,1.62109,1.62109],"translation":[-0.75,-0.25,0]},"head":{"rotation":[0,-90,0],"translation":[0,19,0]},"thirdperson_lefthand":{"rotation":[0,35.75,0],"scale":[-1,1,-1],"translation":[-2,0,-2.25]},"thirdperson_righthand":{"rotation":[0,35.75,0],"translation":[-2,0,-2.25]}},"elements":[{"faces":{"down":{"rotation":90,"texture":"#0","uv":[10,0,0,1]},"east":{"texture":"#0","uv":[10,0,0,1]},"north":{"texture":"#0","uv":[0,1,1,0]},"south":{"texture":"#0","uv":[0,4,1,3]},"up":{"rotation":90,"texture":"#0","uv":[10,0,0,1]},"west":{"texture":"#0","uv":[10,0,0,1]}},"from":[8.05256,11.37688,5],"rotation":{"angle":45,"axis":"z","origin":[7.65256,11.87688,8]},"to":[8.15256,11.62688,11]},{"faces":{"down":{"rotation":90,"texture":"#0","uv":[10,0,0,1]},"east":{"texture":"#0","uv":[10,0,0,1]},"north":{"texture":"#0","uv":[0,1,1,0]},"south":{"texture":"#0","uv":[0,4,1,3]},"up":{"rotation":90,"texture":"#0","uv":[10,0,0,1]},"west":{"texture":"#0","uv":[10,0,0,1]}},"from":[8.29773,10.93554,5],"rotation":{"angle":22.5,"axis":"z","origin":[7.89773,11.68554,8]},"to":[8.39773,11.68554,11]},{"faces":{"down":{"rotation":90,"texture":"#0","uv":[10,0,0,1]},"east":{"texture":"#0","uv":[10,0,0,1]},"north":{"rotation":270,"texture":"#0","uv":[0,1,1,0]},"south":{"rotation":90,"texture":"#0","uv":[0,4,1,3]},"up":{"rotation":90,"texture":"#0","uv":[10,0,0,1]},"west":{"texture":"#0","uv":[10,0,0,1]}},"from":[7.77961,12.18306,5],"rotation":{"angle":-22.5,"axis":"z","origin":[7.52961,11.78306,8]},"to":[8.02961,12.28306,11]},{"faces":{"down":{"rotation":90,"texture":"#0","uv":[10,0,0,1]},"east":{"texture":"#0","uv":[10,0,0,1]},"north":{"rotation":270,"texture":"#0","uv":[0,1,1,0]},"south":{"rotation":90,"texture":"#0","uv":[0,4,1,3]},"up":{"rotation":90,"texture":"#0","uv":[10,0,0,1]},"west":{"texture":"#0","uv":[10,0,0,1]}},"from":[7.70192,12.04933,5],"rotation":{"angle":0,"axis":"z","origin":[7.45192,11.64933,8]},"to":[7.95192,12.14933,11]},{"faces":{"down":{"rotation":90,"texture":"#0","uv":[10,0,0,1]},"east":{"texture":"#0","uv":[10,0,0,1]},"north":{"rotation":270,"texture":"#0","uv":[0,1,1,0]},"south":{"rotation":90,"texture":"#0","uv":[0,4,1,3]},"up":{"rotation":90,"texture":"#0","uv":[10,0,0,1]},"west":{"texture":"#0","uv":[10,0,0,1]}},"from":[7.68132,11.89605,5],"rotation":{"angle":22.5,"axis":"z","origin":[7.43132,11.49605,8]},"to":[7.93132,11.99605,11]},{"faces":{"down":{"rotation":90,"texture":"#0","uv":[10,0,0,1]},"east":{"texture":"#0","uv":[10,0,0,1]},"north":{"rotation":270,"texture":"#0","uv":[0,1,1,0]},"south":{"rotation":90,"texture":"#0","uv":[0,4,1,3]},"up":{"rotation":90,"texture":"#0","uv":[10,0,0,1]},"west":{"texture":"#0","uv":[10,0,0,1]}},"from":[7.72095,11.74655,5],"rotation":{"angle":45,"axis":"z","origin":[7.47095,11.34655,8]},"to":[7.97095,11.84655,11]},{"faces":{"down":{"rotation":90,"texture":"#0","uv":[10,0,0,1]},"east":{"texture":"#0","uv":[10,0,0,1]},"north":{"rotation":180,"texture":"#0","uv":[0,1,1,0]},"south":{"rotation":180,"texture":"#0","uv":[0,4,1,3]},"up":{"rotation":90,"texture":"#0","uv":[10,0,0,1]},"west":{"texture":"#0","uv":[10,0,0,1]}},"from":[7.06477,11.4736,5],"rotation":{"angle":-22.5,"axis":"z","origin":[7.56477,11.2236,8]},"to":[7.16477,11.7236,11]},{"faces":{"down":{"rotation":90,"texture":"#0","uv":[10,0,0,1]},"east":{"texture":"#0","uv":[10,0,0,1]},"north":{"rotation":180,"texture":"#0","uv":[0,1,1,0]},"south":{"rotation":180,"texture":"#0","uv":[0,4,1,3]},"up":{"rotation":90,"texture":"#0","uv":[10,0,0,1]},"west":{"texture":"#0","uv":[10,0,0,1]}},"from":[7.1985,11.39591,5],"rotation":{"angle":0,"axis":"z","origin":[7.6985,11.39591,8]},"to":[7.2985,11.64591,11]},{"faces":{"down":{"rotation":90,"texture":"#0","uv":[10,0,0,1]},"east":{"texture":"#0","uv":[10,0,0,1]},"north":{"rotation":180,"texture":"#0","uv":[0,1,1,0]},"south":{"rotation":180,"texture":"#0","uv":[0,4,1,3]},"up":{"rotation":90,"texture":"#0","uv":[10,0,0,1]},"west":{"texture":"#0","uv":[10,0,0,1]}},"from":[7.35179,11.37531,5],"rotation":{"angle":22.5,"axis":"z","origin":[7.85179,11.12531,8]},"to":[7.45179,11.62531,11]},{"faces":{"down":{"rotation":90,"texture":"#0","uv":[10,0,0,1]},"east":{"texture":"#0","uv":[10,0,0,1]},"north":{"rotation":180,"texture":"#0","uv":[0,1,1,0]},"south":{"rotation":180,"texture":"#0","uv":[0,4,1,3]},"up":{"rotation":90,"texture":"#0","uv":[10,0,0,1]},"west":{"texture":"#0","uv":[10,0,0,1]}},"from":[7.50128,11.41494,5],"rotation":{"angle":45,"axis":"z","origin":[8.00128,11.16494,8]},"to":[7.60128,11.66494,11]},{"faces":{"down":{"rotation":90,"texture":"#0","uv":[10,0,0,1]},"east":{"texture":"#0","uv":[10,0,0,1]},"north":{"rotation":90,"texture":"#0","uv":[0,1,1,0]},"south":{"rotation":270,"texture":"#0","uv":[0,4,1,3]},"up":{"rotation":90,"texture":"#0","uv":[10,0,0,1]},"west":{"texture":"#0","uv":[10,0,0,1]}},"from":[7.62423,10.75876,5],"rotation":{"angle":-22.5,"axis":"z","origin":[8.12423,11.25876,8]},"to":[7.87423,10.85876,11]},{"faces":{"down":{"rotation":90,"texture":"#0","uv":[10,0,0,1]},"east":{"texture":"#0","uv":[10,0,0,1]},"north":{"rotation":90,"texture":"#0","uv":[0,1,1,0]},"south":{"rotation":270,"texture":"#0","uv":[0,4,1,3]},"up":{"rotation":90,"texture":"#0","uv":[10,0,0,1]},"west":{"texture":"#0","uv":[10,0,0,1]}},"from":[7.70192,10.89249,5],"rotation":{"angle":0,"axis":"z","origin":[8.20192,11.39249,8]},"to":[7.95192,10.99249,11]},{"faces":{"down":{"rotation":90,"texture":"#0","uv":[10,0,0,1]},"east":{"texture":"#0","uv":[10,0,0,1]},"north":{"texture":"#0","uv":[0,1,1,0]},"south":{"texture":"#0","uv":[0,4,1,3]},"up":{"rotation":90,"texture":"#0","uv":[10,0,0,1]},"west":{"texture":"#0","uv":[10,2,0,5]}},"from":[8.54668,9.43397,5],"rotation":{"angle":0,"axis":"y","origin":[0.64668,11.18397,13]},"to":[8.64668,11.18397,11]},{"faces":{"down":{"rotation":90,"texture":"#0","uv":[10,0,0,1]},"east":{"texture":"#0","uv":[10,0,0,1]},"north":{"texture":"#0","uv":[0,1,1,0]},"south":{"texture":"#0","uv":[0,4,1,3]},"up":{"rotation":90,"texture":"#0","uv":[10,0,0,1]},"west":{"texture":"#0","uv":[10,3,0,9]}},"from":[8.1678,6.52923,5],"rotation":{"angle":-22.5,"axis":"z","origin":[8.2178,8.52923,8]},"to":[8.2678,9.52923,11]},{"faces":{"down":{"texture":"#2","uv":[9,5.5,10,4.5]},"east":{"texture":"#2","uv":[0,0,16,16]},"north":{"texture":"#2","uv":[9,5.5,10,4.5]},"south":{"texture":"#2","uv":[9,5.5,10,4.5]},"up":{"texture":"#2","uv":[9,5.5,10,4.5]},"west":{"texture":"#2","uv":[0,0,16,16]}},"from":[7.95,3,3],"rotation":{"angle":0,"axis":"z","origin":[8,4.5,6]},"to":[8.05,13,13]},{"faces":{"down":{"texture":"#1_1","uv":[0,0,0.025,4]},"east":{"texture":"#1_1","uv":[0,0,0.025,4]},"north":{"texture":"#1_1","uv":[0,0,0.025,4]},"south":{"texture":"#1_1","uv":[0,0,0.025,4]},"up":{"texture":"#1_1","uv":[0,0,0.025,4]},"west":{"texture":"#1_1","uv":[0,0.5,16,11.5]}},"from":[7.68795,6.7457,6],"rotation":{"angle":-22.5,"axis":"z","origin":[7.45045,7.6457,8]},"to":[7.71295,9.4457,10]},{"faces":{"down":{"texture":"#1_1","uv":[0,0,0.025,4]},"east":{"texture":"#1_1","uv":[0,0,0.025,4]},"north":{"texture":"#1_1","uv":[0,0,0.025,4]},"south":{"texture":"#1_1","uv":[0,0,0.025,4]},"up":{"texture":"#1_1","uv":[0,0,0.025,4]},"west":{"texture":"#1_1","uv":[0,11.5,16,16]}},"from":[7.38124,5.2006,6],"rotation":{"angle":0,"axis":"z","origin":[7.14374,4.7006,8]},"to":[7.40624,6.7006,10]},{"faces":{"down":{"rotation":90,"texture":"#0","uv":[10,0,0,1]},"east":{"texture":"#0","uv":[10,0,0,1]},"north":{"texture":"#0","uv":[0,1,1,0]},"south":{"texture":"#0","uv":[0,4,1,3]},"up":{"rotation":90,"texture":"#0","uv":[10,0,0,1]},"west":{"texture":"#0","uv":[10,11,0,14]}},"from":[7.40624,4.9506,5],"rotation":{"angle":0,"axis":"y","origin":[15.40624,4.9506,13]},"to":[7.50624,6.7006,11]},{"faces":{"down":{"rotation":90,"texture":"#0","uv":[10,0,0,1]},"east":{"texture":"#0","uv":[10,0,0,1]},"north":{"rotation":90,"texture":"#0","uv":[0,1,1,0]},"south":{"rotation":270,"texture":"#0","uv":[0,4,1,3]},"up":{"rotation":90,"texture":"#0","uv":[10,0,0,1]},"west":{"texture":"#0","uv":[10,0,0,1]}},"from":[8.101,5.14208,5],"rotation":{"angle":0,"axis":"z","origin":[7.851,4.74208,8]},"to":[8.351,5.24208,11]},{"faces":{"down":{"rotation":90,"texture":"#0","uv":[10,0,0,1]},"east":{"texture":"#0","uv":[10,0,0,1]},"north":{"rotation":90,"texture":"#0","uv":[0,1,1,0]},"south":{"rotation":270,"texture":"#0","uv":[0,4,1,3]},"up":{"rotation":90,"texture":"#0","uv":[10,0,0,1]},"west":{"texture":"#0","uv":[10,0,0,1]}},"from":[8.17869,5.27581,5],"rotation":{"angle":-22.5,"axis":"z","origin":[7.92869,4.87581,8]},"to":[8.42869,5.37581,11]},{"faces":{"down":{"rotation":90,"texture":"#0","uv":[10,0,0,1]},"east":{"texture":"#0","uv":[10,0,0,1]},"north":{"rotation":180,"texture":"#0","uv":[0,1,1,0]},"south":{"rotation":180,"texture":"#0","uv":[0,4,1,3]},"up":{"rotation":90,"texture":"#0","uv":[10,0,0,1]},"west":{"texture":"#0","uv":[10,0,0,1]}},"from":[8.45164,4.46963,5],"rotation":{"angle":45,"axis":"z","origin":[8.05164,4.96963,8]},"to":[8.55164,4.71963,11]},{"faces":{"down":{"rotation":90,"texture":"#0","uv":[10,0,0,1]},"east":{"texture":"#0","uv":[10,0,0,1]},"north":{"rotation":180,"texture":"#0","uv":[0,1,1,0]},"south":{"rotation":180,"texture":"#0","uv":[0,4,1,3]},"up":{"rotation":90,"texture":"#0","uv":[10,0,0,1]},"west":{"texture":"#0","uv":[10,0,0,1]}},"from":[8.60114,4.50926,5],"rotation":{"angle":22.5,"axis":"z","origin":[8.20114,5.00926,8]},"to":[8.70114,4.75926,11]},{"faces":{"down":{"rotation":90,"texture":"#0","uv":[10,0,0,1]},"east":{"texture":"#0","uv":[10,0,0,1]},"north":{"rotation":180,"texture":"#0","uv":[0,1,1,0]},"south":{"rotation":180,"texture":"#0","uv":[0,4,1,3]},"up":{"rotation":90,"texture":"#0","uv":[10,0,0,1]},"west":{"texture":"#0","uv":[10,0,0,1]}},"from":[8.75442,4.48866,5],"rotation":{"angle":0,"axis":"z","origin":[8.35442,4.73866,8]},"to":[8.85442,4.73866,11]},{"faces":{"down":{"rotation":180,"texture":"#0","uv":[0,6,1,0]},"east":{"rotation":180,"texture":"#0","uv":[0,1,6,0]},"north":{"rotation":180,"texture":"#0","uv":[0,1,1,0]},"south":{"rotation":180,"texture":"#0","uv":[0,1,1,0]},"up":{"rotation":180,"texture":"#0","uv":[0,6,1,0]},"west":{"rotation":180,"texture":"#0","uv":[0,1,6,0]}},"from":[8.88815,4.41097,5],"rotation":{"angle":-22.5,"axis":"z","origin":[8.48815,4.91097,8]},"to":[8.98815,4.66097,11]},{"faces":{"down":{"rotation":90,"texture":"#0","uv":[10,0,0,1]},"east":{"texture":"#0","uv":[10,0,0,1]},"north":{"rotation":270,"texture":"#0","uv":[0,1,1,0]},"south":{"rotation":90,"texture":"#0","uv":[0,4,1,3]},"up":{"rotation":90,"texture":"#0","uv":[10,0,0,1]},"west":{"texture":"#0","uv":[10,0,0,1]}},"from":[8.08197,4.28802,5],"rotation":{"angle":45,"axis":"z","origin":[8.58197,4.78802,8]},"to":[8.33197,4.38802,11]},{"faces":{"down":{"rotation":90,"texture":"#0","uv":[10,0,0,1]},"east":{"texture":"#0","uv":[10,0,0,1]},"north":{"rotation":270,"texture":"#0","uv":[0,1,1,0]},"south":{"rotation":90,"texture":"#0","uv":[0,4,1,3]},"up":{"rotation":90,"texture":"#0","uv":[10,0,0,1]},"west":{"texture":"#0","uv":[10,0,0,1]}},"from":[8.1216,4.13853,5],"rotation":{"angle":22.5,"axis":"z","origin":[8.6216,4.63853,8]},"to":[8.3716,4.23853,11]},{"faces":{"down":{"rotation":90,"texture":"#0","uv":[10,0,0,1]},"east":{"texture":"#0","uv":[10,0,0,1]},"north":{"rotation":270,"texture":"#0","uv":[0,1,1,0]},"south":{"rotation":90,"texture":"#0","uv":[0,4,1,3]},"up":{"rotation":90,"texture":"#0","uv":[10,0,0,1]},"west":{"texture":"#0","uv":[10,0,0,1]}},"from":[8.101,3.98524,5],"rotation":{"angle":0,"axis":"z","origin":[8.601,4.48524,8]},"to":[8.351,4.08524,11]},{"faces":{"down":{"rotation":90,"texture":"#0","uv":[10,0,0,1]},"east":{"texture":"#0","uv":[10,0,0,1]},"north":{"rotation":270,"texture":"#0","uv":[0,1,1,0]},"south":{"rotation":90,"texture":"#0","uv":[0,4,1,3]},"up":{"rotation":90,"texture":"#0","uv":[10,0,0,1]},"west":{"texture":"#0","uv":[10,0,0,1]}},"from":[8.02331,3.85151,5],"rotation":{"angle":-22.5,"axis":"z","origin":[8.52331,4.35151,8]},"to":[8.27331,3.95151,11]},{"faces":{"down":{"rotation":90,"texture":"#0","uv":[10,0,0,1]},"east":{"texture":"#0","uv":[10,0,0,1]},"north":{"texture":"#0","uv":[0,1,1,0]},"south":{"texture":"#0","uv":[0,4,1,3]},"up":{"rotation":90,"texture":"#0","uv":[10,0,0,1]},"west":{"texture":"#0","uv":[10,0,0,1]}},"from":[7.65519,4.44903,5],"rotation":{"angle":22.5,"axis":"z","origin":[8.15519,4.44903,8]},"to":[7.75519,5.19903,11]},{"faces":{"down":{"rotation":90,"texture":"#0","uv":[10,0,0,1]},"east":{"texture":"#0","uv":[10,0,0,1]},"north":{"texture":"#0","uv":[0,1,1,0]},"south":{"texture":"#0","uv":[0,4,1,3]},"up":{"rotation":90,"texture":"#0","uv":[10,0,0,1]},"west":{"texture":"#0","uv":[10,0,0,1]}},"from":[7.90036,4.50769,5],"rotation":{"angle":45,"axis":"z","origin":[8.40036,4.25769,8]},"to":[8.00036,4.75769,11]}],"groups":[{"children":[{"children":[0,1,2,3,4,5,6,7,8,9,10,11,12,{"children":[13,14,15,16],"name":"group","origin":[15,8,13]},{"children":[17,18,19,20,21,22,23,24,25,26,27,28,29],"name":"group","origin":[8.15065,1.84275,8]}],"name":"svitok_air","origin":[8,8,8]}],"name":"svitok_earth","origin":[8,8,8]}],"textures":{"0":"scrolls/paper","1_1":"scrolls/fire","2":"scrolls/animations/fire","particle":"scrolls/paper"}}