{"credit":"by Damfler","display":{"firstperson_lefthand":{"rotation":[0,143.25,0],"scale":[0.85,-0.85,0.85],"translation":[1.25,4.25,1]},"firstperson_righthand":{"rotation":[0,143.25,0],"scale":[0.85,0.85,0.85],"translation":[1.25,0.5,1]},"fixed":{"scale":[2,2,2],"translation":[0,-4.25,-2.5]},"ground":{"rotation":[90,0,0],"scale":[0.5,0.5,0.5],"translation":[0,2,0]},"gui":{"rotation":[23.25,140.75,0],"scale":[0.6582,0.6582,0.6582],"translation":[-1,-2.5,0]},"head":{"rotation":[-27.5,178.5,0],"translation":[0,1,-8.75]},"thirdperson_lefthand":{"rotation":[0,143.25,0],"scale":[0.85,-0.85,0.85],"translation":[-1.75,7,1]},"thirdperson_righthand":{"rotation":[0,143.25,0],"scale":[0.85,0.85,0.85],"translation":[-1.75,4,1]}},"elements":[{"faces":{"down":{"texture":"#1","uv":[0,0,14,16]},"east":{"texture":"#1","uv":[0,0,14,16]},"north":{"texture":"#0","uv":[0.997,0.056,14.997,16]},"south":{"texture":"#1","uv":[0,0,14,16]},"up":{"texture":"#1","uv":[0,0,14,16]},"west":{"texture":"#1","uv":[0,0,14,16]}},"from":[1,0,9],"rotation":{"angle":0,"axis":"y","origin":[9,8,17]},"to":[15,21,10]}],"textures":{"0":"girl_pic/pic","1":"block/gray_concrete","particle":"girl_pic/pic"}}