{"credit":"","display":{"firstperson_lefthand":{"rotation":[0,126.5,0],"translation":[2,5.5,0]},"firstperson_righthand":{"translation":[2,6,0]},"fixed":{"scale":[1.8,1.8,1.8],"translation":[0,7.25,-1.25]},"ground":{"rotation":[90,0,0],"translation":[0,0,4.25]},"gui":{"rotation":[12.5,153.75,0],"scale":[1.1,1.1,1.1],"translation":[-0.5,2.25,0]},"head":{"scale":[2,2,2],"translation":[0,8.25,-8.75]},"thirdperson_lefthand":{"rotation":[0,181,0],"scale":[0.8,0.8,0.8],"translation":[-0.75,3,-0.5]},"thirdperson_righthand":{"scale":[0.8,0.8,0.8],"translation":[0,1.25,-0.25]}},"elements":[{"faces":{"down":{"texture":"#0","uv":[9,7,5,8]},"east":{"texture":"#0","uv":[0,8,1,16]},"north":{"texture":"#0","uv":[1,8,5,16]},"south":{"texture":"#0","uv":[6,8,10,16]},"up":{"texture":"#0","uv":[5,8,1,7]},"west":{"texture":"#0","uv":[5,8,6,16]}},"from":[4.375,0,7],"rotation":{"angle":22.5,"axis":"y","origin":[8.375,8,8]},"to":[8.375,8,8]},{"faces":{"down":{"texture":"#0","uv":[8,0,4,0]},"east":{"texture":"#0","uv":[0,0,0,7]},"north":{"texture":"#0","uv":[0,0,4,7]},"south":{"texture":"#0","uv":[4,0,8,7]},"up":{"texture":"#0","uv":[4,0,0,0]},"west":{"texture":"#0","uv":[4,0,4,7]}},"from":[3.375,6.00835,10.98535],"rotation":{"angle":22.5,"axis":"x","origin":[7.375,14.00835,11.98535]},"to":[7.375,13.00835,10.98535]},{"faces":{"down":{"texture":"#0","uv":[4,0,8,0]},"east":{"texture":"#0","uv":[4,0,4,7]},"north":{"texture":"#0","uv":[4,0,0,7]},"south":{"texture":"#0","uv":[8,0,4,7]},"up":{"texture":"#0","uv":[0,0,4,0]},"west":{"texture":"#0","uv":[0,0,0,7]}},"from":[8.375,6.00835,10.98535],"rotation":{"angle":22.5,"axis":"x","origin":[12.375,14.00835,11.98535]},"shade":false,"to":[12.375,13.00835,10.98535]},{"faces":{"down":{"texture":"#0","uv":[5,7,9,8]},"east":{"texture":"#0","uv":[6,8,5,16]},"north":{"texture":"#0","uv":[5,8,1,16]},"south":{"texture":"#0","uv":[10,8,6,16]},"up":{"texture":"#0","uv":[1,8,5,7]},"west":{"texture":"#0","uv":[1,8,0,16]}},"from":[7.15291,0,9.2961],"rotation":{"angle":-22.5,"axis":"y","origin":[13.15291,8,10.2961]},"shade":false,"to":[11.15291,8,10.2961]}],"groups":[{"children":[0,1,2],"name":"right","origin":[8.375,8,8]},{"children":[3],"name":"left","origin":[13.15291,8,10.2961]}],"textures":{"0":"druide_hat/druide","particle":"druide_hat/druide"}}