{"credit":"","display":{"firstperson_lefthand":{"translation":[0,0,80]},"firstperson_righthand":{"translation":[0,0,80]},"fixed":{"rotation":[-90,0,0],"scale":[2,2,2],"translation":[0,5,-52]},"ground":{"translation":[0,16,0]},"gui":{"rotation":[41,138,0],"scale":[0.4,0.4,0.4],"translation":[0.5,0.25,0]},"head":{"scale":[1.6,1.6,1.6],"translation":[0,9.75,47]},"thirdperson_lefthand":{"rotation":[65,0,0],"translation":[0,-27.25,23]},"thirdperson_righthand":{"rotation":[65,0,0],"translation":[0,-27.25,23]}},"elements":[{"faces":{"down":{"texture":"#0","uv":[6,0,4,2]},"east":{"texture":"#0","uv":[0,2,2,4]},"north":{"texture":"#0","uv":[2,2,4,4]},"south":{"texture":"#0","uv":[6,2,8,4]},"up":{"texture":"#0","uv":[4,2,2,0]},"west":{"texture":"#0","uv":[4,2,6,4]}},"from":[4,8.5,4],"name":"head","rotation":{"angle":0,"axis":"y","origin":[8,-7,8]},"to":[12,16.5,12]},{"faces":{"down":{"texture":"#0","uv":[9,4,7,5]},"east":{"texture":"#0","uv":[4,5,5,8]},"north":{"texture":"#0","uv":[5,5,7,7.98]},"south":{"texture":"#0","uv":[8,5,10,8]},"up":{"texture":"#0","uv":[7,5,5,4]},"west":{"texture":"#0","uv":[7,5,8,7.98]}},"from":[4,-3.5,6],"name":"body","rotation":{"angle":0,"axis":"y","origin":[8,-7,8]},"to":[12,8.5,10]},{"faces":{"down":{"texture":"#0","uv":[10,12,9,13]},"east":{"texture":"#0","uv":[8,13,9,14.5]},"north":{"texture":"#0","uv":[9,13,10,14.5]},"south":{"texture":"#0","uv":[11,13,12,14.5]},"up":{"texture":"#0","uv":[10,12,9,13]},"west":{"texture":"#0","uv":[10,13,11,14.5]}},"from":[-3,0.5,6],"name":"left_arm","rotation":{"angle":-45,"axis":"z","origin":[-1.0625,3.5,8]},"to":[1,9.5,10]},{"faces":{"down":{"texture":"#0","uv":[14,12,13,13]},"east":{"texture":"#0","uv":[12,13,13,14.5]},"north":{"texture":"#0","uv":[13,13,14,14.5]},"south":{"texture":"#0","uv":[15,13,16,14.5]},"up":{"texture":"#0","uv":[14,13,13,12]},"west":{"texture":"#0","uv":[14,13,15,14.5]}},"from":[-3.5,0.25,5.75],"name":"left_arm","rotation":{"angle":-45,"axis":"z","origin":[-1.0625,3.5,8]},"to":[1.25,9.75,10.25]},{"faces":{"down":{"texture":"#0","uv":[11,12,10,13]},"east":{"texture":"#0","uv":[8,14.5,9,16]},"north":{"texture":"#0","uv":[9,14.5,10,16]},"south":{"texture":"#0","uv":[11,14.5,12,16]},"up":{"texture":"#0","uv":[10,12,9,13]},"west":{"texture":"#0","uv":[10,14.5,11,16]}},"from":[-4.33417,-5.82452,6.25],"name":"left_arm","rotation":{"angle":0,"axis":"z","origin":[-2.39667,-3.57452,8.25]},"to":[-0.33417,2.42548,10.25]},{"faces":{"down":{"texture":"#0","uv":[15,12,14,13]},"east":{"texture":"#0","uv":[12,14.5,13,16]},"north":{"texture":"#0","uv":[13,14.5,14,16]},"south":{"texture":"#0","uv":[15,14.5,16,16]},"up":{"texture":"#0","uv":[14,13,13,12]},"west":{"texture":"#0","uv":[14,14.5,15,16]}},"from":[-4.55384,-6.0013,6],"name":"left_arm","rotation":{"angle":0,"axis":"z","origin":[-2.11634,-3.5013,8.25]},"to":[-0.05384,2.7487,10.5]},{"faces":{"down":{"texture":"#0","uv":[10,13,9,12]},"east":{"texture":"#0","uv":[8,14.5,9,13]},"north":{"texture":"#0","uv":[9,14.5,10,13]},"south":{"texture":"#0","uv":[11,14.5,12,13]},"up":{"texture":"#0","uv":[10,13,9,12]},"west":{"texture":"#0","uv":[10,14.5,11,13]}},"from":[-3,6.5,6],"name":"left_arm","rotation":{"angle":45,"axis":"z","origin":[-1.0625,12.5,8]},"to":[1,15.5,10]},{"faces":{"down":{"texture":"#0","uv":[14,12,13,13]},"east":{"texture":"#0","uv":[12,14.5,13,13]},"north":{"texture":"#0","uv":[13,14.5,14,13]},"south":{"texture":"#0","uv":[15,14.5,16,13]},"up":{"texture":"#0","uv":[14,13,13,12]},"west":{"texture":"#0","uv":[14,14.5,15,13]}},"from":[-3.5,6.25,5.75],"name":"left_arm","rotation":{"angle":45,"axis":"z","origin":[-1.0625,12.5,8]},"to":[1.25,15.75,10.25]},{"faces":{"down":{"texture":"#0","uv":[10,13,9,12]},"east":{"texture":"#0","uv":[8,16,9,14.5]},"north":{"texture":"#0","uv":[9,16,10,14.5]},"south":{"texture":"#0","uv":[11,16,12,14.5]},"up":{"texture":"#0","uv":[11,13,10,12]},"west":{"texture":"#0","uv":[10,16,11,14.5]}},"from":[-4.33417,13.57452,6.25],"name":"left_arm","rotation":{"angle":0,"axis":"y","origin":[-2.39667,19.57452,8.25]},"to":[-0.33417,21.82452,10.25]},{"faces":{"down":{"texture":"#0","uv":[14,12,13,13]},"east":{"texture":"#0","uv":[12,16,13,14.5]},"north":{"texture":"#0","uv":[13,16,14,14.5]},"south":{"texture":"#0","uv":[15,16,16,14.5]},"up":{"texture":"#0","uv":[15,13,14,12]},"west":{"texture":"#0","uv":[14,16,15,14.5]}},"from":[-4.55384,13.2513,6],"name":"left_arm","rotation":{"angle":0,"axis":"y","origin":[-2.11634,19.5013,8.25]},"to":[-0.05384,22.0013,10.5]},{"faces":{"down":{"rotation":270,"texture":"#0","uv":[9,14.5,10,13]},"east":{"texture":"#0","uv":[10,13,9,12]},"north":{"rotation":90,"texture":"#0","uv":[8,14.5,9,13]},"south":{"rotation":270,"texture":"#0","uv":[10,14.5,11,13]},"up":{"rotation":270,"texture":"#0","uv":[11,14.5,12,13]},"west":{"rotation":180,"texture":"#0","uv":[10,13,9,12]}},"from":[-4.0625,5.5,5.9375],"name":"left_arm","rotation":{"angle":0,"axis":"y","origin":[-1.0625,7.5,8]},"to":[4.9375,9.5,9.9375]},{"faces":{"down":{"rotation":270,"texture":"#0","uv":[13,14.5,14,13]},"east":{"texture":"#0","uv":[14,12,13,13]},"north":{"rotation":90,"texture":"#0","uv":[12,14.5,13,13]},"south":{"rotation":270,"texture":"#0","uv":[14,14.5,15,13]},"up":{"rotation":270,"texture":"#0","uv":[15,14.5,16,13]},"west":{"rotation":180,"texture":"#0","uv":[14,13,13,12]}},"from":[-4.3125,5.25,5.6875],"name":"left_arm","rotation":{"angle":0,"axis":"y","origin":[-1.0625,7.5,8]},"to":[5.1875,9.75,10.4375]},{"faces":{"down":{"rotation":180,"texture":"#0","uv":[9,16,10,14.5]},"east":{"rotation":90,"texture":"#0","uv":[8,16,9,14.5]},"north":{"rotation":180,"texture":"#0","uv":[11,13,10,12]},"south":{"texture":"#0","uv":[10,13,9,12]},"up":{"texture":"#0","uv":[11,16,12,14.5]},"west":{"rotation":270,"texture":"#0","uv":[10,16,11,14.5]}},"from":[-8.97617,5.25,1.47129],"name":"left_arm","rotation":{"angle":45,"axis":"y","origin":[-7.03867,7.25,3.72129]},"to":[-4.97617,9.25,9.72129]},{"faces":{"down":{"rotation":180,"texture":"#0","uv":[13,16,14,14.5]},"east":{"rotation":90,"texture":"#0","uv":[12,16,13,14.5]},"north":{"rotation":180,"texture":"#0","uv":[15,13,14,12]},"south":{"texture":"#0","uv":[14,12,13,13]},"up":{"texture":"#0","uv":[15,16,16,14.5]},"west":{"rotation":270,"texture":"#0","uv":[14,16,15,14.5]}},"from":[-9.19584,5,1.09451],"name":"left_arm","rotation":{"angle":45,"axis":"y","origin":[-6.75834,7.25,3.79451]},"to":[-4.69584,9.5,10.04451]},{"faces":{"down":{"texture":"#0","uv":[11,4,12,5]},"east":{"texture":"#0","uv":[12,5,11,6.5]},"north":{"texture":"#0","uv":[12,5,11,6.5]},"south":{"texture":"#0","uv":[14,5,13,6.5]},"up":{"texture":"#0","uv":[11,4,12,5]},"west":{"texture":"#0","uv":[11,5,10,6.5]}},"from":[15,0.5,6],"name":"left_arm","rotation":{"angle":45,"axis":"z","origin":[17.0625,3.5,8]},"to":[19,9.5,10]},{"faces":{"down":{"texture":"#0","uv":[11,9,11.75,8]},"east":{"texture":"#0","uv":[13,9,12,10.5]},"north":{"texture":"#0","uv":[12,9,11,10.5]},"south":{"texture":"#0","uv":[14,9,13,10.5]},"up":{"texture":"#0","uv":[11,9,12,8]},"west":{"texture":"#0","uv":[11,9,10,10.5]}},"from":[14.75,0.25,5.75],"name":"left_arm","rotation":{"angle":45,"axis":"z","origin":[17.0625,3.5,8]},"to":[19.5,9.75,10.25]},{"faces":{"down":{"texture":"#0","uv":[12,4,13,5]},"east":{"texture":"#0","uv":[13,6.5,12,8]},"north":{"texture":"#0","uv":[12,6.5,11,8]},"south":{"texture":"#0","uv":[14,6.5,13,8]},"up":{"texture":"#0","uv":[11,4,12,5]},"west":{"texture":"#0","uv":[11,6.5,10,8]}},"from":[16.33417,-5.82452,6.25],"name":"left_arm","rotation":{"angle":0,"axis":"y","origin":[18.39667,-3.57452,8.25]},"to":[20.33417,2.42548,10.25]},{"faces":{"down":{"texture":"#0","uv":[12,9,13,8]},"east":{"texture":"#0","uv":[13,10.5,12,12]},"north":{"texture":"#0","uv":[12,10.5,11,12]},"south":{"texture":"#0","uv":[14,10.5,13,12]},"up":{"texture":"#0","uv":[11,9,12,8]},"west":{"texture":"#0","uv":[11,10.5,10,12]}},"from":[16.05384,-6.0013,6],"name":"left_arm","rotation":{"angle":0,"axis":"y","origin":[18.11634,-3.5013,8.25]},"to":[20.55384,2.7487,10.5]},{"faces":{"down":{"texture":"#0","uv":[11,5,12,4]},"east":{"texture":"#0","uv":[12,6.5,11,5]},"north":{"texture":"#0","uv":[12,6.5,11,5]},"south":{"texture":"#0","uv":[14,6.5,13,5]},"up":{"texture":"#0","uv":[11,5,12,4]},"west":{"texture":"#0","uv":[11,6.5,10,5]}},"from":[16,5.5,6],"name":"left_arm","rotation":{"angle":-45,"axis":"z","origin":[18.0625,11.5,8]},"to":[20,14.5,10]},{"faces":{"down":{"texture":"#0","uv":[11,8,12,9]},"east":{"texture":"#0","uv":[13,10.5,12,9]},"north":{"texture":"#0","uv":[12,10.5,11,9]},"south":{"texture":"#0","uv":[14,10.5,13,9]},"up":{"texture":"#0","uv":[11,8,11.75,9]},"west":{"texture":"#0","uv":[11,10.5,10,9]}},"from":[15.75,5.25,5.75],"name":"left_arm","rotation":{"angle":-45,"axis":"z","origin":[18.0625,11.5,8]},"to":[20.5,14.75,10.25]},{"faces":{"down":{"texture":"#0","uv":[11,5,12,4]},"east":{"texture":"#0","uv":[13,8,12,6.5]},"north":{"texture":"#0","uv":[12,8,11,6.5]},"south":{"texture":"#0","uv":[14,8,13,6.5]},"up":{"texture":"#0","uv":[12,5,13,4]},"west":{"texture":"#0","uv":[11,8,10,6.5]}},"from":[17.33417,12.57452,6.25],"name":"left_arm","rotation":{"angle":0,"axis":"y","origin":[19.39667,18.57452,8.25]},"to":[21.33417,20.82452,10.25]},{"faces":{"down":{"texture":"#0","uv":[11,8,12,9]},"east":{"texture":"#0","uv":[13,12,12,10.5]},"north":{"texture":"#0","uv":[12,12,11,10.5]},"south":{"texture":"#0","uv":[14,12,13,10.5]},"up":{"texture":"#0","uv":[12,8,13,9]},"west":{"texture":"#0","uv":[11,12,10,10.5]}},"from":[17.05384,12.2513,6],"name":"left_arm","rotation":{"angle":0,"axis":"y","origin":[19.11634,18.5013,8.25]},"to":[21.55384,21.0013,10.5]},{"faces":{"down":{"rotation":90,"texture":"#0","uv":[12,6.5,11,5]},"east":{"rotation":180,"texture":"#0","uv":[11,5,12,4]},"north":{"rotation":270,"texture":"#0","uv":[11,6.5,10,5]},"south":{"rotation":90,"texture":"#0","uv":[12,6.5,11,5]},"up":{"rotation":90,"texture":"#0","uv":[14,6.5,13,5]},"west":{"texture":"#0","uv":[11,5,12,4]}},"from":[12.0625,5.5,4.9375],"name":"left_arm","rotation":{"angle":0,"axis":"y","origin":[18.0625,7.5,7]},"to":[21.0625,9.5,8.9375]},{"faces":{"down":{"rotation":90,"texture":"#0","uv":[12,10.5,11,9]},"east":{"rotation":180,"texture":"#0","uv":[11,8,11.75,9]},"north":{"rotation":270,"texture":"#0","uv":[11,10.5,10,9]},"south":{"rotation":90,"texture":"#0","uv":[13,10.5,12,9]},"up":{"rotation":90,"texture":"#0","uv":[14,10.5,13,9]},"west":{"texture":"#0","uv":[11,8,12,9]}},"from":[11.8125,5.25,4.6875],"name":"left_arm","rotation":{"angle":0,"axis":"y","origin":[18.0625,7.5,7]},"to":[21.3125,9.75,9.4375]},{"faces":{"down":{"rotation":180,"texture":"#0","uv":[12,8,11,6.5]},"east":{"rotation":90,"texture":"#0","uv":[13,8,12,6.5]},"north":{"rotation":180,"texture":"#0","uv":[12,5,13,4]},"south":{"texture":"#0","uv":[11,5,12,4]},"up":{"texture":"#0","uv":[14,8,13,6.5]},"west":{"rotation":270,"texture":"#0","uv":[11,8,10,6.5]}},"from":[21.97617,5.25,0.47129],"name":"left_arm","rotation":{"angle":-45,"axis":"y","origin":[24.03867,7.25,2.72129]},"to":[25.97617,9.25,8.72129]},{"faces":{"down":{"rotation":180,"texture":"#0","uv":[12,12,11,10.5]},"east":{"rotation":90,"texture":"#0","uv":[13,12,12,10.5]},"north":{"rotation":180,"texture":"#0","uv":[12,8,13,9]},"south":{"texture":"#0","uv":[11,8,12,9]},"up":{"texture":"#0","uv":[14,12,13,10.5]},"west":{"rotation":270,"texture":"#0","uv":[11,12,10,10.5]}},"from":[21.69584,5,0.19451],"name":"left_arm","rotation":{"angle":-45,"axis":"y","origin":[23.75834,7.25,2.79451]},"to":[26.19584,9.5,9.04451]},{"faces":{"down":{"rotation":90,"texture":"#0","uv":[3,5,4,8]},"east":{"texture":"#0","uv":[2,5,1,4]},"north":{"rotation":270,"texture":"#0","uv":[0,5,1,8]},"south":{"rotation":90,"texture":"#0","uv":[2,5,3,8]},"up":{"rotation":90,"texture":"#0","uv":[1,5,2,8]},"west":{"rotation":180,"texture":"#0","uv":[3,4,2,5]}},"from":[2,-7.5,5],"name":"right_leg","rotation":{"angle":22.5,"axis":"z","origin":[10.5,-5.5,9]},"to":[14,-3.5,9]},{"faces":{"down":{"texture":"#0","uv":[7,13,8,16]},"east":{"rotation":270,"texture":"#0","uv":[4,13,5,16]},"north":{"rotation":180,"texture":"#0","uv":[7,12,6,13]},"south":{"texture":"#0","uv":[6,13,5,12]},"up":{"rotation":180,"texture":"#0","uv":[5,13,6,16]},"west":{"rotation":90,"texture":"#0","uv":[6,13,7,16]}},"from":[2.5,-7.5,-0.5],"name":"left_leg","rotation":{"angle":-45,"axis":"y","origin":[6.5,-5.5,8]},"to":[6.5,-3.5,11.5]}],"groups":[{"children":[{"children":[0],"name":"group","origin":[8,8,8]},{"children":[1],"name":"group","origin":[8,8,8]},{"children":[2,3,{"children":[4,5],"name":"group","origin":[8,8,8]}],"name":"1 arm l","origin":[8,8,8]},{"children":[6,7,{"children":[8,9],"name":"group","origin":[8,8,8]}],"name":"2 arm l","origin":[8,8,8]},{"children":[10,11,{"children":[12,13],"name":"group","origin":[8,8,8]}],"name":"3 arm l","origin":[8,8,8]},{"children":[14,15,{"children":[16,17],"name":"group","origin":[8,8,8]}],"name":"1 arm r","origin":[8,8,8]},{"children":[18,19,{"children":[20,21],"name":"group","origin":[8,8,8]}],"name":"2 arm r","origin":[8,8,8]},{"children":[22,23,{"children":[24,25],"name":"group","origin":[8,8,8]}],"name":"3 arm r","origin":[8,8,8]},{"children":[26],"name":"group","origin":[8,8,8]},{"children":[27],"name":"group","origin":[8,8,8]}],"name":"steve","origin":[8,8,8]}],"textures":{"0":"player_models/goood","particle":"player_models/goood"}}