{"ambientocclusion":false,"credit":"Made with Blockbench","display":{"firstperson_lefthand":{"rotation":[0,-180,0],"translation":[0,7.25,1.75]},"firstperson_righthand":{"rotation":[0,-180,0],"translation":[0,7.25,1]},"fixed":{"rotation":[-98,0,0],"scale":[3.49,3.49,3.49],"translation":[0,0,-25]},"ground":{"rotation":[-112,0,0],"scale":[1.35,1.35,1.35],"translation":[0,-3,-3.5]},"gui":{"rotation":[0,24,0],"scale":[1.74,1.74,1.74],"translation":[1.25,7.25,0]},"head":{"rotation":[180,1.25,180],"scale":[1.74,1.74,1.74],"translation":[0,18.25,-1]},"thirdperson_lefthand":{"rotation":[49,-180,0],"translation":[0,4.25,3]},"thirdperson_righthand":{"rotation":[-143,-11.3,175.19],"translation":[-1,2.75,1.25]}},"elements":[{"faces":{"down":{"texture":"#0","uv":[2,4,3,5]},"east":{"texture":"#0","uv":[2,5,3,8]},"north":{"texture":"#0","uv":[3,5,4,8]},"south":{"texture":"#0","uv":[1,5,2,8]},"up":{"texture":"#0","uv":[1,4,2,5]},"west":{"texture":"#0","uv":[0,5,0.9375,8]}},"from":[7.75,0,6],"to":[8.5,2.5,6.75]},{"faces":{"down":{"rotation":90,"texture":"#0","uv":[12.3125,5,13.1875,7.9375]},"east":{"rotation":270,"texture":"#0","uv":[11,4,12,5]},"north":{"rotation":270,"texture":"#0","uv":[11.25,5,12.25,7.9375]},"south":{"rotation":90,"texture":"#0","uv":[13.25,5,14,7.9375]},"up":{"rotation":90,"texture":"#0","uv":[10,5,11,7.9375]},"west":{"rotation":270,"texture":"#0","uv":[12,4,13,5]}},"from":[4.625,3.76909,6.64433],"rotation":{"angle":22.5,"axis":"x","origin":[9.625,4.14409,7.01933]},"to":[7.125,4.51909,7.39433]},{"faces":{"down":{"rotation":270,"texture":"#0","uv":[12.3125,5,13.1875,7.9375]},"east":{"rotation":270,"texture":"#0","uv":[12,4,13,5]},"north":{"rotation":90,"texture":"#0","uv":[13.25,5,14,7.9375]},"south":{"rotation":270,"texture":"#0","uv":[11.25,5,12.25,7.9375]},"up":{"rotation":270,"texture":"#0","uv":[9.75,13,10.75,15.9375]},"west":{"rotation":270,"texture":"#0","uv":[11,4,12,5]}},"from":[8.375,3.76909,6.64433],"rotation":{"angle":22.5,"axis":"x","origin":[9.625,4.14409,7.01933]},"to":[10.875,4.51909,7.39433]},{"faces":{"down":{"texture":"#0","uv":[1,5,2,8]},"east":{"rotation":270,"texture":"#0","uv":[2,5,3,8]},"north":{"rotation":180,"texture":"#0","uv":[2,4,3,5]},"south":{"texture":"#0","uv":[1,4,2,5]},"up":{"rotation":180,"texture":"#0","uv":[3,5,4,8]},"west":{"rotation":90,"texture":"#0","uv":[0,5,0.9375,8]}},"from":[7,1.875,3.625],"rotation":{"angle":0,"axis":"y","origin":[8.125,2.25,5.125]},"to":[7.75,2.625,6.125]},{"faces":{"down":{"texture":"#0","uv":[7,4,8.875,4.9375]},"east":{"texture":"#0","uv":[4,5,4.9375,8]},"north":{"texture":"#0","uv":[8.0625,5,10,8]},"south":{"texture":"#0","uv":[5,5,6.9375,8]},"up":{"texture":"#0","uv":[5,4,6.9375,4.9375]},"west":{"texture":"#0","uv":[7.0625,5,8,8]}},"from":[7,2.5,6.5],"rotation":{"angle":22.5,"axis":"x","origin":[7.75,3.875,6.375]},"to":[8.5,4.75,7.25]},{"faces":{"down":{"texture":"#0","uv":[4,0,5.875,1.9375]},"east":{"texture":"#0","uv":[4,2,5.9375,4]},"north":{"texture":"#0","uv":[6.0625,2,8,4]},"south":{"texture":"#0","uv":[2,2,4,4]},"up":{"texture":"#0","uv":[2,0,4,2]},"west":{"texture":"#0","uv":[0,2,2,4]}},"from":[6.5,4.75,5.75],"rotation":{"angle":22.5,"axis":"x","origin":[7.75,3.875,6.375]},"to":[9,7.25,8.25]}],"groups":[{"children":[0,1,2,3,4,5],"color":0,"name":"group","origin":[8,8,8]}],"texture_size":[64,64],"textures":{"0":"player_models/kekamur","particle":"player_models/kekamur"}}