{"credit":"Made with Blockbench","display":{"firstperson_lefthand":{"scale":[0.52,0.52,0.52],"translation":[0,0.25,0]},"firstperson_righthand":{"scale":[0.52,0.52,0.52],"translation":[0,0.25,0]},"fixed":{"rotation":[-90,0,0],"translation":[0,0.25,-3.5]},"ground":{"rotation":[90,0,0],"scale":[0.54,0.54,0.54],"translation":[1.5,2.25,-1]},"gui":{"rotation":[0,147,47],"scale":[0.7,0.7,0.7],"translation":[-3,-2.25,0]},"head":{"scale":[0.7,0.7,0.7],"translation":[0,9,0.25]},"thirdperson_lefthand":{"scale":[0.52,0.52,0.52],"translation":[0,1,0]},"thirdperson_righthand":{"scale":[0.52,0.52,0.52],"translation":[0,1,0]}},"elements":[{"faces":{"down":{"texture":"#0","uv":[1,13,1.899,15.999]},"east":{"rotation":270,"texture":"#0","uv":[2.25,13,3.25,16]},"north":{"rotation":180,"texture":"#0","uv":[2,12,3,13]},"south":{"texture":"#0","uv":[1,12,2,13]},"up":{"rotation":180,"texture":"#0","uv":[3,13,4,16]},"west":{"rotation":90,"texture":"#0","uv":[0,13,1,16]}},"from":[7.2,4.175,3.85],"rotation":{"angle":-22.5,"axis":"y","origin":[8.5,3.5,10.5]},"to":[9.9,7,11.25]},{"faces":{"down":{"texture":"#0","uv":[5,13,6,16]},"east":{"rotation":270,"texture":"#0","uv":[5.999,13,6.999,15.999]},"north":{"rotation":180,"texture":"#0","uv":[5.999,12,6.999,13]},"south":{"texture":"#0","uv":[5,12,6,13]},"up":{"rotation":180,"texture":"#0","uv":[7,13,8,16]},"west":{"rotation":90,"texture":"#0","uv":[4,13,5,15.999]}},"from":[7.35,4.3,4.05],"rotation":{"angle":-22.5,"axis":"y","origin":[8.5,3.5,10.5]},"to":[9.8,6.8,11.05]},{"faces":{"down":{"texture":"#0","uv":[1,9,1.899,11.999]},"east":{"rotation":270,"texture":"#0","uv":[2,9,3,12]},"north":{"rotation":180,"texture":"#0","uv":[2,8,3,9]},"south":{"texture":"#0","uv":[1,8,2,9]},"up":{"rotation":180,"texture":"#0","uv":[3,9,4,12]},"west":{"rotation":90,"texture":"#0","uv":[0,9,1,12]}},"from":[4.35,4.225,3.85],"rotation":{"angle":22.5,"axis":"y","origin":[6,3.5,10.5]},"to":[7.4,7,11.25]},{"faces":{"down":{"texture":"#0","uv":[1,5,1.899,7.999]},"east":{"rotation":270,"texture":"#0","uv":[2,5,3,8]},"north":{"rotation":180,"texture":"#0","uv":[2,4,3,5]},"south":{"texture":"#0","uv":[1,4,2,5]},"up":{"rotation":180,"texture":"#0","uv":[3,5,4,8]},"west":{"rotation":90,"texture":"#0","uv":[0,5,1,8]}},"from":[4.85,4.3,4.05],"rotation":{"angle":22.5,"axis":"y","origin":[6,3.5,10.5]},"to":[7.3,6.8,11.05]},{"faces":{"down":{"rotation":90,"texture":"#0","uv":[14,12,15,13]},"east":{"texture":"#0","uv":[14,13,14.75,16]},"north":{"texture":"#0","uv":[15,13,16,16]},"south":{"texture":"#0","uv":[12.75,13,13.5,16]},"up":{"rotation":270,"texture":"#0","uv":[13,12,14,13]},"west":{"texture":"#0","uv":[11.5,13,12.5,16]}},"from":[10.5,7.8,9],"rotation":{"angle":22.5,"axis":"z","origin":[12,11.5,10.5]},"to":[13.5,15.2,11.8]},{"faces":{"down":{"texture":"#0","uv":[9.75,12,10.5,13]},"east":{"texture":"#0","uv":[9.75,13,10.5,15.999]},"north":{"texture":"#0","uv":[10.5,13,11.5,16]},"south":{"texture":"#0","uv":[9,13,9.75,16]},"up":{"texture":"#0","uv":[9,12,9.75,13]},"west":{"texture":"#0","uv":[8,13,9,15.999]}},"from":[10.95,8,9.2],"rotation":{"angle":22.5,"axis":"z","origin":[12,11.5,10.5]},"to":[13.4,15,11.7]},{"faces":{"down":{"rotation":90,"texture":"#0","uv":[11,9,11.75,12]},"east":{"texture":"#0","uv":[11,8,11.75,9]},"north":{"rotation":270,"texture":"#0","uv":[10,9,11,12]},"south":{"rotation":270,"texture":"#0","uv":[11.75,12,12.5,9]},"up":{"rotation":90,"texture":"#0","uv":[12.5,9,13.5,12]},"west":{"texture":"#0","uv":[12,8,12.75,9]}},"from":[-4.2,11.25,9],"rotation":{"angle":-45,"axis":"z","origin":[3.25,10.75,10.75]},"to":[3.2,14.25,11.8]},{"faces":{"down":{"rotation":90,"texture":"#0","uv":[11,5,11.75,8]},"east":{"texture":"#0","uv":[11,4,11.75,5]},"north":{"rotation":270,"texture":"#0","uv":[11.75,5,12.5,7.999]},"south":{"rotation":270,"texture":"#0","uv":[10,5,11,7.999]},"up":{"rotation":90,"texture":"#0","uv":[12.5,5,13.5,8]},"west":{"texture":"#0","uv":[11.75,4,12.5,5]}},"from":[-4,11.55,9.25],"rotation":{"angle":-45,"axis":"z","origin":[3.25,10.75,10.75]},"to":[3,14.05,11.7]},{"faces":{"down":{"texture":"#0","uv":[6.99937,3.99931,8.89879,4.99857]},"east":{"texture":"#0","uv":[3.99931,4.99933,4.99857,7.99863]},"north":{"texture":"#0","uv":[4.99933,4.99933,6.89876,7.99863]},"south":{"texture":"#0","uv":[7.99939,4.99933,9.89881,7.99863]},"up":{"texture":"#0","uv":[4.99933,3.99931,6.89876,4.99857]},"west":{"texture":"#0","uv":[6.99937,4.99933,7.99863,7.99863]}},"from":[5,7,9.2],"to":[9.9,14,11.7]},{"faces":{"down":{"texture":"#0","uv":[7,8,8.899,9]},"east":{"texture":"#0","uv":[3.99931,8.99941,4.99857,11.9987]},"north":{"texture":"#0","uv":[4.99933,8.99941,6.89876,11.9987]},"south":{"texture":"#0","uv":[7.99984,8.99982,9.89915,11.99904]},"up":{"texture":"#0","uv":[5,8,6.899,9]},"west":{"texture":"#0","uv":[6.99937,8.99941,7.99863,11.9987]}},"from":[4.8,6.8,9],"to":[10.1,14.2,11.9]},{"faces":{"down":{"texture":"#0","uv":[3.99931,0,5.99859,1.99927]},"east":{"texture":"#0","uv":[0,1.99927,1.99927,3.99855]},"north":{"texture":"#0","uv":[1.99927,1.99927,3.99779,3.99855]},"south":{"texture":"#0","uv":[5.99935,1.99927,7.99862,3.99855]},"up":{"rotation":180,"texture":"#0","uv":[1.99927,0,3.99855,1.99927]},"west":{"texture":"#0","uv":[3.99931,1.99927,5.99859,3.99855]}},"from":[3,14,6],"to":[12,23,15]},{"faces":{"down":{"texture":"#0","uv":[12.24947,0,14.24798,1.99851]},"east":{"texture":"#0","uv":[7.99939,1.99927,9.9979,3.99779]},"north":{"texture":"#0","uv":[9.99942,1.99927,11.99718,3.99779]},"south":{"texture":"#0","uv":[13.99993,1.99989,15.99776,3.99806]},"up":{"rotation":180,"texture":"#0","uv":[9.99942,0,11.99793,1.99851]},"west":{"texture":"#0","uv":[11.99946,1.99927,13.99797,3.99779]}},"from":[2.8,13.8,5.7],"to":[12.2,23.2,15.1]}],"groups":[{"children":[{"children":[0,1],"name":"Правая нога","origin":[8,8,8]},{"children":[2,3],"name":"Левая нога","origin":[8,8,8]},{"children":[4,5],"name":"Правая рука","origin":[8,8,8]},{"children":[6,7],"name":"Левая рука","origin":[8,8,8]},{"children":[8,9],"name":"Грудь","origin":[8,8,8]},{"children":[10,11],"name":"Голова","origin":[8,8,8]}],"name":"group","origin":[8,8,8]}],"textures":{"0":"player_models/maha56","particle":"player_models/maha56"}}