{"credit":"Made with Blockbench","display":{"firstperson_lefthand":{"rotation":[95.25,0,48],"scale":[0.83984,0.83984,0.83984],"translation":[3.5,0,-1.25]},"firstperson_righthand":{"rotation":[95.25,0,-130.5],"scale":[0.83984,0.83984,0.83984],"translation":[3.5,0.25,-1.25]},"fixed":{"rotation":[-90,-180,0],"scale":[2,2,2],"translation":[0,0,-0.5]},"gui":{"rotation":[119,-17,31.5],"translation":[-0.25,-0.25,0]},"head":{"rotation":[-45,162,0],"scale":[2.18359,2.18359,2.18359],"translation":[0,21,0]},"thirdperson_lefthand":{"rotation":[95.25,0,48],"scale":[0.83984,0.83984,0.83984],"translation":[-2.25,1.25,-1.25]},"thirdperson_righthand":{"rotation":[95.25,0,-130.5],"scale":[0.83984,0.83984,0.83984],"translation":[-2.25,1.25,-1.25]}},"elements":[{"faces":{"down":{"texture":"#0","uv":[0,0,8,0.5]},"east":{"texture":"#0","uv":[0,0,8,0.5]},"north":{"texture":"#0","uv":[0,0,8,0.5]},"south":{"texture":"#0","uv":[0,0,8,0.5]},"up":{"texture":"#0","uv":[0,0,8,9]},"west":{"texture":"#0","uv":[0,0,8,0.5]}},"from":[4.0119,8.5,3.5],"to":[12.0119,8.75,12.5]},{"faces":{"down":{"texture":"#0","uv":[0,0,1.5,9]},"east":{"texture":"#0","uv":[0,0,8,0.5]},"north":{"texture":"#0","uv":[0,0,1.5,0.25]},"south":{"texture":"#0","uv":[0,0,1.5,0.25]},"up":{"texture":"#0","uv":[0.25,0,1.75,9]},"west":{"texture":"#0","uv":[0,0,8,0.5]}},"from":[4.2619,8.75,3.75],"to":[5.7619,9,12.25]},{"faces":{"down":{"texture":"#0","uv":[0,0,1.5,9]},"east":{"texture":"#0","uv":[0,0,8,0.5]},"north":{"texture":"#0","uv":[0,0,1.5,0.25]},"south":{"texture":"#0","uv":[0,0,1.5,0.25]},"up":{"texture":"#0","uv":[6.25,0,7.75,9]},"west":{"texture":"#0","uv":[0,0,8,0.5]}},"from":[10.2619,8.75,3.75],"to":[11.7619,9,12.25]},{"faces":{"down":{"texture":"#0","uv":[0,11,4,16]},"east":{"rotation":90,"texture":"#0","uv":[4,11,8,16]},"north":{"rotation":90,"texture":"#0","uv":[4,11,8,16]},"south":{"rotation":90,"texture":"#0","uv":[4,11,8,16]},"up":{"texture":"#0","uv":[0,11,4,16]},"west":{"rotation":90,"texture":"#0","uv":[4,11,8,16]}},"from":[10.7619,6.85,6.75],"to":[12.5119,9.15,9.25]},{"faces":{"down":{"texture":"#0","uv":[0,0,1.5,9]},"east":{"texture":"#0","uv":[0,0,8,0.5]},"north":{"texture":"#0","uv":[0,0,1.5,0.25]},"south":{"texture":"#0","uv":[0,0,1.5,0.25]},"up":{"texture":"#0","uv":[1.5,7.25,6,8.75]},"west":{"texture":"#0","uv":[0,0,8,0.5]}},"from":[5.7619,8.75,10.75],"to":[10.2619,9,12.25]},{"faces":{"down":{"texture":"#0","uv":[0,0,1.5,9]},"east":{"texture":"#0","uv":[0,0,8,0.5]},"north":{"texture":"#0","uv":[0,0,1.5,0.25]},"south":{"texture":"#0","uv":[0,0,1.5,0.25]},"up":{"texture":"#0","uv":[1.75,0.25,6.25,1.75]},"west":{"texture":"#0","uv":[0,0,8,0.5]}},"from":[5.7619,8.75,3.75],"to":[10.2619,9,5.25]},{"faces":{"down":{"texture":"#0","uv":[0,0,1.5,9]},"east":{"texture":"#0","uv":[0,0,1.3,0.15]},"north":{"texture":"#0","uv":[0,0,1.3,0.15]},"south":{"texture":"#0","uv":[0,0,1.3,0.15]},"up":{"texture":"#0","uv":[6,7,8,9]},"west":{"texture":"#0","uv":[0,0,1.3,0.15]}},"from":[10.3619,9,10.85],"to":[11.6619,9.15,12.15]},{"faces":{"down":{"texture":"#0","uv":[0,0,1.5,9]},"east":{"texture":"#0","uv":[0,0,1.3,0.15]},"north":{"texture":"#0","uv":[0,0,1.3,0.15]},"south":{"texture":"#0","uv":[0,0,1.3,0.15]},"up":{"texture":"#0","uv":[0,7,2,9]},"west":{"texture":"#0","uv":[0,0,1.3,0.15]}},"from":[4.3619,9,10.85],"to":[5.6619,9.15,12.15]},{"faces":{"down":{"texture":"#0","uv":[0,0,1.5,9]},"east":{"texture":"#0","uv":[0,0,1.3,0.15]},"north":{"texture":"#0","uv":[0,0,1.3,0.15]},"south":{"texture":"#0","uv":[0,0,1.3,0.15]},"up":{"texture":"#0","uv":[0,0,2,2]},"west":{"texture":"#0","uv":[0,0,1.3,0.15]}},"from":[4.3619,9,3.85],"to":[5.6619,9.15,5.15]},{"faces":{"down":{"texture":"#0","uv":[0,0,1.5,9]},"east":{"texture":"#0","uv":[0,0,1.3,0.15]},"north":{"texture":"#0","uv":[0,0,1.3,0.15]},"south":{"texture":"#0","uv":[0,0,1.3,0.15]},"up":{"texture":"#0","uv":[6,0,8,2]},"west":{"texture":"#0","uv":[0,0,1.3,0.15]}},"from":[10.3619,9,3.85],"to":[11.6619,9.15,5.15]},{"faces":{"down":{"texture":"#0","uv":[0,0,8,9]},"east":{"texture":"#0","uv":[0,0,8,0.5]},"north":{"texture":"#0","uv":[0,0,8,0.5]},"south":{"texture":"#0","uv":[0,0,8,0.5]},"up":{"texture":"#0","uv":[0,0,8,0.5]},"west":{"texture":"#0","uv":[0,0,8,0.5]}},"from":[4.0119,7.25,3.5],"to":[12.0119,7.5,12.5]},{"faces":{"down":{"texture":"#0","uv":[0,0,8,0.5]},"east":{"texture":"#0","uv":[0,0,8,0.5]},"north":{"texture":"#0","uv":[0,0,0.5,0.5]},"south":{"texture":"#0","uv":[0,0,0.5,0.5]},"up":{"texture":"#0","uv":[0,0,8,0.5]},"west":{"texture":"#0","uv":[0,0,8,0.5]}},"from":[4.0119,7.5,3.5],"to":[4.2619,8.5,12.5]},{"faces":{"down":{"texture":"#0","uv":[14,16,14.5,0]},"east":{"rotation":90,"texture":"#0","uv":[14,16,16,0]},"north":{"rotation":90,"texture":"#0","uv":[14,16,16,2.5]},"south":{"rotation":90,"texture":"#0","uv":[14,13.5,16,0]},"up":{"texture":"#0","uv":[15.5,16,16,0]},"west":{"rotation":90,"texture":"#0","uv":[14,16,16,0]}},"from":[4.2619,7.5,3.75],"to":[11.7619,8.5,12.25]},{"faces":{"down":{"texture":"#0","uv":[0.25,9,1.75,0]},"east":{"texture":"#0","uv":[0,0.5,8,0]},"north":{"texture":"#0","uv":[0,0.25,1.5,0]},"south":{"texture":"#0","uv":[0,0.25,1.5,0]},"up":{"texture":"#0","uv":[0,9,1.5,0]},"west":{"texture":"#0","uv":[0,0.5,8,0]}},"from":[4.2619,7,3.75],"to":[5.7619,7.25,12.25]},{"faces":{"down":{"texture":"#0","uv":[6.25,9,7.75,0]},"east":{"texture":"#0","uv":[0,0.5,8,0]},"north":{"texture":"#0","uv":[0,0.25,1.5,0]},"south":{"texture":"#0","uv":[0,0.25,1.5,0]},"up":{"texture":"#0","uv":[0,9,1.5,0]},"west":{"texture":"#0","uv":[0,0.5,8,0]}},"from":[10.2619,7,3.75],"to":[11.7619,7.25,12.25]},{"faces":{"down":{"texture":"#0","uv":[1.5,8.75,6,7.25]},"east":{"texture":"#0","uv":[0,0.5,8,0]},"north":{"texture":"#0","uv":[0,0.25,1.5,0]},"south":{"texture":"#0","uv":[0,0.25,1.5,0]},"up":{"texture":"#0","uv":[0,9,1.5,0]},"west":{"texture":"#0","uv":[0,0.5,8,0]}},"from":[5.7619,7,10.75],"to":[10.2619,7.25,12.25]},{"faces":{"down":{"texture":"#0","uv":[1.75,1.75,6.25,0.25]},"east":{"texture":"#0","uv":[0,0.5,8,0]},"north":{"texture":"#0","uv":[0,0.25,1.5,0]},"south":{"texture":"#0","uv":[0,0.25,1.5,0]},"up":{"texture":"#0","uv":[0,9,1.5,0]},"west":{"texture":"#0","uv":[0,0.5,8,0]}},"from":[5.7619,7,3.75],"to":[10.2619,7.25,5.25]},{"faces":{"down":{"texture":"#0","uv":[6,9,8,7]},"east":{"texture":"#0","uv":[0,0.15,1.3,0]},"north":{"texture":"#0","uv":[0,0.15,1.3,0]},"south":{"texture":"#0","uv":[0,0.15,1.3,0]},"up":{"texture":"#0","uv":[0,9,1.5,0]},"west":{"texture":"#0","uv":[0,0.15,1.3,0]}},"from":[10.3619,6.85,10.85],"to":[11.6619,7,12.15]},{"faces":{"down":{"texture":"#0","uv":[0,9,2,7]},"east":{"texture":"#0","uv":[0,0.15,1.3,0]},"north":{"texture":"#0","uv":[0,0.15,1.3,0]},"south":{"texture":"#0","uv":[0,0.15,1.3,0]},"up":{"texture":"#0","uv":[0,9,1.5,0]},"west":{"texture":"#0","uv":[0,0.15,1.3,0]}},"from":[4.3619,6.85,10.85],"to":[5.6619,7,12.15]},{"faces":{"down":{"texture":"#0","uv":[0,2,2,0]},"east":{"texture":"#0","uv":[0,0.15,1.3,0]},"north":{"texture":"#0","uv":[0,0.15,1.3,0]},"south":{"texture":"#0","uv":[0,0.15,1.3,0]},"up":{"texture":"#0","uv":[0,9,1.5,0]},"west":{"texture":"#0","uv":[0,0.15,1.3,0]}},"from":[4.3619,6.85,3.85],"to":[5.6619,7,5.15]},{"faces":{"down":{"texture":"#0","uv":[6,2,8,0]},"east":{"texture":"#0","uv":[0,0.15,1.3,0]},"north":{"texture":"#0","uv":[0,0.15,1.3,0]},"south":{"texture":"#0","uv":[0,0.15,1.3,0]},"up":{"texture":"#0","uv":[0,9,1.5,0]},"west":{"texture":"#0","uv":[0,0.15,1.3,0]}},"from":[10.3619,6.85,3.85],"to":[11.6619,7,5.15]}],"groups":[{"children":[0,1,2,3,4,5,6,7,8,9],"name":"group","origin":[15,10.25,3]},{"children":[10,11,12,13,14,15,16,17,18,19,20],"name":"group","origin":[15,10.25,3]}],"textures":{"0":"docs/magic_book","particle":"docs/magic_book"}}