{"credit":"by Damfler","display":{"firstperson_lefthand":{"rotation":[-86.5,0,-39.5],"scale":[0.5,0.5,0.5],"translation":[4,1.25,0.5]},"firstperson_righthand":{"rotation":[-86.5,0,-39.5],"scale":[0.5,0.5,0.5],"translation":[4,1.25,0.5]},"fixed":{"rotation":[-90,0,0],"translation":[1.75,0,0]},"ground":{"scale":[0.7,0.7,0.7],"translation":[0,-1.25,0]},"gui":{"rotation":[-48.5,0,147.5],"scale":[0.88672,0.88672,0.88672],"translation":[-1.5,-0.25,0]},"head":{"rotation":[-86.5,-31.5,-49],"scale":[0.96289,0.96289,0.96289],"translation":[8,6.75,0.5]},"thirdperson_lefthand":{"rotation":[-86.5,0,-39.5],"scale":[0.5,0.5,0.5],"translation":[-2,1.25,0.5]},"thirdperson_righthand":{"rotation":[-86.5,0,-39.5],"scale":[0.5,0.5,0.5],"translation":[-2,1.25,0.5]}},"elements":[{"faces":{"down":{"rotation":180,"texture":"#0","uv":[0,0,12.23529,16]},"east":{"rotation":270,"texture":"#0","uv":[0,0,0.47059,16]},"north":{"texture":"#0","uv":[0,15.52941,12.23529,16]},"south":{"rotation":180,"texture":"#0","uv":[0,0,11.76471,0.47059]},"up":{"rotation":180,"texture":"#0","uv":[0,0,12.23529,16]},"west":{"rotation":90,"texture":"#0","uv":[11.76471,0,12.23529,16]}},"from":[1.11786,8.25,0.88214],"rotation":{"angle":0,"axis":"y","origin":[9.11786,15.5,8.88214]},"to":[11.11786,8.5,14.88214]},{"faces":{"down":{"texture":"#0","uv":[12.23529,0,0,16]},"east":{"rotation":270,"texture":"#0","uv":[0,0,0.47059,16]},"north":{"texture":"#0","uv":[0,15.52941,12.23529,16]},"south":{"rotation":180,"texture":"#0","uv":[0,0,11.76471,0.47059]},"up":{"rotation":180,"texture":"#0","uv":[0,0,12.23529,16]},"west":{"rotation":90,"texture":"#0","uv":[11.76471,0,12.23529,16]}},"from":[1.11786,7.5,0.88214],"rotation":{"angle":0,"axis":"y","origin":[9.11786,14.75,8.88214]},"to":[11.11786,7.75,14.88214]},{"faces":{"down":{"rotation":180,"texture":"#1","uv":[0,0,12.23529,16]},"east":{"rotation":270,"texture":"#1","uv":[0,0,0.47059,16]},"north":{"rotation":90,"texture":"#1","uv":[1.6,4.8,7.2,16]},"south":{"rotation":90,"texture":"#1","uv":[1.6,4.8,7.2,16]},"up":{"rotation":180,"texture":"#1","uv":[9.6,0,14.4,16]},"west":{"rotation":90,"texture":"#1","uv":[1.6,4.8,7.2,16]}},"from":[1.36786,7.8,1.13214],"rotation":{"angle":0,"axis":"y","origin":[8.86786,15,8.88214]},"to":[10.61786,8,14.63214]},{"faces":{"down":{"rotation":180,"texture":"#1","uv":[0,0,12.23529,16]},"east":{"rotation":270,"texture":"#1","uv":[0,0,0.47059,16]},"north":{"rotation":90,"texture":"#1","uv":[1.6,4.8,7.2,16]},"south":{"rotation":90,"texture":"#1","uv":[1.6,4.8,7.2,16]},"up":{"rotation":180,"texture":"#1","uv":[0,0,12.23529,16]},"west":{"rotation":90,"texture":"#1","uv":[1.6,4.8,7.2,16]}},"from":[1.46786,8,1.13214],"rotation":{"angle":0,"axis":"y","origin":[8.86786,15.25,8.88214]},"to":[10.61786,8.2,14.63214]},{"faces":{"down":{"rotation":180,"texture":"#0","uv":[0,0,12.23529,16]},"east":{"rotation":270,"texture":"#0","uv":[0,0,0.47059,16]},"north":{"texture":"#0","uv":[0,15.52941,0.47059,16]},"south":{"rotation":180,"texture":"#0","uv":[0,0,0,0.47059]},"up":{"rotation":180,"texture":"#0","uv":[0,0,12.23529,16]},"west":{"rotation":90,"texture":"#0","uv":[11.76471,0,12.23529,16]}},"from":[10.86786,7.75,0.88214],"rotation":{"angle":0,"axis":"y","origin":[9.11786,14.75,8.88214]},"to":[11.11786,8.25,14.88214]},{"faces":{"down":{"rotation":180,"texture":"#0","uv":[0,2.35294,1.88235,3.76471]},"east":{"rotation":90,"texture":"#0","uv":[0,2.35294,1.88235,3.76471]},"north":{"rotation":180,"texture":"#0","uv":[0,2.35294,1.88235,2.82353]},"south":{"rotation":180,"texture":"#0","uv":[0,3.29412,1.88235,3.76471]},"up":{"texture":"#0","uv":[0,2.35294,1.88235,3.76471]},"west":{"rotation":270,"texture":"#0","uv":[0,2.35294,1.88235,3.76471]}},"from":[9.56786,7.45,3.73214],"rotation":{"angle":0,"axis":"y","origin":[9.11786,15.5,9.63214]},"to":[11.16786,8.55,5.03214]},{"faces":{"down":{"rotation":180,"texture":"#0","uv":[0,2.35294,1.88235,3.76471]},"east":{"rotation":90,"texture":"#0","uv":[0,2.35294,1.88235,3.76471]},"north":{"rotation":180,"texture":"#0","uv":[0,2.35294,1.88235,2.82353]},"south":{"rotation":180,"texture":"#0","uv":[0,3.29412,1.88235,3.76471]},"up":{"texture":"#0","uv":[0,2.35294,1.88235,3.76471]},"west":{"rotation":270,"texture":"#0","uv":[0,2.35294,1.88235,3.76471]}},"from":[9.56786,7.45,11.53214],"rotation":{"angle":0,"axis":"y","origin":[9.11786,15.5,17.63214]},"to":[11.16786,8.55,12.88214]}],"textures":{"0":"docs/sound_book","1":"docs/pereplet","particle":"docs/sound_book"}}