{"credit":"Animun","display":{"firstperson_lefthand":{"rotation":[71,0,28],"translation":[-2.25,1.25,1.75]},"firstperson_righthand":{"rotation":[71,0,28],"translation":[0,1.25,1.75]},"fixed":{"rotation":[-90,-180,0],"scale":[1.43,1.43,1.43],"translation":[-3,0,-10.75]},"ground":{"scale":[0.86,0.86,0.86],"translation":[1.5,4.75,0]},"gui":{"rotation":[68,3,14],"scale":[0.75,0.75,0.75],"translation":[0.5,1.5,14.25]},"head":{"rotation":[-89,-180,0],"translation":[-19.75,6.75,-6]},"thirdperson_lefthand":{"rotation":[105,0,20],"scale":[0.71,0.71,0.71],"translation":[-1.25,2.75,5.5]},"thirdperson_righthand":{"rotation":[105,0,20],"scale":[0.71,0.71,0.71],"translation":[0.25,2.75,5.5]}},"elements":[{"faces":{"down":{"texture":"#0","uv":[0,9.5,6,11]},"east":{"texture":"#0","uv":[0,6,1.5,7.5]},"north":{"texture":"#0","uv":[0,6,6,7.5]},"south":{"texture":"#0","uv":[0,6,6,7.5]},"up":{"texture":"#0","uv":[0,6,6,7.5]},"west":{"texture":"#0","uv":[0,6,1.5,8]}},"from":[0,0,-1],"rotation":{"angle":0,"axis":"y","origin":[8,8,7]},"to":[12,3,2]},{"faces":{"down":{"texture":"#0","uv":[0,7.5,6,9]},"east":{"texture":"#0","uv":[0,6,1.5,7.5]},"north":{"texture":"#0","uv":[0,6,6,7.5]},"south":{"texture":"#0","uv":[0,6,6,7.5]},"up":{"texture":"#0","uv":[0,6,6,7.5]},"west":{"texture":"#0","uv":[0,6,1.5,7.5]}},"from":[0,0,14],"rotation":{"angle":0,"axis":"y","origin":[8,8,22]},"to":[12,3,17]},{"faces":{"down":{"texture":"#0","uv":[6,0,12,6]},"east":{"texture":"#0","uv":[1,7,6,7.5]},"north":{"texture":"#0","uv":[0,0,6,0.5]},"south":{"texture":"#0","uv":[0,0,6,0.5]},"up":{"texture":"#0","uv":[0,0,6,6]},"west":{"texture":"#0","uv":[0,0,6,0.5]}},"from":[0,0,2],"rotation":{"angle":0,"axis":"x","origin":[8,8,17]},"to":[12,1,14]},{"faces":{"down":{"texture":"#0","uv":[6,6,7.5,7.5]},"east":{"texture":"#0","uv":[6,6,7.5,7.5]},"north":{"texture":"#0","uv":[6,6,7.5,7.5]},"south":{"texture":"#0","uv":[6,6,7.5,7.5]},"up":{"texture":"#0","uv":[6,6,7,7]},"west":{"texture":"#0","uv":[6,6,7.5,7.5]}},"from":[-2,0.5,14.5],"rotation":{"angle":0,"axis":"y","origin":[7,8.5,23.5]},"to":[0,2.5,16.5]},{"faces":{"down":{"texture":"#0","uv":[6,6,7,7]},"east":{"texture":"#0","uv":[6,6,7,7]},"north":{"texture":"#0","uv":[6,6,7,7]},"south":{"texture":"#0","uv":[6,6,7,7]},"up":{"texture":"#0","uv":[6,6,7,7]},"west":{"texture":"#0","uv":[6,6,7,7]}},"from":[12,0.5,-0.5],"rotation":{"angle":0,"axis":"y","origin":[21,8.5,8.5]},"to":[14,2.5,1.5]},{"faces":{"down":{"texture":"#0","uv":[6,6,7.5,7.5]},"east":{"texture":"#0","uv":[6,6,7.5,7.5]},"north":{"texture":"#0","uv":[6,6,7.5,7.5]},"south":{"texture":"#0","uv":[6,6,7.5,7.5]},"up":{"texture":"#0","uv":[6,6,7,7]},"west":{"texture":"#0","uv":[6,6,7.5,7.5]}},"from":[12,0.5,14.5],"rotation":{"angle":0,"axis":"y","origin":[21,8.5,23.5]},"to":[14,2.5,16.5]},{"faces":{"down":{"texture":"#0","uv":[6,6,7,7]},"east":{"texture":"#0","uv":[6,6,7,7]},"north":{"texture":"#0","uv":[6,6,7,7]},"south":{"texture":"#0","uv":[6,6,7,7]},"up":{"texture":"#0","uv":[6,6,7,7]},"west":{"texture":"#0","uv":[6,6,7,7]}},"from":[-2,0.5,-0.5],"rotation":{"angle":0,"axis":"y","origin":[7,8.5,8.5]},"to":[0,2.5,1.5]}],"texture_size":[32,32],"textures":{"0":"hartiya/hartiya","particle":"hartiya/hartiya"}}