{
	"credit": "Made with Blockbench",
	"texture_size": [8, 8],
	"textures": {
		"0": "cloud_sword/cloud_sword",
		"1": "cloud_sword/cloud_sword1",
		"2": "cloud_sword/cloud_sword2",
		"3": "cloud_sword/cloud_sword3",
		"4": "cloud_sword/cloud_sword4",
		"particle": "cloud_sword/cloud_sword"
	},
	"elements": [
		{
			"from": [9.75, 0, 6],
			"to": [10, 14, 6.25],
			"faces": {
				"north": {"uv": [0, 0, 0.25, 7], "texture": "#0"},
				"east": {"uv": [0.5, 0, 0.75, 7], "texture": "#0"},
				"south": {"uv": [1, 0, 1.25, 7], "texture": "#0"},
				"west": {"uv": [1.5, 0, 1.75, 7], "texture": "#0"},
				"up": {"uv": [10.75, 3.75, 10.5, 3.5], "texture": "#0"},
				"down": {"uv": [10.75, 4, 10.5, 4.25], "texture": "#0"}
			}
		},
		{
			"from": [9.75, 0, 6.5],
			"to": [10, 13.5, 6.75],
			"faces": {
				"north": {"uv": [4, 0, 4.25, 6.75], "texture": "#0"},
				"east": {"uv": [4.5, 0, 4.75, 6.75], "texture": "#0"},
				"south": {"uv": [5, 0, 5.25, 6.75], "texture": "#0"},
				"west": {"uv": [5.5, 0, 5.75, 6.75], "texture": "#0"},
				"up": {"uv": [10.75, 4.75, 10.5, 4.5], "texture": "#0"},
				"down": {"uv": [10.75, 5, 10.5, 5.25], "texture": "#0"}
			}
		},
		{
			"from": [9.75, 0, 7],
			"to": [10, 13, 7.25],
			"faces": {
				"north": {"uv": [2.5, 7, 2.75, 13.5], "texture": "#0"},
				"east": {"uv": [3, 7, 3.25, 13.5], "texture": "#0"},
				"south": {"uv": [3.5, 7, 3.75, 13.5], "texture": "#0"},
				"west": {"uv": [4, 7, 4.25, 13.5], "texture": "#0"},
				"up": {"uv": [10.75, 5.75, 10.5, 5.5], "texture": "#0"},
				"down": {"uv": [10.75, 6, 10.5, 6.25], "texture": "#0"}
			}
		},
		{
			"from": [9.75, -3.5, 7.1],
			"to": [10, -0.25, 7.35],
			"faces": {
				"north": {"uv": [0, 0, 2.5, 15.5], "texture": "#4"},
				"east": {"uv": [0, 0, 2.5, 15.5], "texture": "#4"},
				"south": {"uv": [0, 0, 2.5, 15.5], "texture": "#4"},
				"west": {"uv": [0, 0, 2.5, 15.5], "texture": "#4"},
				"up": {"uv": [0.5, 8.5, 0, 8], "texture": "#4"},
				"down": {"uv": [8.5, 0, 8, 0.5], "texture": "#4"}
			}
		},
		{
			"from": [9.75, 0, 7.5],
			"to": [10, 12.5, 7.75],
			"faces": {
				"north": {"uv": [9, 0, 9.25, 6.25], "texture": "#0"},
				"east": {"uv": [9, 6.5, 9.25, 12.75], "texture": "#0"},
				"south": {"uv": [9.5, 0, 9.75, 6.25], "texture": "#0"},
				"west": {"uv": [9.5, 6.5, 9.75, 12.75], "texture": "#0"},
				"up": {"uv": [10.75, 6.75, 10.5, 6.5], "texture": "#0"},
				"down": {"uv": [10.75, 7, 10.5, 7.25], "texture": "#0"}
			}
		},
		{
			"from": [9.85, 0, 8.25],
			"to": [9.9, 12.75, 8.5],
			"faces": {
				"north": {"uv": [8, 0, 8.25, 6.5], "texture": "#0"},
				"east": {"uv": [8, 6.5, 8.25, 13], "texture": "#0"},
				"south": {"uv": [8.5, 0, 8.75, 6.5], "texture": "#0"},
				"west": {"uv": [8.5, 6.5, 8.75, 13], "texture": "#0"},
				"up": {"uv": [11.25, 8.25, 11, 8], "texture": "#0"},
				"down": {"uv": [11.25, 8.5, 11, 8.75], "texture": "#0"}
			}
		},
		{
			"from": [9.75, 0, 6.25],
			"to": [10, 13.75, 6.5],
			"faces": {
				"north": {"uv": [2, 0, 2.25, 7], "texture": "#0"},
				"east": {"uv": [2.5, 0, 2.75, 7], "texture": "#0"},
				"south": {"uv": [3, 0, 3.25, 7], "texture": "#0"},
				"west": {"uv": [3.5, 0, 3.75, 7], "texture": "#0"},
				"up": {"uv": [10.75, 9.75, 10.5, 9.5], "texture": "#0"},
				"down": {"uv": [10.25, 10.5, 10, 10.75], "texture": "#0"}
			}
		},
		{
			"from": [9.75, 0, 6.75],
			"to": [10, 13.25, 7],
			"faces": {
				"north": {"uv": [6, 0, 6.25, 6.75], "texture": "#0"},
				"east": {"uv": [6.5, 0, 6.75, 6.75], "texture": "#0"},
				"south": {"uv": [0, 7, 0.25, 13.75], "texture": "#0"},
				"west": {"uv": [7, 0, 7.25, 6.75], "texture": "#0"},
				"up": {"uv": [10.75, 8.75, 10.5, 8.5], "texture": "#0"},
				"down": {"uv": [10.75, 9, 10.5, 9.25], "texture": "#0"}
			}
		},
		{
			"from": [9.75, 0, 7.25],
			"to": [10, 12.75, 7.5],
			"faces": {
				"north": {"uv": [4.5, 7, 4.75, 13.5], "texture": "#0"},
				"east": {"uv": [5, 7, 5.25, 13.5], "texture": "#0"},
				"south": {"uv": [5.5, 7, 5.75, 13.5], "texture": "#0"},
				"west": {"uv": [6, 7, 6.25, 13.5], "texture": "#0"},
				"up": {"uv": [10.75, 7.75, 10.5, 7.5], "texture": "#0"},
				"down": {"uv": [10.75, 8, 10.5, 8.25], "texture": "#0"}
			}
		},
		{
			"from": [9.85, 0, 7.75],
			"to": [9.9, 13.25, 8],
			"faces": {
				"north": {"uv": [0.5, 7, 0.75, 13.75], "texture": "#0"},
				"east": {"uv": [1, 7, 1.25, 13.75], "texture": "#0"},
				"south": {"uv": [1.5, 7, 1.75, 13.75], "texture": "#0"},
				"west": {"uv": [2, 7, 2.25, 13.75], "texture": "#0"},
				"up": {"uv": [10.75, 10.25, 10.5, 10], "texture": "#0"},
				"down": {"uv": [10.75, 10.5, 10.5, 10.75], "texture": "#0"}
			}
		},
		{
			"from": [9.85, 0, 8],
			"to": [9.9, 13, 8.25],
			"faces": {
				"north": {"uv": [6.5, 7, 6.75, 13.5], "texture": "#0"},
				"east": {"uv": [7, 7, 7.25, 13.5], "texture": "#0"},
				"south": {"uv": [7.5, 0, 7.75, 6.5], "texture": "#0"},
				"west": {"uv": [7.5, 6.5, 7.75, 13], "texture": "#0"},
				"up": {"uv": [11.25, 7.25, 11, 7], "texture": "#0"},
				"down": {"uv": [11.25, 7.5, 11, 7.75], "texture": "#0"}
			}
		},
		{
			"from": [9.85, 12.5, 7.5],
			"to": [9.9, 13.5, 7.75],
			"faces": {
				"north": {"uv": [10, 0, 10.25, 0.5], "texture": "#0"},
				"east": {"uv": [10, 0.5, 10.25, 1], "texture": "#0"},
				"south": {"uv": [10, 1, 10.25, 1.5], "texture": "#0"},
				"west": {"uv": [10, 1.5, 10.25, 2], "texture": "#0"},
				"up": {"uv": [11.25, 0.25, 11, 0], "texture": "#0"},
				"down": {"uv": [11.25, 0.5, 11, 0.75], "texture": "#0"}
			}
		},
		{
			"from": [9.85, 12.75, 7.25],
			"to": [9.9, 13.75, 7.5],
			"faces": {
				"north": {"uv": [10, 2, 10.25, 2.5], "texture": "#0"},
				"east": {"uv": [10, 2.5, 10.25, 3], "texture": "#0"},
				"south": {"uv": [10, 3, 10.25, 3.5], "texture": "#0"},
				"west": {"uv": [10, 3.5, 10.25, 4], "texture": "#0"},
				"up": {"uv": [11.25, 1.25, 11, 1], "texture": "#0"},
				"down": {"uv": [11.25, 1.5, 11, 1.75], "texture": "#0"}
			}
		},
		{
			"from": [9.85, 13, 7],
			"to": [9.9, 14, 7.25],
			"faces": {
				"north": {"uv": [10, 4, 10.25, 4.5], "texture": "#0"},
				"east": {"uv": [10, 4.5, 10.25, 5], "texture": "#0"},
				"south": {"uv": [10, 5, 10.25, 5.5], "texture": "#0"},
				"west": {"uv": [10, 5.5, 10.25, 6], "texture": "#0"},
				"up": {"uv": [11.25, 2.25, 11, 2], "texture": "#0"},
				"down": {"uv": [11.25, 2.5, 11, 2.75], "texture": "#0"}
			}
		},
		{
			"from": [9.85, 13.25, 6.75],
			"to": [9.9, 14.25, 7],
			"faces": {
				"north": {"uv": [10, 6, 10.25, 6.5], "texture": "#0"},
				"east": {"uv": [10, 6.5, 10.25, 7], "texture": "#0"},
				"south": {"uv": [10, 7, 10.25, 7.5], "texture": "#0"},
				"west": {"uv": [10, 7.5, 10.25, 8], "texture": "#0"},
				"up": {"uv": [11.25, 3.25, 11, 3], "texture": "#0"},
				"down": {"uv": [11.25, 3.5, 11, 3.75], "texture": "#0"}
			}
		},
		{
			"from": [9.85, 13.5, 6.5],
			"to": [9.9, 14.5, 6.75],
			"faces": {
				"north": {"uv": [10, 8, 10.25, 8.5], "texture": "#0"},
				"east": {"uv": [10, 8.5, 10.25, 9], "texture": "#0"},
				"south": {"uv": [10, 9, 10.25, 9.5], "texture": "#0"},
				"west": {"uv": [10, 9.5, 10.25, 10], "texture": "#0"},
				"up": {"uv": [11.25, 4.25, 11, 4], "texture": "#0"},
				"down": {"uv": [11.25, 4.5, 11, 4.75], "texture": "#0"}
			}
		},
		{
			"from": [9.85, 13.75, 6.25],
			"to": [9.9, 14.75, 6.5],
			"faces": {
				"north": {"uv": [10, 10, 10.25, 10.5], "texture": "#0"},
				"east": {"uv": [10.5, 0, 10.75, 0.5], "texture": "#0"},
				"south": {"uv": [10.5, 0.5, 10.75, 1], "texture": "#0"},
				"west": {"uv": [10.5, 1, 10.75, 1.5], "texture": "#0"},
				"up": {"uv": [11.25, 5.25, 11, 5], "texture": "#0"},
				"down": {"uv": [11.25, 5.5, 11, 5.75], "texture": "#0"}
			}
		},
		{
			"from": [9.85, 14, 6],
			"to": [9.9, 15, 6.25],
			"faces": {
				"north": {"uv": [10.5, 1.5, 10.75, 2], "texture": "#0"},
				"east": {"uv": [10.5, 2, 10.75, 2.5], "texture": "#0"},
				"south": {"uv": [10.5, 2.5, 10.75, 3], "texture": "#0"},
				"west": {"uv": [10.5, 3, 10.75, 3.5], "texture": "#0"},
				"up": {"uv": [11.25, 6.25, 11, 6], "texture": "#0"},
				"down": {"uv": [11.25, 6.5, 11, 6.75], "texture": "#0"}
			}
		},
		{
			"from": [9.65, 0.75, 5.95],
			"to": [10.075, 1, 8.55],
			"faces": {
				"north": {"uv": [1, 5, 2, 6], "texture": "#3"},
				"east": {"uv": [0, 0, 3, 1], "texture": "#3"},
				"south": {"uv": [5, 2, 6, 3], "texture": "#3"},
				"west": {"uv": [0, 1, 3, 2], "texture": "#3"},
				"up": {"uv": [1, 5, 0, 2], "texture": "#3"},
				"down": {"uv": [2, 2, 1, 5], "texture": "#3"}
			}
		},
		{
			"from": [9.65, -0.25, 5.95],
			"to": [10.075, 0, 8.55],
			"faces": {
				"north": {"uv": [6, 0, 7, 1], "texture": "#3"},
				"east": {"uv": [3, 1, 6, 2], "texture": "#3"},
				"south": {"uv": [1, 6, 2, 7], "texture": "#3"},
				"west": {"uv": [4, 3, 7, 4], "texture": "#3"},
				"up": {"uv": [5, 7, 4, 4], "texture": "#3"},
				"down": {"uv": [1, 5, 0, 8], "texture": "#3"}
			}
		},
		{
			"from": [9.675, 0, 5.975],
			"to": [10.05, 0.75, 8.525],
			"faces": {
				"north": {"uv": [5, 4, 6, 5], "texture": "#3"},
				"east": {"uv": [0, 11, 16, 16], "texture": "#3"},
				"south": {"uv": [5, 5, 6, 6], "texture": "#3"},
				"west": {"uv": [0, 11, 16, 16], "texture": "#3"},
				"up": {"uv": [3, 6, 2, 3], "texture": "#3"},
				"down": {"uv": [4, 3, 3, 6], "texture": "#3"}
			}
		},
		{
			"from": [9.65, 0.3, 8.15],
			"to": [10.075, 0.475, 8.325],
			"faces": {
				"north": {"uv": [6, 1, 7, 2], "texture": "#3"},
				"east": {"uv": [2, 6, 3, 7], "texture": "#3"},
				"south": {"uv": [6, 2, 7, 3], "texture": "#3"},
				"west": {"uv": [3, 6, 4, 7], "texture": "#3"},
				"up": {"uv": [7, 5, 6, 4], "texture": "#3"},
				"down": {"uv": [6, 6, 5, 7], "texture": "#3"}
			}
		},
		{
			"from": [9.65, 0.3, 7.65],
			"to": [10.075, 0.475, 7.825],
			"faces": {
				"north": {"uv": [6, 5, 7, 6], "texture": "#3"},
				"east": {"uv": [6, 6, 7, 7], "texture": "#3"},
				"south": {"uv": [7, 0, 8, 1], "texture": "#3"},
				"west": {"uv": [1, 7, 2, 8], "texture": "#3"},
				"up": {"uv": [8, 2, 7, 1], "texture": "#3"},
				"down": {"uv": [3, 7, 2, 8], "texture": "#3"}
			}
		},
		{
			"from": [9.65, 0.3, 7.15],
			"to": [10.075, 0.475, 7.325],
			"faces": {
				"north": {"uv": [7, 2, 8, 3], "texture": "#3"},
				"east": {"uv": [3, 7, 4, 8], "texture": "#3"},
				"south": {"uv": [7, 3, 8, 4], "texture": "#3"},
				"west": {"uv": [4, 7, 5, 8], "texture": "#3"},
				"up": {"uv": [8, 5, 7, 4], "texture": "#3"},
				"down": {"uv": [6, 7, 5, 8], "texture": "#3"}
			}
		},
		{
			"from": [9.65, 0.3, 6.65],
			"to": [10.075, 0.475, 6.825],
			"faces": {
				"north": {"uv": [7, 5, 8, 6], "texture": "#3"},
				"east": {"uv": [6, 7, 7, 8], "texture": "#3"},
				"south": {"uv": [7, 6, 8, 7], "texture": "#3"},
				"west": {"uv": [7, 7, 8, 8], "texture": "#3"},
				"up": {"uv": [1, 9, 0, 8], "texture": "#3"},
				"down": {"uv": [9, 0, 8, 1], "texture": "#3"}
			}
		},
		{
			"from": [9.65, 0.3, 6.15],
			"to": [10.075, 0.475, 6.325],
			"faces": {
				"north": {"uv": [1, 8, 2, 9], "texture": "#3"},
				"east": {"uv": [8, 1, 9, 2], "texture": "#3"},
				"south": {"uv": [2, 8, 3, 9], "texture": "#3"},
				"west": {"uv": [8, 2, 9, 3], "texture": "#3"},
				"up": {"uv": [4, 9, 3, 8], "texture": "#3"},
				"down": {"uv": [9, 3, 8, 4], "texture": "#3"}
			}
		},
		{
			"from": [9.7, 1, 7.175],
			"to": [10.05, 3.05, 7.275],
			"faces": {
				"north": {"uv": [5, 2, 5.25, 4], "texture": "#1"},
				"east": {"uv": [5, 4, 5.25, 6], "texture": "#1"},
				"south": {"uv": [0, 6, 0.25, 8], "texture": "#1"},
				"west": {"uv": [6, 0, 6.25, 2], "texture": "#1"},
				"up": {"uv": [0.25, 10.25, 0, 10], "texture": "#1"},
				"down": {"uv": [10.25, 0, 10, 0.25], "texture": "#1"}
			}
		},
		{
			"from": [9.7, 1, 7.075],
			"to": [10.05, 3.15, 7.175],
			"faces": {
				"north": {"uv": [3, 0, 3.25, 2.25], "texture": "#1"},
				"east": {"uv": [1, 3, 1.25, 5.25], "texture": "#1"},
				"south": {"uv": [2, 3, 2.25, 5.25], "texture": "#1"},
				"west": {"uv": [3, 3, 3.25, 5.25], "texture": "#1"},
				"up": {"uv": [2.25, 10.25, 2, 10], "texture": "#1"},
				"down": {"uv": [10.25, 2, 10, 2.25], "texture": "#1"}
			}
		},
		{
			"from": [10, 2.45, 6.775],
			"to": [10.025, 2.65, 6.975],
			"faces": {
				"north": {"uv": [0, 0, 1, 1], "texture": "#2"},
				"east": {"uv": [0, 1, 1, 2], "texture": "#2"},
				"south": {"uv": [1, 0, 2, 1], "texture": "#2"},
				"west": {"uv": [1, 1, 2, 2], "texture": "#2"},
				"up": {"uv": [1, 3, 0, 2], "texture": "#2"},
				"down": {"uv": [3, 0, 2, 1], "texture": "#2"}
			}
		},
		{
			"from": [10.025, 2.475, 6.8],
			"to": [10.05, 2.625, 6.95],
			"faces": {
				"north": {"uv": [1, 2, 2, 3], "texture": "#2"},
				"east": {"uv": [2, 1, 3, 2], "texture": "#2"},
				"south": {"uv": [2, 2, 3, 3], "texture": "#2"},
				"west": {"uv": [0, 3, 1, 4], "texture": "#2"},
				"up": {"uv": [4, 1, 3, 0], "texture": "#2"},
				"down": {"uv": [2, 3, 1, 4], "texture": "#2"}
			}
		},
		{
			"from": [10.05, 2.5, 6.825],
			"to": [10.075, 2.6, 6.925],
			"faces": {
				"north": {"uv": [3, 1, 4, 2], "texture": "#2"},
				"east": {"uv": [2, 3, 3, 4], "texture": "#2"},
				"south": {"uv": [3, 2, 4, 3], "texture": "#2"},
				"west": {"uv": [3, 3, 4, 4], "texture": "#2"},
				"up": {"uv": [1, 5, 0, 4], "texture": "#2"},
				"down": {"uv": [5, 0, 4, 1], "texture": "#2"}
			}
		},
		{
			"from": [10, 1.625, 6.775],
			"to": [10.025, 1.825, 6.975],
			"faces": {
				"north": {"uv": [9, 7, 10, 8], "texture": "#2"},
				"east": {"uv": [9, 8, 10, 9], "texture": "#2"},
				"south": {"uv": [10, 7, 11, 8], "texture": "#2"},
				"west": {"uv": [10, 8, 11, 9], "texture": "#2"},
				"up": {"uv": [10, 10, 9, 9], "texture": "#2"},
				"down": {"uv": [12, 7, 11, 8], "texture": "#2"}
			}
		},
		{
			"from": [10.025, 1.65, 6.8],
			"to": [10.05, 1.8, 6.95],
			"faces": {
				"north": {"uv": [10, 9, 11, 10], "texture": "#2"},
				"east": {"uv": [11, 8, 12, 9], "texture": "#2"},
				"south": {"uv": [11, 9, 12, 10], "texture": "#2"},
				"west": {"uv": [9, 10, 10, 11], "texture": "#2"},
				"up": {"uv": [13, 8, 12, 7], "texture": "#2"},
				"down": {"uv": [11, 10, 10, 11], "texture": "#2"}
			}
		},
		{
			"from": [10.05, 1.675, 6.825],
			"to": [10.075, 1.775, 6.925],
			"faces": {
				"north": {"uv": [12, 8, 13, 9], "texture": "#2"},
				"east": {"uv": [11, 10, 12, 11], "texture": "#2"},
				"south": {"uv": [12, 9, 13, 10], "texture": "#2"},
				"west": {"uv": [12, 10, 13, 11], "texture": "#2"},
				"up": {"uv": [10, 12, 9, 11], "texture": "#2"},
				"down": {"uv": [14, 7, 13, 8], "texture": "#2"}
			}
		},
		{
			"from": [10, 2.45, 6.775],
			"to": [10.025, 2.65, 6.975],
			"rotation": {"angle": 0, "axis": "y", "origin": [9.8625, 2.1375, 6.875]},
			"faces": {
				"north": {"uv": [0, 0, 1, 1], "texture": "#2"},
				"east": {"uv": [0, 1, 1, 2], "texture": "#2"},
				"south": {"uv": [1, 0, 2, 1], "texture": "#2"},
				"west": {"uv": [1, 1, 2, 2], "texture": "#2"},
				"up": {"uv": [1, 3, 0, 2], "texture": "#2"},
				"down": {"uv": [3, 0, 2, 1], "texture": "#2"}
			}
		},
		{
			"from": [10, 1.625, 6.775],
			"to": [10.025, 1.825, 6.975],
			"rotation": {"angle": 0, "axis": "y", "origin": [9.8625, 2.1375, 6.875]},
			"faces": {
				"north": {"uv": [9, 7, 10, 8], "texture": "#2"},
				"east": {"uv": [9, 8, 10, 9], "texture": "#2"},
				"south": {"uv": [10, 7, 11, 8], "texture": "#2"},
				"west": {"uv": [10, 8, 11, 9], "texture": "#2"},
				"up": {"uv": [10, 10, 9, 9], "texture": "#2"},
				"down": {"uv": [12, 7, 11, 8], "texture": "#2"}
			}
		},
		{
			"from": [10.025, 2.475, 6.8],
			"to": [10.05, 2.625, 6.95],
			"rotation": {"angle": 0, "axis": "y", "origin": [9.8625, 2.1375, 6.875]},
			"faces": {
				"north": {"uv": [1, 2, 2, 3], "texture": "#2"},
				"east": {"uv": [2, 1, 3, 2], "texture": "#2"},
				"south": {"uv": [2, 2, 3, 3], "texture": "#2"},
				"west": {"uv": [0, 3, 1, 4], "texture": "#2"},
				"up": {"uv": [4, 1, 3, 0], "texture": "#2"},
				"down": {"uv": [2, 3, 1, 4], "texture": "#2"}
			}
		},
		{
			"from": [10.05, 2.5, 6.825],
			"to": [10.075, 2.6, 6.925],
			"rotation": {"angle": 0, "axis": "y", "origin": [9.8625, 2.1375, 6.875]},
			"faces": {
				"north": {"uv": [3, 1, 4, 2], "texture": "#2"},
				"east": {"uv": [2, 3, 3, 4], "texture": "#2"},
				"south": {"uv": [3, 2, 4, 3], "texture": "#2"},
				"west": {"uv": [3, 3, 4, 4], "texture": "#2"},
				"up": {"uv": [1, 5, 0, 4], "texture": "#2"},
				"down": {"uv": [5, 0, 4, 1], "texture": "#2"}
			}
		},
		{
			"from": [10.025, 1.65, 6.8],
			"to": [10.05, 1.8, 6.95],
			"rotation": {"angle": 0, "axis": "y", "origin": [9.8625, 2.1375, 6.875]},
			"faces": {
				"north": {"uv": [10, 9, 11, 10], "texture": "#2"},
				"east": {"uv": [11, 8, 12, 9], "texture": "#2"},
				"south": {"uv": [11, 9, 12, 10], "texture": "#2"},
				"west": {"uv": [9, 10, 10, 11], "texture": "#2"},
				"up": {"uv": [13, 8, 12, 7], "texture": "#2"},
				"down": {"uv": [11, 10, 10, 11], "texture": "#2"}
			}
		},
		{
			"from": [10.05, 1.675, 6.825],
			"to": [10.075, 1.775, 6.925],
			"rotation": {"angle": 0, "axis": "y", "origin": [9.8625, 2.1375, 6.875]},
			"faces": {
				"north": {"uv": [12, 8, 13, 9], "texture": "#2"},
				"east": {"uv": [11, 10, 12, 11], "texture": "#2"},
				"south": {"uv": [12, 9, 13, 10], "texture": "#2"},
				"west": {"uv": [12, 10, 13, 11], "texture": "#2"},
				"up": {"uv": [10, 12, 9, 11], "texture": "#2"},
				"down": {"uv": [14, 7, 13, 8], "texture": "#2"}
			}
		},
		{
			"from": [9.7, 2.45, 6.775],
			"to": [9.725, 2.65, 6.975],
			"rotation": {"angle": 0, "axis": "y", "origin": [9.8625, 2.1375, 6.875]},
			"faces": {
				"north": {"uv": [1, 0, 2, 1], "texture": "#2"},
				"east": {"uv": [1, 1, 2, 2], "texture": "#2"},
				"south": {"uv": [0, 0, 1, 1], "texture": "#2"},
				"west": {"uv": [0, 1, 1, 2], "texture": "#2"},
				"up": {"uv": [1, 3, 0, 2], "rotation": 180, "texture": "#2"},
				"down": {"uv": [3, 0, 2, 1], "rotation": 180, "texture": "#2"}
			}
		},
		{
			"from": [9.7, 1.625, 6.775],
			"to": [9.725, 1.825, 6.975],
			"rotation": {"angle": 0, "axis": "y", "origin": [9.8625, 2.1375, 6.875]},
			"faces": {
				"north": {"uv": [10, 7, 11, 8], "texture": "#2"},
				"east": {"uv": [10, 8, 11, 9], "texture": "#2"},
				"south": {"uv": [9, 7, 10, 8], "texture": "#2"},
				"west": {"uv": [9, 8, 10, 9], "texture": "#2"},
				"up": {"uv": [10, 10, 9, 9], "rotation": 180, "texture": "#2"},
				"down": {"uv": [12, 7, 11, 8], "rotation": 180, "texture": "#2"}
			}
		},
		{
			"from": [9.675, 2.475, 6.8],
			"to": [9.7, 2.625, 6.95],
			"rotation": {"angle": 0, "axis": "y", "origin": [9.8625, 2.1375, 6.875]},
			"faces": {
				"north": {"uv": [2, 2, 3, 3], "texture": "#2"},
				"east": {"uv": [0, 3, 1, 4], "texture": "#2"},
				"south": {"uv": [1, 2, 2, 3], "texture": "#2"},
				"west": {"uv": [2, 1, 3, 2], "texture": "#2"},
				"up": {"uv": [4, 1, 3, 0], "rotation": 180, "texture": "#2"},
				"down": {"uv": [2, 3, 1, 4], "rotation": 180, "texture": "#2"}
			}
		},
		{
			"from": [9.65, 2.5, 6.825],
			"to": [9.675, 2.6, 6.925],
			"rotation": {"angle": 0, "axis": "y", "origin": [9.8625, 2.1375, 6.875]},
			"faces": {
				"north": {"uv": [3, 2, 4, 3], "texture": "#2"},
				"east": {"uv": [3, 3, 4, 4], "texture": "#2"},
				"south": {"uv": [3, 1, 4, 2], "texture": "#2"},
				"west": {"uv": [2, 3, 3, 4], "texture": "#2"},
				"up": {"uv": [1, 5, 0, 4], "rotation": 180, "texture": "#2"},
				"down": {"uv": [5, 0, 4, 1], "rotation": 180, "texture": "#2"}
			}
		},
		{
			"from": [9.675, 1.65, 6.8],
			"to": [9.7, 1.8, 6.95],
			"rotation": {"angle": 0, "axis": "y", "origin": [9.8625, 2.1375, 6.875]},
			"faces": {
				"north": {"uv": [11, 9, 12, 10], "texture": "#2"},
				"east": {"uv": [9, 10, 10, 11], "texture": "#2"},
				"south": {"uv": [10, 9, 11, 10], "texture": "#2"},
				"west": {"uv": [11, 8, 12, 9], "texture": "#2"},
				"up": {"uv": [13, 8, 12, 7], "rotation": 180, "texture": "#2"},
				"down": {"uv": [11, 10, 10, 11], "rotation": 180, "texture": "#2"}
			}
		},
		{
			"from": [9.65, 1.675, 6.825],
			"to": [9.675, 1.775, 6.925],
			"rotation": {"angle": 0, "axis": "y", "origin": [9.8625, 2.1375, 6.875]},
			"faces": {
				"north": {"uv": [12, 9, 13, 10], "texture": "#2"},
				"east": {"uv": [12, 10, 13, 11], "texture": "#2"},
				"south": {"uv": [12, 8, 13, 9], "texture": "#2"},
				"west": {"uv": [11, 10, 12, 11], "texture": "#2"},
				"up": {"uv": [10, 12, 9, 11], "rotation": 180, "texture": "#2"},
				"down": {"uv": [14, 7, 13, 8], "rotation": 180, "texture": "#2"}
			}
		},
		{
			"from": [9.7, 2.725, 6.975],
			"to": [10.05, 3.25, 7.075],
			"faces": {
				"north": {"uv": [2, 8, 2.25, 8.5], "texture": "#1"},
				"east": {"uv": [8, 2, 8.25, 2.5], "texture": "#1"},
				"south": {"uv": [3, 8, 3.25, 8.5], "texture": "#1"},
				"west": {"uv": [8, 3, 8.25, 3.5], "texture": "#1"},
				"up": {"uv": [9.25, 8.25, 9, 8], "texture": "#1"},
				"down": {"uv": [9.25, 9, 9, 9.25], "texture": "#1"}
			}
		},
		{
			"from": [9.725, 2.75, 6.875],
			"to": [10.025, 3.25, 6.975],
			"faces": {
				"north": {"uv": [0, 8, 0.25, 8.5], "texture": "#1"},
				"east": {"uv": [8, 0, 8.25, 0.5], "texture": "#1"},
				"south": {"uv": [1, 8, 1.25, 8.5], "texture": "#1"},
				"west": {"uv": [8, 1, 8.25, 1.5], "texture": "#1"},
				"up": {"uv": [9.25, 7.25, 9, 7], "texture": "#1"},
				"down": {"uv": [8.25, 9, 8, 9.25], "texture": "#1"}
			}
		},
		{
			"from": [9.725, 2.75, 6.775],
			"to": [10.025, 3.25, 6.875],
			"faces": {
				"north": {"uv": [7, 5, 7.25, 5.5], "texture": "#1"},
				"east": {"uv": [6, 7, 6.25, 7.5], "texture": "#1"},
				"south": {"uv": [7, 6, 7.25, 6.5], "texture": "#1"},
				"west": {"uv": [7, 7, 7.25, 7.5], "texture": "#1"},
				"up": {"uv": [9.25, 6.25, 9, 6], "texture": "#1"},
				"down": {"uv": [7.25, 9, 7, 9.25], "texture": "#1"}
			}
		},
		{
			"from": [9.725, 1.925, 6.775],
			"to": [10.025, 2.35, 6.875],
			"faces": {
				"north": {"uv": [8, 8, 8.25, 8.5], "texture": "#1"},
				"east": {"uv": [0, 9, 0.25, 9.5], "texture": "#1"},
				"south": {"uv": [9, 0, 9.25, 0.5], "texture": "#1"},
				"west": {"uv": [1, 9, 1.25, 9.5], "texture": "#1"},
				"up": {"uv": [4.25, 10.25, 4, 10], "texture": "#1"},
				"down": {"uv": [10.25, 4, 10, 4.25], "texture": "#1"}
			}
		},
		{
			"from": [9.725, 1.925, 6.875],
			"to": [10.025, 2.35, 6.975],
			"faces": {
				"north": {"uv": [6, 8, 6.25, 8.5], "texture": "#1"},
				"east": {"uv": [8, 6, 8.25, 6.5], "texture": "#1"},
				"south": {"uv": [7, 8, 7.25, 8.5], "texture": "#1"},
				"west": {"uv": [8, 7, 8.25, 7.5], "texture": "#1"},
				"up": {"uv": [3.25, 10.25, 3, 10], "texture": "#1"},
				"down": {"uv": [10.25, 3, 10, 3.25], "texture": "#1"}
			}
		},
		{
			"from": [9.725, 0.85, 6.775],
			"to": [10.025, 1.5, 6.875],
			"faces": {
				"north": {"uv": [6, 3, 6.25, 3.75], "texture": "#1"},
				"east": {"uv": [4, 6, 4.25, 6.75], "texture": "#1"},
				"south": {"uv": [6, 4, 6.25, 4.75], "texture": "#1"},
				"west": {"uv": [5, 6, 5.25, 6.75], "texture": "#1"},
				"up": {"uv": [11.25, 2.25, 11, 2], "texture": "#1"},
				"down": {"uv": [3.25, 11, 3, 11.25], "texture": "#1"}
			}
		},
		{
			"from": [9.725, 0.85, 6.875],
			"to": [10.025, 1.5, 6.975],
			"faces": {
				"north": {"uv": [6, 5, 6.25, 5.75], "texture": "#1"},
				"east": {"uv": [6, 6, 6.25, 6.75], "texture": "#1"},
				"south": {"uv": [7, 0, 7.25, 0.75], "texture": "#1"},
				"west": {"uv": [1, 7, 1.25, 7.75], "texture": "#1"},
				"up": {"uv": [11.25, 3.25, 11, 3], "texture": "#1"},
				"down": {"uv": [4.25, 11, 4, 11.25], "texture": "#1"}
			}
		},
		{
			"from": [9.7, 2.725, 6.675],
			"to": [10.05, 3.25, 6.775],
			"faces": {
				"north": {"uv": [7, 3, 7.25, 3.5], "texture": "#1"},
				"east": {"uv": [4, 7, 4.25, 7.5], "texture": "#1"},
				"south": {"uv": [7, 4, 7.25, 4.5], "texture": "#1"},
				"west": {"uv": [5, 7, 5.25, 7.5], "texture": "#1"},
				"up": {"uv": [9.25, 5.25, 9, 5], "texture": "#1"},
				"down": {"uv": [6.25, 9, 6, 9.25], "texture": "#1"}
			}
		},
		{
			"from": [9.7, 1.9, 6.975],
			"to": [10.05, 2.375, 7.075],
			"faces": {
				"north": {"uv": [4, 8, 4.25, 8.5], "texture": "#1"},
				"east": {"uv": [8, 4, 8.25, 4.5], "texture": "#1"},
				"south": {"uv": [5, 8, 5.25, 8.5], "texture": "#1"},
				"west": {"uv": [8, 5, 8.25, 5.5], "texture": "#1"},
				"up": {"uv": [1.25, 10.25, 1, 10], "texture": "#1"},
				"down": {"uv": [10.25, 1, 10, 1.25], "texture": "#1"}
			}
		},
		{
			"from": [9.7, 1.9, 6.675],
			"to": [10.05, 2.375, 6.775],
			"faces": {
				"north": {"uv": [9, 1, 9.25, 1.5], "texture": "#1"},
				"east": {"uv": [2, 9, 2.25, 9.5], "texture": "#1"},
				"south": {"uv": [9, 2, 9.25, 2.5], "texture": "#1"},
				"west": {"uv": [3, 9, 3.25, 9.5], "texture": "#1"},
				"up": {"uv": [5.25, 10.25, 5, 10], "texture": "#1"},
				"down": {"uv": [10.25, 5, 10, 5.25], "texture": "#1"}
			}
		},
		{
			"from": [9.7, 0.8, 6.675],
			"to": [10.05, 1.55, 6.775],
			"faces": {
				"north": {"uv": [1, 6, 1.25, 6.75], "texture": "#1"},
				"east": {"uv": [2, 6, 2.25, 6.75], "texture": "#1"},
				"south": {"uv": [6, 2, 6.25, 2.75], "texture": "#1"},
				"west": {"uv": [3, 6, 3.25, 6.75], "texture": "#1"},
				"up": {"uv": [11.25, 1.25, 11, 1], "texture": "#1"},
				"down": {"uv": [2.25, 11, 2, 11.25], "texture": "#1"}
			}
		},
		{
			"from": [9.7, 0.8, 6.975],
			"to": [10.05, 1.55, 7.075],
			"faces": {
				"north": {"uv": [7, 1, 7.25, 1.75], "texture": "#1"},
				"east": {"uv": [2, 7, 2.25, 7.75], "texture": "#1"},
				"south": {"uv": [7, 2, 7.25, 2.75], "texture": "#1"},
				"west": {"uv": [3, 7, 3.25, 7.75], "texture": "#1"},
				"up": {"uv": [11.25, 4.25, 11, 4], "texture": "#1"},
				"down": {"uv": [5.25, 11, 5, 11.25], "texture": "#1"}
			}
		},
		{
			"from": [9.7, 1, 6.575],
			"to": [10.05, 3.15, 6.675],
			"faces": {
				"north": {"uv": [0, 0, 0.25, 2.25], "texture": "#1"},
				"east": {"uv": [1, 0, 1.25, 2.25], "texture": "#1"},
				"south": {"uv": [2, 0, 2.25, 2.25], "texture": "#1"},
				"west": {"uv": [0, 3, 0.25, 5.25], "texture": "#1"},
				"up": {"uv": [9.25, 4.25, 9, 4], "texture": "#1"},
				"down": {"uv": [5.25, 9, 5, 9.25], "texture": "#1"}
			}
		},
		{
			"from": [9.7, 1, 6.475],
			"to": [10.05, 3.05, 6.575],
			"faces": {
				"north": {"uv": [4, 0, 4.25, 2], "texture": "#1"},
				"east": {"uv": [4, 2, 4.25, 4], "texture": "#1"},
				"south": {"uv": [4, 4, 4.25, 6], "texture": "#1"},
				"west": {"uv": [5, 0, 5.25, 2], "texture": "#1"},
				"up": {"uv": [9.25, 3.25, 9, 3], "texture": "#1"},
				"down": {"uv": [4.25, 9, 4, 9.25], "texture": "#1"}
			}
		}
	],
	"display": {
		"thirdperson_righthand": {
			"rotation": [0, 180, 0],
			"translation": [5.75, 28, 0],
			"scale": [3, 3, 3]
		},
		"thirdperson_lefthand": {
			"rotation": [0, 180, 0],
			"translation": [-5.75, 28, 0],
			"scale": [3, 3, 3]
		},
		"firstperson_righthand": {
			"rotation": [0, -180, 0],
			"translation": [3.25, 18, 0],
			"scale": [2, 2, 2]
		},
		"firstperson_lefthand": {
			"rotation": [0, 180, 0],
			"translation": [-4.25, 18, 0],
			"scale": [2, 2, 2]
		},
		"ground": {
			"translation": [-4.75, 33.5, 2.5],
			"scale": [3, 3, 3]
		},
		"gui": {
			"rotation": [0, 90, 0],
			"translation": [1.5, 4.5, 0],
			"scale": [2, 2, 2]
		},
		"fixed": {
			"rotation": [0, 90, 0],
			"translation": [3, 7.25, 4.5],
			"scale": [3, 3, 3]
		}
	}
}